episode,timestamp,action,lm0_x,lm0_y,lm0_z,lm0_v,lm1_x,lm1_y,lm1_z,lm1_v,lm2_x,lm2_y,lm2_z,lm2_v,lm3_x,lm3_y,lm3_z,lm3_v,lm4_x,lm4_y,lm4_z,lm4_v,lm5_x,lm5_y,lm5_z,lm5_v,lm6_x,lm6_y,lm6_z,lm6_v,lm7_x,lm7_y,lm7_z,lm7_v,lm8_x,lm8_y,lm8_z,lm8_v,lm9_x,lm9_y,lm9_z,lm9_v,lm10_x,lm10_y,lm10_z,lm10_v,lm11_x,lm11_y,lm11_z,lm11_v
0,0.0000,raise_hand,0.19808,-0.49144,0.00436,0.99000,-0.20034,-0.50188,-0.00366,0.99000,0.22379,-0.20012,-0.00444,0.99000,-0.23482,-0.20693,-0.00152,0.99000,0.21930,0.06601,0.00016,0.99000,-0.21796,0.06636,0.00284,0.99000,0.12694,-0.00392,-0.00454,0.99000,-0.12582,0.00048,-0.00245,0.99000,0.12576,0.44954,-0.00341,0.99000,-0.12372,0.45197,0.00128,0.99000,0.12098,0.90440,0.01911,0.99000,-0.13185,0.90294,0.02026,0.99000
0,0.0500,raise_hand,0.19673,-0.51124,0.00256,0.99000,-0.19984,-0.49767,-0.00029,0.99000,0.22689,-0.19942,0.00543,0.99000,-0.23718,-0.19807,-0.00903,0.99000,0.21467,0.06508,-0.00227,0.99000,-0.22999,0.07211,0.00314,0.99000,0.13498,0.00072,-0.00369,0.99000,-0.12810,0.00404,-0.00219,0.99000,0.12529,0.44467,-0.00164,0.99000,-0.11923,0.45470,-0.00369,0.99000,0.12118,0.89615,0.02434,0.99000,-0.12409,0.89785,0.02413,0.99000
0,0.1000,raise_hand,0.19364,-0.50271,0.00217,0.99000,-0.19500,-0.50135,0.00630,0.99000,0.22493,-0.19797,0.00209,0.99000,-0.23535,-0.19265,-0.00030,0.99000,0.22016,0.07206,-0.00320,0.99000,-0.24392,0.06540,0.00092,0.99000,0.12470,0.00651,0.00153,0.99000,-0.12487,0.00590,-0.00358,0.99000,0.12692,0.44428,0.00259,0.99000,-0.12438,0.45130,0.00407,0.99000,0.11875,0.90183,0.02096,0.99000,-0.12771,0.90202,0.02125,0.99000
0,0.1500,raise_hand,0.20519,-0.49542,0.00667,0.99000,-0.20159,-0.50122,0.00026,0.99000,0.22992,-0.19510,0.00539,0.99000,-0.25584,-0.20849,-0.00094,0.99000,0.22031,0.06417,0.00515,0.99000,-0.25720,0.06384,-0.00128,0.99000,0.12727,0.00082,0.00126,0.99000,-0.13155,0.00625,0.00556,0.99000,0.12650,0.44961,-0.00178,0.99000,-0.12982,0.45122,0.00279,0.99000,0.12743,0.89691,0.02377,0.99000,-0.12943,0.89053,0.02173,0.99000
0,0.2000,raise_hand,0.20416,-0.49227,0.00062,0.99000,-0.19808,-0.50018,0.00211,0.99000,0.22799,-0.19843,0.00591,0.99000,-0.27592,-0.21509,0.00758,0.99000,0.21615,0.06294,-0.00263,0.99000,-0.29865,0.06460,0.00369,0.99000,0.12250,-0.00605,0.00236,0.99000,-0.12727,0.00252,-0.00117,0.99000,0.12162,0.45814,0.00417,0.99000,-0.12291,0.44158,-0.00165,0.99000,0.12597,0.89953,0.02460,0.99000,-0.12431,0.90517,0.02426,0.99000
0,0.2500,raise_hand,0.19513,-0.50427,-0.00046,0.99000,-0.20199,-0.49705,-0.00194,0.99000,0.22932,-0.19696,0.00095,0.99000,-0.29111,-0.21909,-0.00444,0.99000,0.21865,0.06301,0.00076,0.99000,-0.34014,0.05434,0.00029,0.99000,0.11983,-0.00293,0.00260,0.99000,-0.11652,-0.00692,0.00731,0.99000,0.12722,0.44925,0.00227,0.99000,-0.12770,0.44543,-0.00158,0.99000,0.12758,0.89793,0.02312,0.99000,-0.12525,0.90555,0.02849,0.99000
0,0.3000,raise_hand,0.19242,-0.49309,-0.00156,0.99000,-0.20414,-0.50414,-0.00587,0.99000,0.23550,-0.19676,0.00446,0.99000,-0.31770,-0.22803,-0.00272,0.99000,0.22288,0.06477,-0.01041,0.99000,-0.38711,0.04068,0.00313,0.99000,0.12625,0.01131,-0.00155,0.99000,-0.12488,-0.00237,-0.00252,0.99000,0.12575,0.44483,-0.00644,0.99000,-0.12712,0.44812,-0.00219,0.99000,0.12758,0.90303,0.02295,0.99000,-0.12208,0.89577,0.02150,0.99000
0,0.3500,raise_hand,0.19182,-0.49850,0.00876,0.99000,-0.19832,-0.49772,0.00405,0.99000,0.22845,-0.19816,0.00112,0.99000,-0.33882,-0.23617,-0.00142,0.99000,0.21469,0.07182,0.00493,0.99000,-0.43655,0.01872,-0.00426,0.99000,0.13269,-0.00111,0.00362,0.99000,-0.12989,-0.00631,-0.00643,0.99000,0.11722,0.45290,0.00699,0.99000,-0.12178,0.44834,0.00143,0.99000,0.11981,0.90150,0.02248,0.99000,-0.12574,0.89704,0.02404,0.99000
0,0.4000,raise_hand,0.20072,-0.49563,0.00192,0.99000,-0.20897,-0.49764,-0.00123,0.99000,0.22910,-0.19963,-0.00161,0.99000,-0.37473,-0.25362,0.00148,0.99000,0.21940,0.06858,0.00155,0.99000,-0.49818,-0.01022,0.00048,0.99000,0.12011,0.00284,-0.00198,0.99000,-0.12726,-0.00175,0.00631,0.99000,0.12418,0.44060,0.00462,0.99000,-0.12702,0.44804,-0.00224,0.99000,0.12864,0.88946,0.02560,0.99000,-0.12294,0.89619,0.02431,0.99000
0,0.4500,raise_hand,0.19911,-0.49869,0.00329,0.99000,-0.19861,-0.50088,-0.00098,0.99000,0.23476,-0.20628,-0.00066,0.99000,-0.39643,-0.27598,0.00527,0.99000,0.22289,0.05966,-0.00425,0.99000,-0.54408,-0.04341,-0.00425,0.99000,0.12516,-0.00139,-0.00143,0.99000,-0.12856,-0.00113,0.00090,0.99000,0.12073,0.45123,-0.00409,0.99000,-0.12996,0.44942,-0.00243,0.99000,0.12189,0.89965,0.01585,0.99000,-0.12622,0.90278,0.02732,0.99000
0,0.5000,raise_hand,0.19918,-0.50125,-0.00289,0.99000,-0.19605,-0.50749,-0.00793,0.99000,0.22714,-0.19777,0.00233,0.99000,-0.42655,-0.30158,0.00197,0.99000,0.21970,0.06982,-0.00026,0.99000,-0.59697,-0.09899,-0.00200,0.99000,0.12948,0.00124,0.00563,0.99000,-0.12308,-0.00223,0.00234,0.99000,0.12833,0.45388,-0.00269,0.99000,-0.11968,0.44069,-0.00518,0.99000,0.11947,0.89885,0.02644,0.99000,-0.12216,0.90290,0.01989,0.99000
0,0.5500,raise_hand,0.20190,-0.49886,0.00378,0.99000,-0.19635,-0.49321,-0.00281,0.99000,0.23573,-0.19701,0.00060,0.99000,-0.44879,-0.33111,0.00506,0.99000,0.21662,0.06499,-0.00008,0.99000,-0.65226,-0.14979,0.00443,0.99000,0.11895,-0.00186,-0.00531,0.99000,-0.12662,-0.00190,-0.00237,0.99000,0.12030,0.45832,0.00531,0.99000,-0.12512,0.45383,-0.00555,0.99000,0.12496,0.89994,0.02646,0.99000,-0.11584,0.89987,0.02354,0.99000
0,0.6000,raise_hand,0.20841,-0.49829,-0.00011,0.99000,-0.20365,-0.50323,-0.00094,0.99000,0.22404,-0.20720,0.00178,0.99000,-0.46379,-0.36203,-0.00148,0.99000,0.21004,0.06567,-0.00567,0.99000,-0.69338,-0.21439,-0.00568,0.99000,0.12436,-0.00099,0.00310,0.99000,-0.12666,0.00311,0.00018,0.99000,0.12578,0.44283,-0.00003,0.99000,-0.12194,0.44568,-0.00314,0.99000,0.12755,0.89493,0.02565,0.99000,-0.12900,0.90556,0.02418,0.99000
0,0.6500,raise_hand,0.19634,-0.50363,-0.00035,0.99000,-0.19680,-0.50187,0.00123,0.99000,0.22763,-0.20586,-0.00605,0.99000,-0.48567,-0.39868,-0.00295,0.99000,0.21579,0.06523,-0.00292,0.99000,-0.72907,-0.28255,0.00610,0.99000,0.13274,0.00346,0.00023,0.99000,-0.12265,-0.00310,0.00334,0.99000,0.12623,0.45568,0.00329,0.99000,-0.12317,0.45153,0.00032,0.99000,0.12544,0.90394,0.02093,0.99000,-0.12104,0.89764,0.01937,0.99000
0,0.7000,raise_hand,0.20443,-0.49534,-0.00026,0.99000,-0.20347,-0.49857,-0.00516,0.99000,0.22644,-0.20470,-0.00223,0.99000,-0.49072,-0.44116,-0.00197,0.99000,0.22521,0.06565,0.00007,0.99000,-0.75207,-0.35253,0.00100,0.99000,0.12135,-0.00018,0.00293,0.99000,-0.12725,-0.01030,0.00678,0.99000,0.12400,0.44799,0.00051,0.99000,-0.13098,0.45405,-0.00301,0.99000,0.13228,0.89992,0.02465,0.99000,-0.12835,0.90145,0.02119,0.99000
0,0.7500,raise_hand,0.19623,-0.50259,-0.00090,0.99000,-0.19980,-0.49389,-0.00275,0.99000,0.23162,-0.19899,0.00172,0.99000,-0.49801,-0.48224,0.00667,0.99000,0.21883,0.06745,0.00509,0.99000,-0.76072,-0.42261,0.00136,0.99000,0.12313,0.00327,0.00442,0.99000,-0.12328,0.00079,-0.00395,0.99000,0.12274,0.45204,-0.00624,0.99000,-0.12582,0.45582,-0.00193,0.99000,0.11379,0.89800,0.01005,0.99000,-0.12958,0.90026,0.02812,0.99000
0,0.8000,raise_hand,0.19971,-0.50118,0.00465,0.99000,-0.20152,-0.49337,0.00092,0.99000,0.22831,-0.20169,-0.00146,0.99000,-0.50639,-0.52153,0.00245,0.99000,0.21398,0.06987,-0.00562,0.99000,-0.76694,-0.49368,-0.00797,0.99000,0.12633,-0.00109,0.00156,0.99000,-0.12276,-0.00808,0.00130,0.99000,0.12429,0.44840,-0.00011,0.99000,-0.12882,0.44727,0.00031,0.99000,0.12279,0.89856,0.02749,0.99000,-0.12670,0.89647,0.02201,0.99000
0,0.8500,raise_hand,0.19390,-0.50733,-0.00339,0.99000,-0.19881,-0.50650,0.00017,0.99000,0.23171,-0.19910,0.00664,0.99000,-0.48875,-0.55012,-0.00319,0.99000,0.21368,0.06373,0.00108,0.99000,-0.76069,-0.56315,-0.00180,0.99000,0.12489,0.00245,0.00195,0.99000,-0.12322,-0.00473,0.00259,0.99000,0.12930,0.44987,0.00947,0.99000,-0.12671,0.45208,-0.00311,0.99000,0.11882,0.89638,0.01658,0.99000,-0.12029,0.89731,0.02409,0.99000
0,0.9000,raise_hand,0.19967,-0.50378,0.00937,0.99000,-0.20305,-0.50085,-0.00002,0.99000,0.22968,-0.20590,0.00050,0.99000,-0.48621,-0.59012,-0.00592,0.99000,0.21963,0.07361,-0.00089,0.99000,-0.75123,-0.63363,0.00005,0.99000,0.11979,0.00796,0.00799,0.99000,-0.12349,-0.00443,0.00624,0.99000,0.12822,0.45045,-0.00130,0.99000,-0.13202,0.44963,-0.00459,0.99000,0.13452,0.88922,0.02674,0.99000,-0.11488,0.89957,0.02316,0.99000
0,0.9500,raise_hand,0.19819,-0.49537,0.00201,0.99000,-0.19939,-0.50239,-0.00417,0.99000,0.22996,-0.19583,-0.00263,0.99000,-0.47746,-0.62500,-0.00652,0.99000,0.22321,0.06400,0.00352,0.99000,-0.73311,-0.70094,-0.00233,0.99000,0.12818,-0.00092,-0.00154,0.99000,-0.12325,0.00538,0.00217,0.99000,0.12689,0.45315,0.00128,0.99000,-0.12610,0.44711,0.00212,0.99000,0.11947,0.90254,0.02731,0.99000,-0.12850,0.89542,0.02460,0.99000
0,1.0000,raise_hand,0.20148,-0.50084,0.00089,0.99000,-0.19716,-0.49849,-0.00052,0.99000,0.22653,-0.19891,-0.00237,0.99000,-0.45921,-0.65429,-0.00336,0.99000,0.22045,0.06931,-0.00127,0.99000,-0.71274,-0.75923,-0.00056,0.99000,0.12090,-0.00390,-0.00039,0.99000,-0.12572,0.00541,-0.00489,0.99000,0.13132,0.45068,0.00619,0.99000,-0.12077,0.45818,0.01118,0.99000,0.11728,0.89886,0.02174,0.99000,-0.12940,0.89588,0.02887,0.99000
0,1.0500,raise_hand,0.19868,-0.49932,-0.00183,0.99000,-0.20347,-0.50375,-0.00028,0.99000,0.22941,-0.20280,0.00584,0.99000,-0.45100,-0.67240,-0.00434,0.99000,0.21875,0.06790,0.00372,0.99000,-0.68403,-0.79599,-0.00433,0.99000,0.11999,0.00355,0.00214,0.99000,-0.12308,-0.00364,-0.00327,0.99000,0.12473,0.45144,0.00455,0.99000,-0.11905,0.44898,-0.00155,0.99000,0.12562,0.89986,0.02136,0.99000,-0.11956,0.89467,0.02117,0.99000
0,1.1000,raise_hand,0.19401,-0.49953,-0.00336,0.99000,-0.20898,-0.50683,0.00019,0.99000,0.22850,-0.19933,0.00265,0.99000,-0.42669,-0.69864,0.00616,0.99000,0.21930,0.07112,-0.00510,0.99000,-0.65618,-0.83597,0.00466,0.99000,0.11876,-0.00290,-0.00212,0.99000,-0.12461,-0.00322,-0.00336,0.99000,0.12432,0.44583,-0.00092,0.99000,-0.12178,0.44371,-0.00100,0.99000,0.12356,0.89385,0.02783,0.99000,-0.12271,0.89724,0.02430,0.99000
0,1.1500,raise_hand,0.19354,-0.49869,0.00173,0.99000,-0.20395,-0.49738,0.00228,0.99000,0.22236,-0.19645,-0.00171,0.99000,-0.41511,-0.71557,0.00095,0.99000,0.21829,0.06998,-0.00349,0.99000,-0.62581,-0.86752,-0.00049,0.99000,0.12528,-0.00308,0.00210,0.99000,-0.12789,0.00276,0.00247,0.99000,0.12316,0.44970,-0.00553,0.99000,-0.13081,0.44724,-0.00023,0.99000,0.12482,0.89233,0.02944,0.99000,-0.12566,0.89649,0.02437,0.99000
0,1.2000,raise_hand,0.20485,-0.49958,-0.00141,0.99000,-0.19981,-0.49828,-0.00075,0.99000,0.22820,-0.20299,-0.00323,0.99000,-0.39496,-0.71590,-0.00230,0.99000,0.21878,0.06719,0.00682,0.99000,-0.61011,-0.89657,0.00002,0.99000,0.11970,0.00318,-0.00321,0.99000,-0.12652,0.00414,0.00529,0.99000,0.12137,0.45035,-0.00343,0.99000,-0.12487,0.45208,0.00405,0.99000,0.12787,0.90290,0.02298,0.99000,-0.11713,0.89720,0.02714,0.99000
0,1.2500,raise_hand,0.19851,-0.50111,0.00025,0.99000,-0.19474,-0.50030,-0.00818,0.99000,0.22744,-0.20937,-0.00314,0.99000,-0.39491,-0.73179,0.00093,0.99000,0.22705,0.07122,-0.00428,0.99000,-0.59315,-0.91225,-0.00462,0.99000,0.12988,0.00202,-0.00365,0.99000,-0.11673,-0.00017,-0.00018,0.99000,0.12716,0.44243,0.00102,0.99000,-0.13120,0.45289,0.00626,0.99000,0.12421,0.90380,0.02032,0.99000,-0.12927,0.90302,0.02176,0.99000
0,1.3000,raise_hand,0.19822,-0.49493,0.00075,0.99000,-0.20440,-0.50555,-0.00147,0.99000,0.22619,-0.20131,-0.00001,0.99000,-0.38118,-0.73140,-0.00144,0.99000,0.21764,0.07052,-0.00938,0.99000,-0.58191,-0.91935,-0.00082,0.99000,0.12056,0.00654,-0.00599,0.99000,-0.12751,-0.00173,0.00648,0.99000,0.12647,0.44686,-0.00114,0.99000,-0.11969,0.45108,0.00184,0.99000,0.12369,0.88743,0.02303,0.99000,-0.12359,0.89863,0.02740,0.99000
0,1.3500,raise_hand,0.19090,-0.49981,-0.00114,0.99000,-0.20450,-0.49348,-0.00041,0.99000,0.23215,-0.21359,-0.00355,0.99000,-0.38645,-0.73541,0.00248,0.99000,0.22194,0.06211,0.00171,0.99000,-0.57388,-0.92741,-0.00020,0.99000,0.12276,-0.00517,0.00300,0.99000,-0.12791,0.00038,0.00587,0.99000,0.12660,0.44622,-0.00409,0.99000,-0.13001,0.44808,-0.00037,0.99000,0.13157,0.89831,0.02711,0.99000,-0.11865,0.89388,0.02389,0.99000
0,1.4000,raise_hand,0.20357,-0.50174,-0.00514,0.99000,-0.19655,-0.49869,0.00579,0.99000,0.23541,-0.20854,-0.00468,0.99000,-0.38623,-0.74020,0.00591,0.99000,0.21349,0.06800,-0.00119,0.99000,-0.57813,-0.92572,0.00099,0.99000,0.12081,-0.00353,-0.00414,0.99000,-0.12457,-0.00466,-0.00141,0.99000,0.12488,0.45451,0.00269,0.99000,-0.12520,0.44785,-0.00062,0.99000,0.12011,0.90158,0.02098,0.99000,-0.13362,0.89185,0.01895,0.99000
0,1.4500,raise_hand,0.20150,-0.50203,0.00225,0.99000,-0.19818,-0.49812,-0.00558,0.99000,0.22949,-0.20177,-0.00447,0.99000,-0.38535,-0.73309,0.00157,0.99000,0.21203,0.07194,0.00307,0.99000,-0.57171,-0.92782,-0.00473,0.99000,0.11866,0.00074,-0.00178,0.99000,-0.12222,0.00170,-0.00364,0.99000,0.12212,0.44963,-0.00318,0.99000,-0.12407,0.44952,-0.00534,0.99000,0.11780,0.89434,0.02281,0.99000,-0.12954,0.89626,0.02373,0.99000
0,1.5000,raise_hand,0.19948,-0.50225,0.00379,0.99000,-0.20256,-0.50483,0.00409,0.99000,0.22788,-0.20303,0.00031,0.99000,-0.38720,-0.73113,-0.00078,0.99000,0.21423,0.06711,-0.00563,0.99000,-0.57798,-0.92168,0.00379,0.99000,0.12104,-0.00544,-0.00021,0.99000,-0.12442,-0.00243,0.00481,0.99000,0.12936,0.44847,-0.00042,0.99000,-0.12568,0.44884,-0.00716,0.99000,0.12547,0.89605,0.02591,0.99000,-0.13121,0.90251,0.02122,0.99000
0,1.5500,raise_hand,0.19623,-0.50082,-0.00410,0.99000,-0.20206,-0.50035,0.00128,0.99000,0.22601,-0.20553,-0.00360,0.99000,-0.38457,-0.74227,-0.00527,0.99000,0.21405,0.06703,-0.00141,0.99000,-0.57704,-0.92353,0.00566,0.99000,0.12466,-0.00172,0.00307,0.99000,-0.12052,0.00129,0.00559,0.99000,0.12228,0.45630,0.00274,0.99000,-0.13030,0.45007,0.00261,0.99000,0.12518,0.89513,0.02134,0.99000,-0.13346,0.90299,0.02486,0.99000
0,1.6000,raise_hand,0.19271,-0.50136,0.00263,0.99000,-0.20246,-0.50548,-0.00128,0.99000,0.23339,-0.20455,0.00130,0.99000,-0.38686,-0.73542,-0.00480,0.99000,0.22080,0.06605,0.00351,0.99000,-0.57950,-0.92058,-0.00377,0.99000,0.13031,-0.00483,0.00214,0.99000,-0.13002,0.00188,-0.00051,0.99000,0.11710,0.45164,0.00567,0.99000,-0.12206,0.44440,0.00239,0.99000,0.12187,0.90319,0.01759,0.99000,-0.12884,0.89911,0.02974,0.99000
0,1.6500,raise_hand,0.20741,-0.50061,0.00422,0.99000,-0.19954,-0.50302,0.00448,0.99000,0.24238,-0.20225,-0.00251,0.99000,-0.37565,-0.73392,0.00252,0.99000,0.22429,0.07022,-0.00476,0.99000,-0.58524,-0.92773,-0.00275,0.99000,0.12436,-0.00586,0.00253,0.99000,-0.12478,-0.00301,0.00132,0.99000,0.12798,0.45402,0.00430,0.99000,-0.11980,0.45274,-0.00303,0.99000,0.12324,0.89482,0.02376,0.99000,-0.12502,0.88808,0.01568,0.99000
0,1.7000,raise_hand,0.19874,-0.50425,0.00164,0.99000,-0.20187,-0.49940,0.00055,0.99000,0.23090,-0.20282,0.00322,0.99000,-0.38910,-0.73850,0.00035,0.99000,0.22147,0.06713,0.00478,0.99000,-0.57928,-0.92587,0.00526,0.99000,0.12497,-0.00350,0.00148,0.99000,-0.13084,-0.00010,-0.00025,0.99000,0.12438,0.44892,-0.00320,0.99000,-0.12886,0.45412,-0.00583,0.99000,0.12124,0.89962,0.02283,0.99000,-0.12277,0.90165,0.02234,0.99000
0,1.7500,raise_hand,0.20034,-0.50008,0.00023,0.99000,-0.20581,-0.50525,0.00301,0.99000,0.23164,-0.20220,-0.00495,0.99000,-0.37863,-0.73876,-0.00453,0.99000,0.21136,0.06766,0.00134,0.99000,-0.57960,-0.93016,0.00227,0.99000,0.11951,-0.00010,0.00073,0.99000,-0.12527,-0.00283,0.00034,0.99000,0.12480,0.44835,-0.00015,0.99000,-0.12809,0.45381,0.00476,0.99000,0.12739,0.89222,0.01694,0.99000,-0.12427,0.90008,0.02470,0.99000
0,1.8000,raise_hand,0.20411,-0.50136,0.00004,0.99000,-0.20219,-0.50244,0.00138,0.99000,0.24290,-0.19799,0.00008,0.99000,-0.38780,-0.74180,0.00205,0.99000,0.21775,0.07237,0.00439,0.99000,-0.58424,-0.92558,0.00290,0.99000,0.12302,-0.00185,0.00120,0.99000,-0.12413,-0.00209,-0.00190,0.99000,0.12365,0.45188,-0.00741,0.99000,-0.12377,0.45013,0.00063,0.99000,0.12295,0.90107,0.01689,0.99000,-0.12600,0.89257,0.01886,0.99000
0,1.8500,raise_hand,0.20234,-0.49381,-0.00255,0.99000,-0.19831,-0.50348,0.00193,0.99000,0.23604,-0.20301,0.00232,0.99000,-0.38635,-0.74033,-0.00874,0.99000,0.20876,0.06382,0.00746,0.99000,-0.58120,-0.92137,-0.00020,0.99000,0.12884,0.00780,0.00808,0.99000,-0.12357,0.00846,-0.00276,0.99000,0.11769,0.44991,0.00361,0.99000,-0.12512,0.45361,-0.00324,0.99000,0.12501,0.89629,0.01831,0.99000,-0.12444,0.90344,0.01936,0.99000
0,1.9000,raise_hand,0.20976,-0.49691,0.00111,0.99000,-0.19485,-0.50309,-0.00624,0.99000,0.22938,-0.20087,0.00178,0.99000,-0.38697,-0.73691,-0.00128,0.99000,0.21575,0.07510,-0.00051,0.99000,-0.57559,-0.92355,0.00455,0.99000,0.12549,0.00421,-0.00147,0.99000,-0.12887,0.00141,-0.00019,0.99000,0.11910,0.44650,0.00290,0.99000,-0.13466,0.45590,-0.00459,0.99000,0.12775,0.89991,0.01950,0.99000,-0.12760,0.89943,0.02183,0.99000
0,1.9500,raise_hand,0.20017,-0.50385,0.00297,0.99000,-0.19828,-0.49276,0.00120,0.99000,0.22670,-0.19940,-0.00433,0.99000,-0.39603,-0.73602,-0.00303,0.99000,0.22833,0.07322,0.00064,0.99000,-0.57241,-0.92863,0.00313,0.99000,0.13180,-0.00220,0.00745,0.99000,-0.11859,-0.00158,0.00329,0.99000,0.12774,0.45043,0.00647,0.99000,-0.12817,0.44655,-0.00882,0.99000,0.12469,0.89830,0.02262,0.99000,-0.12472,0.90351,0.02610,0.99000
0,2.0000,raise_hand,0.20256,-0.50061,-0.00166,0.99000,-0.20111,-0.49870,-0.00326,0.99000,0.23001,-0.20380,0.00403,0.99000,-0.38061,-0.73899,0.00167,0.99000,0.21850,0.07313,-0.00262,0.99000,-0.57186,-0.91951,0.00154,0.99000,0.12621,0.00150,0.00124,0.99000,-0.12211,0.00049,-0.00011,0.99000,0.12375,0.45023,-0.00252,0.99000,-0.12906,0.45366,-0.00318,0.99000,0.12293,0.89735,0.02512,0.99000,-0.12923,0.89814,0.02083,0.99000
0,2.0500,raise_hand,0.20177,-0.49944,0.00014,0.99000,-0.20019,-0.49672,-0.00208,0.99000,0.22996,-0.20161,0.00003,0.99000,-0.37892,-0.74048,-0.00546,0.99000,0.22080,0.07019,-0.00132,0.99000,-0.57386,-0.91952,-0.00052,0.99000,0.12869,0.00035,-0.00364,0.99000,-0.12566,0.00219,-0.00075,0.99000,0.12187,0.45424,-0.00089,0.99000,-0.12646,0.45253,-0.00511,0.99000,0.12207,0.89333,0.02600,0.99000,-0.12173,0.89840,0.02554,0.99000
0,2.1000,raise_hand,0.20104,-0.49488,-0.00182,0.99000,-0.19319,-0.49640,-0.00435,0.99000,0.22407,-0.19993,-0.00310,0.99000,-0.37755,-0.73936,-0.00384,0.99000,0.22106,0.06908,-0.00296,0.99000,-0.57705,-0.92371,-0.00182,0.99000,0.12644,-0.00160,-0.00616,0.99000,-0.12607,-0.00263,0.00405,0.99000,0.12043,0.44886,-0.00611,0.99000,-0.12483,0.45080,0.00069,0.99000,0.12605,0.90418,0.01987,0.99000,-0.12239,0.90380,0.02873,0.99000
0,2.1500,raise_hand,0.20224,-0.49804,-0.00347,0.99000,-0.19534,-0.49262,0.00176,0.99000,0.22831,-0.20077,-0.00705,0.99000,-0.38383,-0.73431,0.00047,0.99000,0.21560,0.06245,-0.00077,0.99000,-0.58262,-0.92536,-0.00753,0.99000,0.12721,0.00274,-0.00878,0.99000,-0.12669,-0.00225,-0.00439,0.99000,0.12186,0.44983,0.00269,0.99000,-0.12742,0.44735,-0.00464,0.99000,0.12628,0.89483,0.02557,0.99000,-0.13106,0.90260,0.02575,0.99000
0,2.2000,raise_hand,0.20662,-0.49466,0.00135,0.99000,-0.20029,-0.50377,-0.00262,0.99000,0.22209,-0.20206,-0.00502,0.99000,-0.38281,-0.73502,0.00427,0.99000,0.21726,0.07411,-0.00070,0.99000,-0.58823,-0.92399,0.00198,0.99000,0.12356,0.00637,0.00023,0.99000,-0.12987,0.00393,-0.00142,0.99000,0.12113,0.44960,-0.00358,0.99000,-0.12484,0.45238,0.00578,0.99000,0.13287,0.89982,0.03142,0.99000,-0.12914,0.90098,0.02062,0.99000
0,2.2500,raise_hand,0.19600,-0.50457,-0.00094,0.99000,-0.19595,-0.50020,-0.00100,0.99000,0.23976,-0.20652,-0.00746,0.99000,-0.37787,-0.73135,0.00510,0.99000,0.22535,0.07061,0.00625,0.99000,-0.57529,-0.92538,-0.00458,0.99000,0.13287,0.01060,0.00461,0.99000,-0.12777,0.00428,-0.00167,0.99000,0.12223,0.44907,-0.00376,0.99000,-0.12733,0.45205,0.00108,0.99000,0.12680,0.90219,0.02188,0.99000,-0.12457,0.89701,0.01990,0.99000
0,2.3000,raise_hand,0.19674,-0.49981,0.00621,0.99000,-0.19232,-0.49841,-0.00350,0.99000,0.22684,-0.20615,0.00530,0.99000,-0.38062,-0.72902,0.00604,0.99000,0.21409,0.07021,0.00136,0.99000,-0.58552,-0.92339,-0.00518,0.99000,0.12376,-0.00075,0.00350,0.99000,-0.12584,-0.00673,-0.00587,0.99000,0.12625,0.44978,0.00056,0.99000,-0.12619,0.45519,0.00051,0.99000,0.12640,0.90643,0.01861,0.99000,-0.12665,0.89297,0.02579,0.99000
0,2.3500,raise_hand,0.20113,-0.49827,-0.00103,0.99000,-0.20022,-0.50495,0.00251,0.99000,0.22471,-0.20095,0.00153,0.99000,-0.38426,-0.74129,0.00675,0.99000,0.22484,0.06689,0.00362,0.99000,-0.57697,-0.92724,-0.00116,0.99000,0.13150,-0.00699,0.00152,0.99000,-0.13012,0.00250,0.00690,0.99000,0.12843,0.44843,-0.00632,0.99000,-0.12431,0.44764,0.00020,0.99000,0.12750,0.90247,0.02654,0.99000,-0.13057,0.89697,0.02270,0.99000
0,2.4000,raise_hand,0.20095,-0.49626,0.00738,0.99000,-0.19947,-0.50176,-0.00476,0.99000,0.23114,-0.20221,0.00070,0.99000,-0.38468,-0.73612,0.00218,0.99000,0.21801,0.07097,-0.00155,0.99000,-0.57767,-0.93081,-0.00026,0.99000,0.12449,-0.00497,-0.00713,0.99000,-0.11476,-0.00032,-0.00024,0.99000,0.12456,0.45295,0.00054,0.99000,-0.12305,0.45390,-0.00262,0.99000,0.12448,0.90609,0.02398,0.99000,-0.12800,0.89721,0.02767,0.99000
0,2.4500,raise_hand,0.19991,-0.50454,0.00215,0.99000,-0.20106,-0.50101,0.00781,0.99000,0.22771,-0.20027,0.00307,0.99000,-0.38504,-0.73561,-0.00103,0.99000,0.22065,0.07256,-0.00302,0.99000,-0.58319,-0.92383,-0.00743,0.99000,0.12635,-0.00159,0.00554,0.99000,-0.12045,-0.00280,-0.00054,0.99000,0.12197,0.44862,-0.00186,0.99000,-0.12808,0.45592,-0.00360,0.99000,0.12428,0.90400,0.02782,0.99000,-0.12177,0.89809,0.01558,0.99000
0,2.5000,raise_hand,0.19448,-0.49551,-0.00072,0.99000,-0.20172,-0.49502,-0.00210,0.99000,0.23050,-0.20341,0.00074,0.99000,-0.38441,-0.73941,-0.00178,0.99000,0.22029,0.06859,-0.00172,0.99000,-0.57419,-0.92020,-0.00339,0.99000,0.12689,0.00015,-0.00060,0.99000,-0.12283,-0.00304,0.00185,0.99000,0.12544,0.45045,-0.00003,0.99000,-0.12004,0.46008,0.00389,0.99000,0.12534,0.89715,0.02181,0.99000,-0.12415,0.89473,0.01829,0.99000
0,2.5500,raise_hand,0.20555,-0.50114,-0.00167,0.99000,-0.20317,-0.49388,0.00122,0.99000,0.22877,-0.19652,-0.00077,0.99000,-0.38296,-0.73450,-0.00227,0.99000,0.21567,0.06809,0.00253,0.99000,-0.57640,-0.92580,0.00232,0.99000,0.11722,0.00523,-0.00088,0.99000,-0.12092,0.00517,-0.00083,0.99000,0.12832,0.44894,-0.00283,0.99000,-0.12640,0.45219,0.00568,0.99000,0.12344,0.90112,0.02111,0.99000,-0.11691,0.89584,0.02399,0.99000
0,2.6000,raise_hand,0.19773,-0.50286,0.00421,0.99000,-0.20304,-0.49781,-0.00445,0.99000,0.23529,-0.20006,0.00471,0.99000,-0.38716,-0.73664,0.00127,0.99000,0.22140,0.06297,0.00782,0.99000,-0.57430,-0.92597,-0.00135,0.99000,0.13114,0.00095,-0.00231,0.99000,-0.12140,0.00303,0.00289,0.99000,0.12099,0.45291,0.00054,0.99000,-0.11907,0.45185,-0.00409,0.99000,0.12304,0.89595,0.02316,0.99000,-0.13100,0.90004,0.02428,0.99000
0,2.6500,raise_hand,0.20012,-0.50184,0.00010,0.99000,-0.19610,-0.50565,-0.00584,0.99000,0.23058,-0.20682,0.00744,0.99000,-0.38519,-0.73633,0.00328,0.99000,0.22037,0.06454,-0.00060,0.99000,-0.58044,-0.92252,0.00342,0.99000,0.12395,-0.00334,0.00380,0.99000,-0.12680,0.00146,-0.00371,0.99000,0.12920,0.45570,0.00241,0.99000,-0.11977,0.45288,-0.00533,0.99000,0.12544,0.89590,0.02170,0.99000,-0.12258,0.89766,0.02072,0.99000
0,2.7000,raise_hand,0.19846,-0.49931,-0.00134,0.99000,-0.19616,-0.50612,-0.00432,0.99000,0.23590,-0.20151,0.00371,0.99000,-0.38220,-0.73629,-0.00303,0.99000,0.21678,0.06763,0.00085,0.99000,-0.57867,-0.92607,-0.00253,0.99000,0.12383,-0.00006,0.00029,0.99000,-0.12881,-0.00574,0.00348,0.99000,0.12914,0.45310,-0.00310,0.99000,-0.12232,0.45035,0.00037,0.99000,0.11774,0.90609,0.02065,0.99000,-0.12017,0.89769,0.02870,0.99000
0,2.7500,raise_hand,0.19643,-0.50194,0.00152,0.99000,-0.20087,-0.49193,-0.00156,0.99000,0.23474,-0.19996,-0.00106,0.99000,-0.39658,-0.72451,-0.00270,0.99000,0.21983,0.07204,0.00073,0.99000,-0.60486,-0.89785,0.00369,0.99000,0.12443,0.01121,0.00624,0.99000,-0.12388,-0.00171,0.00269,0.99000,0.13019,0.45348,-0.00212,0.99000,-0.13262,0.45004,0.00560,0.99000,0.12856,0.89972,0.02163,0.99000,-0.12623,0.89909,0.01614,0.99000
0,2.8000,raise_hand,0.20064,-0.49724,-0.00253,0.99000,-0.20028,-0.49598,-0.00549,0.99000,0.23288,-0.20427,-0.00310,0.99000,-0.43165,-0.70096,-0.00305,0.99000,0.22083,0.06643,-0.00271,0.99000,-0.65847,-0.83802,0.00111,0.99000,0.13277,0.00270,-0.00380,0.99000,-0.12652,-0.00107,0.00970,0.99000,0.12272,0.44673,-0.00302,0.99000,-0.12427,0.44929,-0.00713,0.99000,0.12328,0.90243,0.02123,0.99000,-0.12542,0.89614,0.01314,0.99000
0,2.8500,raise_hand,0.19289,-0.49960,0.00262,0.99000,-0.20829,-0.50271,-0.00693,0.99000,0.22944,-0.19503,-0.00624,0.99000,-0.45764,-0.64848,0.00822,0.99000,0.21491,0.07673,-0.00012,0.99000,-0.70381,-0.74977,0.00223,0.99000,0.12711,-0.00011,-0.00530,0.99000,-0.12545,-0.00015,-0.00231,0.99000,0.12261,0.45272,-0.00391,0.99000,-0.12464,0.45325,0.00729,0.99000,0.12054,0.89948,0.02647,0.99000,-0.12478,0.90437,0.02124,0.99000
0,2.9000,raise_hand,0.18922,-0.50131,-0.00168,0.99000,-0.19038,-0.50018,0.00371,0.99000,0.23365,-0.21010,0.00041,0.99000,-0.49229,-0.59375,0.00167,0.99000,0.21794,0.07152,0.00424,0.99000,-0.75488,-0.63292,0.00383,0.99000,0.11636,-0.00733,-0.00381,0.99000,-0.12540,-0.00381,0.00455,0.99000,0.12645,0.44926,0.00031,0.99000,-0.11764,0.44542,-0.00435,0.99000,0.12560,0.90234,0.01981,0.99000,-0.12764,0.89689,0.02976,0.99000
0,2.9500,raise_hand,0.20236,-0.50352,0.00254,0.99000,-0.20236,-0.49364,-0.00161,0.99000,0.22970,-0.20262,0.00871,0.99000,-0.49910,-0.52005,-0.00084,0.99000,0.22195,0.06733,0.00051,0.99000,-0.77534,-0.50051,0.00394,0.99000,0.12000,0.00209,-0.00282,0.99000,-0.12828,0.00426,-0.00571,0.99000,0.12245,0.45101,-0.00015,0.99000,-0.11882,0.44505,0.00532,0.99000,0.12051,0.90255,0.02369,0.99000,-0.12889,0.89499,0.02493,0.99000
0,3.0000,raise_hand,0.20675,-0.49440,-0.00150,0.99000,-0.20482,-0.49676,0.00697,0.99000,0.22532,-0.20789,-0.00058,0.99000,-0.50255,-0.44104,0.00916,0.99000,0.22220,0.07452,-0.00474,0.99000,-0.73859,-0.34645,0.00459,0.99000,0.12384,-0.00775,-0.00267,0.99000,-0.12166,-0.00563,-0.00424,0.99000,0.12016,0.44953,-0.00012,0.99000,-0.12191,0.45211,-0.00372,0.99000,0.12070,0.90182,0.02176,0.99000,-0.11986,0.90355,0.01709,0.99000
0,3.0500,raise_hand,0.20531,-0.49555,0.00590,0.99000,-0.19721,-0.50233,-0.00040,0.99000,0.23205,-0.19719,-0.00266,0.99000,-0.46520,-0.36216,0.00170,0.99000,0.21977,0.07138,0.00142,0.99000,-0.68364,-0.20998,-0.00136,0.99000,0.12709,0.00568,0.00075,0.99000,-0.12206,0.00774,-0.00513,0.99000,0.12789,0.44846,-0.00542,0.99000,-0.12292,0.44481,0.00049,0.99000,0.12821,0.90536,0.02306,0.99000,-0.11875,0.89532,0.02745,0.99000
0,3.1000,raise_hand,0.20184,-0.49713,0.00570,0.99000,-0.20294,-0.50008,0.00218,0.99000,0.22868,-0.19686,-0.00017,0.99000,-0.42922,-0.29726,0.00599,0.99000,0.21936,0.06770,0.00090,0.99000,-0.60300,-0.09433,-0.00440,0.99000,0.12077,0.00057,-0.00289,0.99000,-0.12612,0.00089,-0.00048,0.99000,0.11978,0.44928,-0.00139,0.99000,-0.11834,0.44606,0.00402,0.99000,0.12853,0.89097,0.02489,0.99000,-0.12651,0.90096,0.02405,0.99000
0,3.1500,raise_hand,0.20029,-0.50244,-0.00546,0.99000,-0.19727,-0.49894,-0.00236,0.99000,0.22754,-0.20362,0.00041,0.99000,-0.36544,-0.24984,-0.00259,0.99000,0.21679,0.06899,-0.00256,0.99000,-0.49640,-0.01037,0.01111,0.99000,0.12073,-0.00123,0.00198,0.99000,-0.12825,0.00021,0.00304,0.99000,0.12580,0.44955,-0.00799,0.99000,-0.12680,0.45390,0.00535,0.99000,0.12802,0.90506,0.02055,0.99000,-0.13231,0.90935,0.02604,0.99000
0,3.2000,raise_hand,0.20334,-0.50366,0.00251,0.99000,-0.20445,-0.49631,-0.00107,0.99000,0.22621,-0.20171,0.00170,0.99000,-0.31312,-0.23047,-0.00106,0.99000,0.21643,0.06593,0.00008,0.99000,-0.39042,0.03027,0.00228,0.99000,0.12789,0.00058,-0.00211,0.99000,-0.12408,-0.00114,0.00440,0.99000,0.13429,0.44516,0.00774,0.99000,-0.13285,0.44613,0.00587,0.99000,0.13075,0.89909,0.02858,0.99000,-0.12783,0.89480,0.02695,0.99000
0,3.2500,raise_hand,0.20881,-0.50274,-0.00557,0.99000,-0.19773,-0.49072,0.00221,0.99000,0.22698,-0.19385,0.00087,0.99000,-0.27532,-0.20472,-0.00353,0.99000,0.21898,0.07101,-0.00188,0.99000,-0.30178,0.05802,-0.00291,0.99000,0.12743,-0.00872,-0.00228,0.99000,-0.12051,0.00108,-0.00484,0.99000,0.12387,0.44950,0.00634,0.99000,-0.12589,0.44663,-0.00442,0.99000,0.11810,0.89830,0.02274,0.99000,-0.12140,0.90254,0.02331,0.99000
0,3.3000,raise_hand,0.19757,-0.49660,0.00546,0.99000,-0.20624,-0.49323,-0.00303,0.99000,0.22686,-0.20273,-0.00108,0.99000,-0.24192,-0.19550,-0.00092,0.99000,0.22235,0.06606,-0.00285,0.99000,-0.23714,0.06218,0.00149,0.99000,0.12290,0.00599,-0.00309,0.99000,-0.11933,-0.00293,0.00111,0.99000,0.12843,0.45454,-0.00660,0.99000,-0.12287,0.44765,0.00408,0.99000,0.12319,0.90604,0.02558,0.99000,-0.12580,0.89780,0.01591,0.99000
0,3.3500,raise_hand,0.20030,-0.49591,0.00704,0.99000,-0.20232,-0.50219,0.00268,0.99000,0.23190,-0.20140,-0.00012,0.99000,-0.22404,-0.19818,-0.00160,0.99000,0.22032,0.06660,0.00516,0.99000,-0.21318,0.07124,0.00124,0.99000,0.12137,-0.00695,-0.00021,0.99000,-0.12336,-0.00371,0.00460,0.99000,0.12394,0.44864,0.00062,0.99000,-0.12415,0.45353,0.00181,0.99000,0.12670,0.89071,0.02483,0.99000,-0.12451,0.90466,0.02092,0.99000
1,0.0000,raise_hand,0.20414,-0.49334,0.00272,0.99000,-0.19807,-0.49685,-0.00036,0.99000,0.23352,-0.19942,0.00579,0.99000,-0.22619,-0.19616,0.00048,0.99000,0.22648,0.07279,0.00451,0.99000,-0.22587,0.06119,-0.00165,0.99000,0.13317,0.00495,0.00299,0.99000,-0.12815,-0.00458,-0.00369,0.99000,0.12851,0.45245,0.00189,0.99000,-0.12579,0.44620,-0.00234,0.99000,0.12838,0.89981,0.02896,0.99000,-0.12044,0.88856,0.02100,0.99000
1,0.0500,raise_hand,0.20741,-0.50142,-0.00827,0.99000,-0.20835,-0.49567,0.00488,0.99000,0.23004,-0.20340,0.00531,0.99000,-0.23253,-0.19702,-0.00610,0.99000,0.22165,0.06823,-0.00287,0.99000,-0.22136,0.06770,-0.00408,0.99000,0.11629,-0.00621,-0.00279,0.99000,-0.12524,-0.00060,0.00355,0.99000,0.12280,0.45289,-0.00056,0.99000,-0.12903,0.44538,0.00145,0.99000,0.12620,0.90749,0.02167,0.99000,-0.12664,0.89641,0.02329,0.99000
1,0.1000,raise_hand,0.19328,-0.49578,-0.00271,0.99000,-0.20854,-0.49246,0.00492,0.99000,0.22375,-0.20776,-0.00183,0.99000,-0.23633,-0.20275,-0.00251,0.99000,0.21326,0.07157,0.00994,0.99000,-0.22658,0.06065,0.00529,0.99000,0.11943,0.00415,-0.00522,0.99000,-0.12755,0.00173,0.00048,0.99000,0.13048,0.44540,0.00107,0.99000,-0.12399,0.45317,0.00432,0.99000,0.12267,0.90217,0.02219,0.99000,-0.12168,0.89894,0.02352,0.99000
1,0.1500,raise_hand,0.19955,-0.49572,-0.00058,0.99000,-0.20222,-0.49548,-0.00322,0.99000,0.23339,-0.20000,-0.00172,0.99000,-0.24217,-0.20593,-0.00448,0.99000,0.22206,0.06156,0.00318,0.99000,-0.25021,0.06102,0.00262,0.99000,0.11891,0.00959,-0.00090,0.99000,-0.12723,0.00692,0.00095,0.99000,0.12793,0.45085,-0.00419,0.99000,-0.12725,0.45050,-0.00658,0.99000,0.12183,0.90164,0.01357,0.99000,-0.12642,0.89538,0.02719,0.99000
1,0.2000,raise_hand,0.19671,-0.49731,0.00378,0.99000,-0.19625,-0.50421,0.00082,0.99000,0.23003,-0.19293,-0.00606,0.99000,-0.25983,-0.19963,0.00100,0.99000,0.21981,0.06359,0.00506,0.99000,-0.26986,0.06227,0.00493,0.99000,0.11942,-0.00609,-0.00359,0.99000,-0.11731,0.00082,0.00060,0.99000,0.12669,0.45145,0.00699,0.99000,-0.12904,0.45150,-0.00086,0.99000,0.11827,0.89323,0.02213,0.99000,-0.11288,0.89861,0.01945,0.99000
1,0.2500,raise_hand,0.19487,-0.49159,0.00533,0.99000,-0.19559,-0.49185,0.00341,0.99000,0.22971,-0.20080,0.00164,0.99000,-0.26622,-0.20681,-0.00397,0.99000,0.22001,0.06939,0.00921,0.99000,-0.29526,0.06172,-0.00215,0.99000,0.12839,-0.00071,0.00124,0.99000,-0.12120,-0.01090,0.00625,0.99000,0.13035,0.44751,0.00272,0.99000,-0.11975,0.44492,-0.00115,0.99000,0.12916,0.89751,0.01409,0.99000,-0.12551,0.90218,0.01672,0.99000
1,0.3000,raise_hand,0.19784,-0.49909,-0.00335,0.99000,-0.19572,-0.50026,0.00282,0.99000,0.22736,-0.19785,-0.00522,0.99000,-0.29480,-0.21921,-0.00487,0.99000,0.22218,0.06312,0.00744,0.99000,-0.33366,0.04969,-0.00607,0.99000,0.12019,-0.00300,-0.00419,0.99000,-0.12487,-0.00465,-0.00480,0.99000,0.13041,0.45347,-0.00003,0.99000,-0.13192,0.44664,-0.00167,0.99000,0.12672,0.89114,0.01481,0.99000,-0.13131,0.89252,0.01854,0.99000
1,0.3500,raise_hand,0.20124,-0.50731,-0.01064,0.99000,-0.19888,-0.49974,0.00138,0.99000,0.22896,-0.20481,0.00331,0.99000,-0.30738,-0.21778,-0.00423,0.99000,0.21297,0.06939,0.00631,0.99000,-0.36756,0.04667,0.00209,0.99000,0.12137,-0.00406,0.00125,0.99000,-0.12358,0.00545,-0.00309,0.99000,0.12550,0.45692,-0.00055,0.99000,-0.12503,0.44506,-0.00516,0.99000,0.12411,0.90323,0.02965,0.99000,-0.12534,0.89557,0.02426,0.99000
1,0.4000,raise_hand,0.19390,-0.49626,-0.00157,0.99000,-0.19414,-0.50365,-0.00046,0.99000,0.22823,-0.20230,0.00031,0.99000,-0.32869,-0.22393,0.00192,0.99000,0.21035,0.07361,0.00468,0.99000,-0.40336,0.03056,0.00040,0.99000,0.12375,-0.00070,0.00189,0.99000,-0.12013,0.00384,0.00200,0.99000,0.12589,0.45067,0.00321,0.99000,-0.12362,0.45078,-0.00071,0.99000,0.12485,0.89550,0.01414,0.99000,-0.12098,0.90006,0.01660,0.99000
1,0.4500,raise_hand,0.19860,-0.50058,-0.00587,0.99000,-0.19574,-0.50534,0.00083,0.99000,0.23092,-0.20389,0.00223,0.99000,-0.34772,-0.24574,0.00737,0.99000,0.21773,0.06548,0.00403,0.99000,-0.44808,0.00331,-0.00639,0.99000,0.12976,-0.00132,0.00255,0.99000,-0.13078,0.00122,-0.00342,0.99000,0.13136,0.44932,-0.00475,0.99000,-0.12534,0.45332,0.00127,0.99000,0.12561,0.89673,0.02637,0.99000,-0.13129,0.90321,0.01999,0.99000
1,0.5000,raise_hand,0.20181,-0.49658,0.00283,0.99000,-0.19788,-0.50384,-0.00107,0.99000,0.23271,-0.20130,0.00163,0.99000,-0.36741,-0.24731,-0.00163,0.99000,0.21987,0.07564,0.00410,0.99000,-0.47990,-0.01493,-0.00355,0.99000,0.11727,0.00336,-0.00099,0.99000,-0.12296,0.00384,0.00501,0.99000,0.12474,0.45199,0.00304,0.99000,-0.13312,0.44802,-0.00233,0.99000,0.12827,0.89457,0.02729,0.99000,-0.12477,0.90313,0.02452,0.99000
1,0.5500,raise_hand,0.19737,-0.50174,-0.00055,0.99000,-0.20429,-0.49740,0.00137,0.99000,0.23063,-0.20152,-0.00248,0.99000,-0.39150,-0.27426,-0.00139,0.99000,0.21964,0.07048,-0.00493,0.99000,-0.53101,-0.03590,0.00058,0.99000,0.12443,0.00551,0.00004,0.99000,-0.11775,0.00215,-0.00341,0.99000,0.13170,0.45510,-0.00794,0.99000,-0.12804,0.45021,0.00222,0.99000,0.12218,0.90599,0.02185,0.99000,-0.12915,0.90517,0.01823,0.99000
1,0.6000,raise_hand,0.19336,-0.50410,0.00045,0.99000,-0.20130,-0.49284,0.00462,0.99000,0.22981,-0.19462,-0.00266,0.99000,-0.41884,-0.27661,0.00469,0.99000,0.21567,0.06870,-0.00551,0.99000,-0.58095,-0.07206,-0.00226,0.99000,0.12650,-0.00186,0.00613,0.99000,-0.12996,-0.00452,-0.00017,0.99000,0.12399,0.44720,0.00452,0.99000,-0.11705,0.45170,0.00252,0.99000,0.11655,0.89534,0.02210,0.99000,-0.12491,0.90238,0.02368,0.99000
1,0.6500,raise_hand,0.20250,-0.50339,0.00643,0.99000,-0.19756,-0.50785,-0.00370,0.99000,0.23278,-0.20279,-0.00178,0.99000,-0.43418,-0.31647,-0.00044,0.99000,0.21840,0.07207,0.00800,0.99000,-0.61807,-0.11290,-0.00059,0.99000,0.12483,0.00543,0.00277,0.99000,-0.13050,0.00112,0.00299,0.99000,0.12531,0.45329,-0.00617,0.99000,-0.12292,0.44549,-0.00181,0.99000,0.12276,0.90460,0.01836,0.99000,-0.12427,0.89533,0.01564,0.99000
1,0.7000,raise_hand,0.19863,-0.49900,0.00155,0.99000,-0.20118,-0.49875,0.00321,0.99000,0.22856,-0.20564,-0.00496,0.99000,-0.45660,-0.33858,0.00162,0.99000,0.22543,0.06777,-0.00119,0.99000,-0.65628,-0.15585,0.00027,0.99000,0.11838,-0.00287,-0.00737,0.99000,-0.11853,-0.00275,-0.00890,0.99000,0.12249,0.45231,0.00038,0.99000,-0.12852,0.44651,0.00195,0.99000,0.12699,0.89124,0.03134,0.99000,-0.12351,0.90055,0.01847,0.99000
1,0.7500,raise_hand,0.19210,-0.50870,-0.00423,0.99000,-0.20553,-0.49736,-0.00058,0.99000,0.23150,-0.20335,-0.00098,0.99000,-0.46624,-0.36778,0.00695,0.99000,0.21746,0.06918,-0.00128,0.99000,-0.69068,-0.21007,-0.00473,0.99000,0.12444,0.00133,-0.00327,0.99000,-0.12612,-0.00348,-0.00478,0.99000,0.11794,0.45219,0.00381,0.99000,-0.13050,0.44521,0.00813,0.99000,0.12838,0.89891,0.02610,0.99000,-0.12261,0.89997,0.02665,0.99000
1,0.8000,raise_hand,0.20265,-0.49803,0.00170,0.99000,-0.20042,-0.49268,0.00065,0.99000,0.23324,-0.20079,0.00268,0.99000,-0.48596,-0.38695,0.00449,0.99000,0.21921,0.07010,0.00378,0.99000,-0.70945,-0.26598,-0.00024,0.99000,0.12730,0.00014,0.00014,0.99000,-0.12153,0.00519,0.00115,0.99000,0.12586,0.45238,0.00276,0.99000,-0.12647,0.45158,-0.00339,0.99000,0.12770,0.90217,0.02382,0.99000,-0.11756,0.89161,0.01851,0.99000
1,0.8500,raise_hand,0.19358,-0.49532,-0.00620,0.99000,-0.19427,-0.50054,-0.00726,0.99000,0.22709,-0.19913,0.00422,0.99000,-0.49128,-0.42468,-0.00593,0.99000,0.22576,0.06681,-0.00681,0.99000,-0.73561,-0.30864,0.00132,0.99000,0.11973,-0.00228,-0.00734,0.99000,-0.12766,0.00145,0.00220,0.99000,0.12172,0.44520,0.00291,0.99000,-0.12497,0.45253,-0.00653,0.99000,0.12107,0.89858,0.01858,0.99000,-0.12821,0.89899,0.01698,0.99000
1,0.9000,raise_hand,0.20667,-0.50296,0.00507,0.99000,-0.20228,-0.50221,0.00029,0.99000,0.23243,-0.20595,-0.00143,0.99000,-0.48674,-0.44900,-0.00003,0.99000,0.21471,0.07230,-0.00323,0.99000,-0.75351,-0.36763,0.00234,0.99000,0.12764,0.00447,-0.00858,0.99000,-0.12136,0.00158,-0.00470,0.99000,0.12687,0.44694,-0.00484,0.99000,-0.12346,0.45690,-0.00290,0.99000,0.11913,0.90190,0.02157,0.99000,-0.12530,0.90102,0.01958,0.99000
1,0.9500,raise_hand,0.20743,-0.49338,-0.00235,0.99000,-0.19179,-0.49831,-0.00760,0.99000,0.23369,-0.19903,-0.00388,0.99000,-0.49170,-0.48791,0.00548,0.99000,0.22117,0.06967,-0.00019,0.99000,-0.76902,-0.42848,-0.00109,0.99000,0.11819,0.00139,0.00533,0.99000,-0.11079,0.00007,-0.00537,0.99000,0.12581,0.44634,-0.00488,0.99000,-0.12018,0.44684,0.00089,0.99000,0.11598,0.89807,0.02375,0.99000,-0.12796,0.89657,0.02636,0.99000
1,1.0000,raise_hand,0.19814,-0.49423,-0.00454,0.99000,-0.19932,-0.50111,-0.00493,0.99000,0.23612,-0.19806,0.00885,0.99000,-0.50701,-0.51288,0.00198,0.99000,0.21484,0.07510,-0.00151,0.99000,-0.76134,-0.49698,0.00332,0.99000,0.12092,-0.00109,0.00246,0.99000,-0.13172,0.00417,0.00153,0.99000,0.12258,0.45796,0.00714,0.99000,-0.12562,0.44132,0.00342,0.99000,0.12404,0.90077,0.02172,0.99000,-0.12980,0.89508,0.03152,0.99000
1,1.0500,raise_hand,0.20497,-0.50464,0.00355,0.99000,-0.20331,-0.50162,0.00144,0.99000,0.22445,-0.20437,-0.00625,0.99000,-0.49728,-0.54279,-0.00028,0.99000,0.21166,0.07053,-0.00068,0.99000,-0.77275,-0.55644,0.00017,0.99000,0.12488,-0.00380,-0.00219,0.99000,-0.12709,0.00457,-0.00060,0.99000,0.12158,0.44637,-0.01247,0.99000,-0.12810,0.44764,0.00325,0.99000,0.12136,0.90551,0.02386,0.99000,-0.11956,0.90021,0.01693,0.99000
1,1.1000,raise_hand,0.20100,-0.49860,-0.00322,0.99000,-0.20043,-0.50014,0.00201,0.99000,0.22635,-0.20852,0.00276,0.99000,-0.48564,-0.56727,-0.00351,0.99000,0.22406,0.06759,0.00303,0.99000,-0.75337,-0.60145,-0.00436,0.99000,0.12429,0.00020,0.01071,0.99000,-0.12609,0.00282,-0.00469,0.99000,0.12803,0.45860,0.00535,0.99000,-0.13067,0.45349,0.00129,0.99000,0.12196,0.90636,0.01680,0.99000,-0.12646,0.89723,0.01832,0.99000
1,1.1500,raise_hand,0.19978,-0.49852,0.00319,0.99000,-0.19946,-0.50740,-0.00279,0.99000,0.23078,-0.19849,-0.00140,0.99000,-0.48394,-0.60485,0.00624,0.99000,0.21678,0.06805,0.00488,0.99000,-0.74926,-0.65734,0.00448,0.99000,0.12443,-0.00243,0.00088,0.99000,-0.12672,-0.00339,0.00296,0.99000,0.13251,0.45573,-0.00272,0.99000,-0.12313,0.45054,0.00219,0.99000,0.12445,0.90091,0.02373,0.99000,-0.12107,0.90309,0.02615,0.99000
1,1.2000,raise_hand,0.19292,-0.50375,-0.00675,0.99000,-0.20297,-0.49699,-0.00289,0.99000,0.22627,-0.20439,-0.00107,0.99000,-0.47859,-0.62290,0.00097,0.99000,0.21436,0.06415,0.00217,0.99000,-0.73205,-0.69667,0.00545,0.99000,0.12406,-0.00003,-0.00241,0.99000,-0.12571,0.00423,0.00817,0.99000,0.12443,0.45451,-0.00105,0.99000,-0.13180,0.44904,-0.00192,0.99000,0.12541,0.90550,0.01610,0.99000,-0.12150,0.90283,0.02012,0.99000
1,1.2500,raise_hand,0.19690,-0.50397,0.00458,0.99000,-0.19880,-0.50654,0.00583,0.99000,0.23230,-0.20526,0.00002,0.99000,-0.46235,-0.64553,-0.00111,0.99000,0.21437,0.06720,0.00586,0.99000,-0.71431,-0.74915,-0.00580,0.99000,0.12250,0.00096,0.00432,0.99000,-0.12421,0.00071,0.00648,0.99000,0.12845,0.44431,-0.00251,0.99000,-0.12685,0.44624,-0.00407,0.99000,0.12726,0.89601,0.02045,0.99000,-0.12765,0.90159,0.01959,0.99000
1,1.3000,raise_hand,0.20307,-0.50433,-0.00469,0.99000,-0.19712,-0.49386,-0.00228,0.99000,0.22986,-0.20267,0.00606,0.99000,-0.44691,-0.66047,-0.00145,0.99000,0.20812,0.06541,-0.00060,0.99000,-0.69264,-0.78547,0.00067,0.99000,0.12532,0.00579,-0.00154,0.99000,-0.12882,-0.00177,0.00418,0.99000,0.12738,0.44790,-0.00630,0.99000,-0.12005,0.44100,0.00059,0.99000,0.12498,0.90718,0.02700,0.99000,-0.12041,0.89853,0.02034,0.99000
1,1.3500,raise_hand,0.20062,-0.49668,0.00758,0.99000,-0.19846,-0.49739,0.00540,0.99000,0.23131,-0.20587,-0.00192,0.99000,-0.44344,-0.68234,0.00247,0.99000,0.21673,0.06681,-0.00285,0.99000,-0.67314,-0.81737,-0.00324,0.99000,0.12254,-0.00137,0.00344,0.99000,-0.12309,-0.00199,-0.00148,0.99000,0.12527,0.45441,-0.00260,0.99000,-0.12407,0.44370,-0.00312,0.99000,0.12393,0.90091,0.01919,0.99000,-0.12773,0.89747,0.02285,0.99000
1,1.4000,raise_hand,0.19937,-0.50046,0.00048,0.99000,-0.19491,-0.49849,0.00492,0.99000,0.22995,-0.20297,-0.00228,0.99000,-0.42747,-0.69377,-0.00585,0.99000,0.21322,0.06501,0.00237,0.99000,-0.65373,-0.84054,-0.00043,0.99000,0.12128,-0.00719,-0.00016,0.99000,-0.12570,0.00831,0.00283,0.99000,0.12268,0.44725,0.00196,0.99000,-0.12284,0.45077,0.00405,0.99000,0.11989,0.89723,0.02127,0.99000,-0.12913,0.89933,0.02073,0.99000
1,1.4500,raise_hand,0.20543,-0.50998,0.00154,0.99000,-0.20135,-0.50051,0.00736,0.99000,0.23340,-0.19847,0.00430,0.99000,-0.41660,-0.70763,-0.00172,0.99000,0.22213,0.06747,0.00049,0.99000,-0.62495,-0.87502,0.00383,0.99000,0.12919,-0.00539,0.00329,0.99000,-0.12761,-0.00736,-0.00202,0.99000,0.12689,0.44981,0.00647,0.99000,-0.12616,0.44353,0.00260,0.99000,0.12483,0.89567,0.01727,0.99000,-0.12376,0.90400,0.02213,0.99000
1,1.5000,raise_hand,0.19453,-0.49889,0.00290,0.99000,-0.19133,-0.49746,0.00230,0.99000,0.22890,-0.20310,0.00230,0.99000,-0.39732,-0.71968,0.00714,0.99000,0.21774,0.07591,-0.00657,0.99000,-0.60833,-0.89233,-0.00119,0.99000,0.12700,-0.00798,0.00409,0.99000,-0.13187,-0.00371,-0.00012,0.99000,0.12419,0.45377,-0.00648,0.99000,-0.12572,0.44991,0.00308,0.99000,0.12698,0.90298,0.02092,0.99000,-0.13030,0.89937,0.03033,0.99000
1,1.5500,raise_hand,0.19500,-0.49859,0.00246,0.99000,-0.19988,-0.50308,0.00213,0.99000,0.22951,-0.20176,0.00726,0.99000,-0.39469,-0.73675,0.00173,0.99000,0.22288,0.06728,0.00072,0.99000,-0.59999,-0.89579,0.00011,0.99000,0.12424,0.00349,-0.00178,0.99000,-0.12122,0.00485,0.00671,0.99000,0.12083,0.45099,-0.00035,0.99000,-0.13318,0.44899,0.00058,0.99000,0.11927,0.90236,0.02048,0.99000,-0.12362,0.90536,0.01717,0.99000
1,1.6000,raise_hand,0.20153,-0.50327,0.00206,0.99000,-0.19324,-0.50287,0.00583,0.99000,0.23059,-0.20406,0.00142,0.99000,-0.39361,-0.74040,-0.00702,0.99000,0.22347,0.07287,0.00739,0.99000,-0.58535,-0.92023,-0.00851,0.99000,0.12557,-0.00643,0.00662,0.99000,-0.12275,-0.00503,-0.00203,0.99000,0.12395,0.44943,0.00396,0.99000,-0.12284,0.45032,0.00602,0.99000,0.12779,0.90325,0.01489,0.99000,-0.12161,0.90061,0.02158,0.99000
1,1.6500,raise_hand,0.20744,-0.49751,-0.00300,0.99000,-0.20157,-0.50443,0.00428,0.99000,0.23358,-0.20333,-0.00346,0.99000,-0.38311,-0.73094,-0.00419,0.99000,0.21526,0.06371,0.00220,0.99000,-0.59261,-0.92567,-0.00263,0.99000,0.12095,-0.00074,-0.00279,0.99000,-0.12931,-0.00397,0.00366,0.99000,0.12255,0.45464,-0.00129,0.99000,-0.11839,0.44772,-0.00018,0.99000,0.12266,0.89504,0.02588,0.99000,-0.11437,0.88927,0.02429,0.99000
1,1.7000,raise_hand,0.19742,-0.50338,0.00146,0.99000,-0.19103,-0.49411,0.00036,0.99000,0.24241,-0.20686,0.00543,0.99000,-0.39160,-0.74179,-0.00140,0.99000,0.21521,0.07311,-0.00270,0.99000,-0.58338,-0.92077,-0.00040,0.99000,0.12060,-0.00209,-0.00685,0.99000,-0.12814,-0.00026,0.00848,0.99000,0.11424,0.45170,0.00655,0.99000,-0.13105,0.45143,0.00312,0.99000,0.12865,0.89814,0.02162,0.99000,-0.11808,0.89986,0.02521,0.99000
1,1.7500,raise_hand,0.19492,-0.49834,-0.00177,0.99000,-0.20233,-0.50642,0.00339,0.99000,0.23444,-0.19619,0.00271,0.99000,-0.38554,-0.73141,0.00011,0.99000,0.21899,0.06479,0.00495,0.99000,-0.57324,-0.92004,0.00109,0.99000,0.12592,-0.00068,-0.00457,0.99000,-0.12757,0.00128,-0.00224,0.99000,0.11824,0.45599,0.00204,0.99000,-0.12082,0.44829,-0.00262,0.99000,0.12231,0.90112,0.02889,0.99000,-0.12193,0.88920,0.02597,0.99000
1,1.8000,raise_hand,0.20620,-0.50137,0.00230,0.99000,-0.19939,-0.49671,0.00675,0.99000,0.23318,-0.20323,0.00145,0.99000,-0.38823,-0.73304,0.00554,0.99000,0.21842,0.06910,-0.00258,0.99000,-0.58507,-0.91970,0.00663,0.99000,0.12202,0.00231,-0.00010,0.99000,-0.12667,0.00163,0.00125,0.99000,0.12062,0.45240,0.00042,0.99000,-0.11581,0.44903,0.00037,0.99000,0.13088,0.90577,0.01469,0.99000,-0.12529,0.90231,0.02015,0.99000
1,1.8500,raise_hand,0.19777,-0.50303,-0.00577,0.99000,-0.20194,-0.49871,-0.00134,0.99000,0.22987,-0.20521,0.00068,0.99000,-0.38845,-0.73147,0.00422,0.99000,0.21361,0.06503,-0.00399,0.99000,-0.58756,-0.92483,0.00115,0.99000,0.13063,0.00105,-0.00977,0.99000,-0.13353,0.00589,-0.00127,0.99000,0.13172,0.45582,-0.00001,0.99000,-0.13218,0.44635,0.00556,0.99000,0.12132,0.89975,0.02176,0.99000,-0.12469,0.89643,0.01924,0.99000
1,1.9000,raise_hand,0.20206,-0.49986,0.00171,0.99000,-0.20041,-0.50127,0.00131,0.99000,0.23103,-0.19985,0.00197,0.99000,-0.38900,-0.73602,0.00276,0.99000,0.21966,0.06584,0.01396,0.99000,-0.58269,-0.91914,0.00310,0.99000,0.12626,0.00466,-0.00422,0.99000,-0.12061,0.00995,0.00445,0.99000,0.12731,0.45223,-0.00266,0.99000,-0.12509,0.45170,-0.00152,0.99000,0.12260,0.90386,0.02308,0.99000,-0.12125,0.89386,0.02848,0.99000
1,1.9500,raise_hand,0.19566,-0.49500,0.00752,0.99000,-0.19915,-0.49594,0.00210,0.99000,0.22797,-0.20185,0.00091,0.99000,-0.38320,-0.73238,0.00140,0.99000,0.22466,0.06359,0.00986,0.99000,-0.57896,-0.92857,-0.00201,0.99000,0.12803,-0.00419,0.00053,0.99000,-0.12415,0.00042,-0.00210,0.99000,0.13114,0.45292,-0.00496,0.99000,-0.12830,0.44475,0.00524,0.99000,0.12956,0.90118,0.02312,0.99000,-0.13003,0.89978,0.02654,0.99000
1,2.0000,raise_hand,0.20037,-0.49407,-0.00202,0.99000,-0.19669,-0.50121,0.00950,0.99000,0.22605,-0.20068,-0.00079,0.99000,-0.38839,-0.73518,0.00355,0.99000,0.21264,0.07538,-0.00145,0.99000,-0.58318,-0.92395,-0.00398,0.99000,0.12837,-0.00316,-0.00053,0.99000,-0.12986,-0.00784,-0.00670,0.99000,0.12938,0.45521,0.00130,0.99000,-0.12088,0.44559,0.00297,0.99000,0.12619,0.89853,0.02769,0.99000,-0.12342,0.89684,0.02787,0.99000
1,2.0500,raise_hand,0.19874,-0.50170,-0.00339,0.99000,-0.20344,-0.49847,-0.00618,0.99000,0.22709,-0.20662,0.00271,0.99000,-0.38510,-0.73565,-0.00794,0.99000,0.21389,0.07042,-0.00235,0.99000,-0.58027,-0.92366,0.00173,0.99000,0.12758,0.00683,0.00373,0.99000,-0.12592,-0.00431,-0.00649,0.99000,0.12258,0.44912,-0.00258,0.99000,-0.11864,0.45393,0.00540,0.99000,0.12705,0.89444,0.02637,0.99000,-0.11881,0.89174,0.02512,0.99000
1,2.1000,raise_hand,0.20169,-0.50013,-0.00174,0.99000,-0.19344,-0.50062,0.00788,0.99000,0.23348,-0.19716,0.00068,0.99000,-0.38649,-0.73693,-0.00606,0.99000,0.22153,0.06656,0.00572,0.99000,-0.58564,-0.92396,-0.00339,0.99000,0.12762,-0.00434,0.00625,0.99000,-0.12504,0.00081,-0.00023,0.99000,0.12706,0.44914,-0.00020,0.99000,-0.12075,0.45446,-0.00018,0.99000,0.11906,0.90561,0.02204,0.99000,-0.12734,0.89731,0.02277,0.99000
1,2.1500,raise_hand,0.19614,-0.50058,-0.00211,0.99000,-0.19736,-0.50630,0.00512,0.99000,0.23321,-0.20494,0.00459,0.99000,-0.38846,-0.72767,-0.00078,0.99000,0.21847,0.06782,0.00070,0.99000,-0.58656,-0.91907,0.00171,0.99000,0.12100,0.00010,-0.00406,0.99000,-0.13054,-0.00189,-0.00122,0.99000,0.12004,0.44296,0.00551,0.99000,-0.12287,0.45706,0.00278,0.99000,0.12801,0.90182,0.01432,0.99000,-0.12134,0.89237,0.01940,0.99000
1,2.2000,raise_hand,0.19841,-0.49984,-0.00336,0.99000,-0.20182,-0.49550,-0.00410,0.99000,0.22993,-0.20013,0.00436,0.99000,-0.39497,-0.73462,0.00402,0.99000,0.21627,0.06269,-0.00587,0.99000,-0.58543,-0.92307,-0.00125,0.99000,0.12330,-0.00062,-0.00008,0.99000,-0.12706,-0.00355,0.00707,0.99000,0.13037,0.45014,-0.00184,0.99000,-0.12965,0.45164,0.00125,0.99000,0.12407,0.90713,0.01675,0.99000,-0.12859,0.89824,0.02705,0.99000
1,2.2500,raise_hand,0.19962,-0.50225,-0.00569,0.99000,-0.20086,-0.49964,0.00263,0.99000,0.23009,-0.20229,0.00067,0.99000,-0.38732,-0.73268,-0.00137,0.99000,0.21913,0.06858,0.00022,0.99000,-0.58102,-0.92014,0.00023,0.99000,0.12283,-0.00011,0.00318,0.99000,-0.12598,-0.00161,0.00244,0.99000,0.12561,0.44909,0.00231,0.99000,-0.12645,0.45041,0.00120,0.99000,0.13283,0.89680,0.02220,0.99000,-0.12701,0.89731,0.02261,0.99000
1,2.3000,raise_hand,0.20329,-0.50003,-0.00401,0.99000,-0.19940,-0.50246,0.00002,0.99000,0.22783,-0.19692,-0.00118,0.99000,-0.39033,-0.74454,-0.00404,0.99000,0.21906,0.06963,-0.00024,0.99000,-0.57242,-0.91987,0.00338,0.99000,0.12041,0.00199,-0.00117,0.99000,-0.12580,0.00613,0.00233,0.99000,0.12634,0.44561,-0.00429,0.99000,-0.12266,0.44786,0.00076,0.99000,0.12640,0.89624,0.01770,0.99000,-0.12799,0.89438,0.01910,0.99000
1,2.3500,raise_hand,0.20489,-0.49979,0.00284,0.99000,-0.19773,-0.49210,-0.00237,0.99000,0.23165,-0.19836,-0.00393,0.99000,-0.38621,-0.73712,-0.00400,0.99000,0.21367,0.06976,-0.00609,0.99000,-0.58146,-0.91369,0.00192,0.99000,0.12986,-0.00120,0.00187,0.99000,-0.12188,-0.00042,0.00109,0.99000,0.12102,0.44970,0.00083,0.99000,-0.12664,0.45058,0.00145,0.99000,0.11985,0.89589,0.01881,0.99000,-0.12402,0.89736,0.02219,0.99000
1,2.4000,raise_hand,0.20177,-0.50595,0.00179,0.99000,-0.19231,-0.50219,0.00128,0.99000,0.23456,-0.19678,0.00638,0.99000,-0.38206,-0.73735,-0.00956,0.99000,0.21576,0.07323,0.00739,0.99000,-0.56920,-0.92263,0.00082,0.99000,0.11801,0.00422,0.00616,0.99000,-0.12903,-0.00663,-0.00082,0.99000,0.12465,0.44983,-0.00210,0.99000,-0.11967,0.44895,0.00030,0.99000,0.12221,0.89819,0.02193,0.99000,-0.12256,0.89760,0.02647,0.99000
1,2.4500,raise_hand,0.19913,-0.50041,-0.00403,0.99000,-0.20284,-0.49831,0.00302,0.99000,0.22636,-0.19723,-0.00136,0.99000,-0.37927,-0.74013,0.00121,0.99000,0.21605,0.06345,0.00575,0.99000,-0.58339,-0.91393,0.00176,0.99000,0.13398,0.00351,0.00035,0.99000,-0.12749,0.00453,-0.00047,0.99000,0.12652,0.45454,-0.00463,0.99000,-0.12385,0.44890,-0.00045,0.99000,0.13278,0.89041,0.02313,0.99000,-0.13007,0.90093,0.02978,0.99000
1,2.5000,raise_hand,0.19277,-0.49744,0.00257,0.99000,-0.19825,-0.50387,-0.00465,0.99000,0.23041,-0.20219,0.00242,0.99000,-0.38868,-0.73470,0.00367,0.99000,0.22513,0.07183,-0.00703,0.99000,-0.58345,-0.92578,0.00388,0.99000,0.12658,0.00434,0.00262,0.99000,-0.12786,-0.00028,0.00531,0.99000,0.12553,0.44910,-0.00119,0.99000,-0.12578,0.45329,0.00204,0.99000,0.12096,0.89287,0.02595,0.99000,-0.12340,0.89829,0.02459,0.99000
1,2.5500,raise_hand,0.19963,-0.50111,-0.00261,0.99000,-0.19569,-0.49907,-0.00115,0.99000,0.22711,-0.20544,-0.00145,0.99000,-0.38586,-0.73503,0.00136,0.99000,0.21764,0.06133,0.00059,0.99000,-0.58005,-0.91559,-0.00220,0.99000,0.12315,0.00135,0.00132,0.99000,-0.12518,0.00175,-0.00250,0.99000,0.12613,0.44948,0.00182,0.99000,-0.13228,0.44600,0.00357,0.99000,0.12332,0.89608,0.02885,0.99000,-0.12642,0.89669,0.01789,0.99000
1,2.6000,raise_hand,0.19274,-0.49706,-0.00338,0.99000,-0.19791,-0.50180,-0.00283,0.99000,0.23234,-0.19853,0.00905,0.99000,-0.38072,-0.73616,0.00146,0.99000,0.21841,0.06533,0.00150,0.99000,-0.58052,-0.91553,0.00219,0.99000,0.12317,-0.00227,0.00142,0.99000,-0.12431,-0.00246,0.00461,0.99000,0.12138,0.44627,-0.00667,0.99000,-0.12258,0.44116,0.00866,0.99000,0.12559,0.89716,0.02448,0.99000,-0.12194,0.89730,0.02167,0.99000
1,2.6500,raise_hand,0.20612,-0.50465,-0.00327,0.99000,-0.19993,-0.49731,-0.00293,0.99000,0.23570,-0.20032,-0.00200,0.99000,-0.38600,-0.74063,-0.00073,0.99000,0.22130,0.07142,0.00793,0.99000,-0.58269,-0.92090,0.00570,0.99000,0.12235,-0.00180,-0.00573,0.99000,-0.12663,-0.00122,0.00624,0.99000,0.12884,0.45999,-0.00205,0.99000,-0.13205,0.45335,0.00286,0.99000,0.12327,0.89342,0.02636,0.99000,-0.12487,0.89151,0.02293,0.99000
1,2.7000,raise_hand,0.20172,-0.50589,-0.00643,0.99000,-0.19936,-0.49910,0.00240,0.99000,0.22774,-0.21002,0.00485,0.99000,-0.38938,-0.73460,0.00112,0.99000,0.22015,0.06455,-0.00156,0.99000,-0.58421,-0.92231,0.00155,0.99000,0.12717,0.00165,0.00245,0.99000,-0.13261,0.00691,-0.00121,0.99000,0.12807,0.44507,0.00107,0.99000,-0.12018,0.45322,0.00376,0.99000,0.12611,0.90024,0.02125,0.99000,-0.13678,0.89652,0.02508,0.99000
1,2.7500,raise_hand,0.19631,-0.50494,0.00459,0.99000,-0.20166,-0.50297,0.00419,0.99000,0.23126,-0.20977,0.00214,0.99000,-0.38466,-0.72781,-0.00072,0.99000,0.21683,0.07198,-0.00373,0.99000,-0.58538,-0.91828,-0.00472,0.99000,0.13064,0.00194,0.00288,0.99000,-0.12919,-0.00768,0.00316,0.99000,0.12433,0.44854,0.00655,0.99000,-0.12110,0.44652,-0.00065,0.99000,0.12808,0.90303,0.01765,0.99000,-0.12210,0.90249,0.01919,0.99000
1,2.8000,raise_hand,0.20199,-0.50525,-0.00162,0.99000,-0.20451,-0.49862,0.00099,0.99000,0.23731,-0.20143,0.00017,0.99000,-0.39151,-0.73422,0.00241,0.99000,0.21932,0.06799,0.00729,0.99000,-0.57973,-0.92477,-0.00021,0.99000,0.12177,0.00255,0.00061,0.99000,-0.13500,0.00412,0.00376,0.99000,0.12391,0.45048,-0.00392,0.99000,-0.12469,0.44905,0.00354,0.99000,0.13241,0.90556,0.01771,0.99000,-0.12313,0.89637,0.02130,0.99000
1,2.8500,raise_hand,0.20452,-0.50281,-0.00544,0.99000,-0.19836,-0.50605,-0.00569,0.99000,0.23207,-0.20790,0.00750,0.99000,-0.38281,-0.73288,0.00400,0.99000,0.21916,0.07327,0.00304,0.99000,-0.58646,-0.92549,-0.00336,0.99000,0.12800,0.00033,-0.00096,0.99000,-0.11952,-0.00074,-0.00291,0.99000,0.12339,0.45680,0.00309,0.99000,-0.13147,0.45586,0.00036,0.99000,0.12365,0.89854,0.03085,0.99000,-0.12949,0.89563,0.02693,0.99000
1,2.9000,raise_hand,0.19885,-0.50371,-0.00236,0.99000,-0.19839,-0.50117,0.00696,0.99000,0.23318,-0.20088,0.00402,0.99000,-0.38537,-0.73545,0.00150,0.99000,0.22500,0.06997,-0.00556,0.99000,-0.57963,-0.92176,-0.00593,0.99000,0.12551,0.00163,0.00317,0.99000,-0.12320,-0.00382,0.00390,0.99000,0.13232,0.45357,-0.00219,0.99000,-0.12853,0.45167,0.01141,0.99000,0.12389,0.90898,0.01403,0.99000,-0.12261,0.90290,0.01702,0.99000
1,2.9500,raise_hand,0.20854,-0.50071,0.00924,0.99000,-0.19602,-0.49581,0.00212,0.99000,0.23419,-0.20493,-0.00104,0.99000,-0.37892,-0.73566,-0.00301,0.99000,0.21863,0.06521,-0.00547,0.99000,-0.58406,-0.92034,0.00248,0.99000,0.12220,0.00106,-0.00497,0.99000,-0.12799,-0.00117,0.00033,0.99000,0.12124,0.44605,-0.00326,0.99000,-0.11753,0.45315,0.00037,0.99000,0.12431,0.90074,0.02576,0.99000,-0.12765,0.90580,0.02193,0.99000
1,3.0000,raise_hand,0.20070,-0.50255,0.00583,0.99000,-0.20143,-0.50182,0.00034,0.99000,0.22523,-0.20355,-0.00138,0.99000,-0.38124,-0.73618,0.00204,0.99000,0.21823,0.06616,0.00484,0.99000,-0.58181,-0.91327,0.00365,0.99000,0.12739,-0.00252,-0.00167,0.99000,-0.12153,0.00047,0.00102,0.99000,0.12411,0.45492,-0.00300,0.99000,-0.12338,0.44919,0.00592,0.99000,0.13212,0.90374,0.02711,0.99000,-0.13124,0.89485,0.02353,0.99000
1,3.0500,raise_hand,0.20439,-0.50401,-0.00493,0.99000,-0.20271,-0.49937,-0.00049,0.99000,0.22732,-0.20089,0.00326,0.99000,-0.38562,-0.73459,-0.00393,0.99000,0.22004,0.07044,0.00438,0.99000,-0.58594,-0.91383,-0.00136,0.99000,0.12273,-0.00065,-0.00283,0.99000,-0.11591,-0.00143,-0.00359,0.99000,0.13004,0.44295,-0.00480,0.99000,-0.12363,0.45353,-0.00000,0.99000,0.12908,0.89889,0.01862,0.99000,-0.12565,0.89400,0.02002,0.99000
1,3.1000,raise_hand,0.19550,-0.49403,0.00297,0.99000,-0.19421,-0.50563,0.00239,0.99000,0.23132,-0.19734,-0.00419,0.99000,-0.39261,-0.73605,-0.00334,0.99000,0.21552,0.06684,-0.01034,0.99000,-0.59141,-0.91700,-0.00253,0.99000,0.12992,0.00129,-0.00406,0.99000,-0.12738,0.00493,0.00649,0.99000,0.12288,0.45301,0.00166,0.99000,-0.12744,0.45399,-0.00811,0.99000,0.12361,0.90104,0.01851,0.99000,-0.12112,0.89743,0.02774,0.99000
1,3.1500,raise_hand,0.20457,-0.49943,-0.00559,0.99000,-0.20348,-0.50437,0.00685,0.99000,0.23022,-0.19901,-0.00003,0.99000,-0.38574,-0.73708,-0.00012,0.99000,0.21827,0.06794,-0.00450,0.99000,-0.58813,-0.91629,0.00563,0.99000,0.13164,0.00028,0.00453,0.99000,-0.12842,0.00260,0.00649,0.99000,0.12586,0.44433,-0.00446,0.99000,-0.12551,0.45290,0.00357,0.99000,0.12461,0.90318,0.02250,0.99000,-0.11741,0.89962,0.02129,0.99000
1,3.2000,raise_hand,0.20385,-0.50007,-0.00155,0.99000,-0.20552,-0.50056,-0.00246,0.99000,0.22863,-0.20230,0.00002,0.99000,-0.38707,-0.73793,-0.00226,0.99000,0.22606,0.07289,0.00192,0.99000,-0.59042,-0.92063,0.00616,0.99000,0.12566,0.00036,-0.00380,0.99000,-0.12785,0.00166,0.00278,0.99000,0.12623,0.44390,-0.00349,0.99000,-0.13422,0.44248,0.00050,0.99000,0.11958,0.89893,0.02217,0.99000,-0.12008,0.89781,0.02943,0.99000
1,3.2500,raise_hand,0.19821,-0.49674,-0.00127,0.99000,-0.19650,-0.49757,-0.00188,0.99000,0.22369,-0.19744,0.00512,0.99000,-0.38696,-0.73069,-0.00166,0.99000,0.22116,0.06947,-0.00659,0.99000,-0.58126,-0.91949,-0.00335,0.99000,0.12720,0.00377,-0.00686,0.99000,-0.12086,-0.00204,-0.00136,0.99000,0.13288,0.45280,0.00275,0.99000,-0.12687,0.44716,0.00140,0.99000,0.12714,0.90037,0.01879,0.99000,-0.12824,0.90539,0.02361,0.99000
1,3.3000,raise_hand,0.19580,-0.50492,-0.00654,0.99000,-0.19446,-0.50733,-0.00848,0.99000,0.23307,-0.20256,0.00032,0.99000,-0.38145,-0.73389,-0.00320,0.99000,0.21222,0.06771,-0.00070,0.99000,-0.58098,-0.91303,0.00158,0.99000,0.13631,0.00015,-0.00053,0.99000,-0.12147,0.00124,-0.00347,0.99000,0.13042,0.45200,-0.00557,0.99000,-0.12010,0.45041,0.00352,0.99000,0.12675,0.89793,0.02164,0.99000,-0.12902,0.89795,0.02364,0.99000
1,3.3500,raise_hand,0.21255,-0.49887,-0.00528,0.99000,-0.19853,-0.50453,-0.00233,0.99000,0.23144,-0.20384,-0.00039,0.99000,-0.39205,-0.73251,-0.00596,0.99000,0.22101,0.06665,0.00237,0.99000,-0.57361,-0.92300,-0.00143,0.99000,0.12626,0.00229,0.00083,0.99000,-0.12392,0.00344,-0.00317,0.99000,0.11841,0.45279,0.00342,0.99000,-0.12283,0.44962,-0.00392,0.99000,0.12593,0.90126,0.02370,0.99000,-0.11937,0.90137,0.02103,0.99000
1,3.4000,raise_hand,0.20988,-0.49975,0.00426,0.99000,-0.19824,-0.50723,-0.00456,0.99000,0.22817,-0.20737,0.00274,0.99000,-0.38610,-0.72988,-0.00640,0.99000,0.21812,0.07631,0.00128,0.99000,-0.59013,-0.92031,-0.00264,0.99000,0.12760,0.00123,0.00339,0.99000,-0.12370,0.00365,0.00160,0.99000,0.12201,0.44732,-0.00309,0.99000,-0.12075,0.45158,0.00144,0.99000,0.11983,0.89336,0.02293,0.99000,-0.11969,0.89787,0.02446,0.99000
1,3.4500,raise_hand,0.20119,-0.50110,-0.00183,0.99000,-0.19439,-0.49601,0.00049,0.99000,0.23436,-0.20448,-0.00252,0.99000,-0.40315,-0.72058,-0.00121,0.99000,0.21368,0.06576,-0.00382,0.99000,-0.61390,-0.89205,-0.00531,0.99000,0.12869,-0.00142,-0.00283,0.99000,-0.12675,-0.00579,-0.00443,0.99000,0.13229,0.44968,-0.00080,0.99000,-0.12684,0.45327,0.00346,0.99000,0.13868,0.90125,0.03140,0.99000,-0.12853,0.90376,0.02971,0.99000
1,3.5000,raise_hand,0.19752,-0.49922,-0.00661,0.99000,-0.19774,-0.49710,0.00403,0.99000,0.22606,-0.19439,0.01003,0.99000,-0.42053,-0.70072,0.00267,0.99000,0.21764,0.07219,0.00782,0.99000,-0.65580,-0.84622,-0.00104,0.99000,0.13225,0.00079,-0.00169,0.99000,-0.13089,0.00002,-0.00505,0.99000,0.12143,0.45347,0.00028,0.99000,-0.12250,0.44737,0.00270,0.99000,0.11912,0.89827,0.03107,0.99000,-0.12432,0.88994,0.02518,0.99000
1,3.5500,raise_hand,0.20283,-0.49714,0.00210,0.99000,-0.19986,-0.49532,-0.00496,0.99000,0.23088,-0.21094,-0.00897,0.99000,-0.45056,-0.66707,0.00073,0.99000,0.21108,0.06959,0.00236,0.99000,-0.68644,-0.78550,-0.00373,0.99000,0.12134,-0.00618,0.00912,0.99000,-0.12368,-0.00232,-0.00362,0.99000,0.12724,0.44886,0.00459,0.99000,-0.12609,0.45083,0.00017,0.99000,0.11918,0.89915,0.02259,0.99000,-0.12484,0.90130,0.01901,0.99000
1,3.6000,raise_hand,0.20636,-0.50110,0.00143,0.99000,-0.19632,-0.50557,0.00029,0.99000,0.22548,-0.19950,-0.00753,0.99000,-0.46950,-0.61719,-0.00406,0.99000,0.22112,0.07299,0.00201,0.99000,-0.73229,-0.70604,0.00710,0.99000,0.12279,0.00260,-0.00369,0.99000,-0.12297,0.00541,-0.00193,0.99000,0.12678,0.45116,-0.00371,0.99000,-0.12577,0.45305,0.00067,0.99000,0.12712,0.90241,0.02758,0.99000,-0.12665,0.89077,0.02438,0.99000
1,3.6500,raise_hand,0.19984,-0.49854,0.00259,0.99000,-0.19754,-0.50322,-0.00140,0.99000,0.22726,-0.20413,-0.00360,0.99000,-0.48804,-0.57731,0.00567,0.99000,0.21863,0.07428,0.00242,0.99000,-0.75849,-0.60653,0.00072,0.99000,0.13040,-0.01000,0.00088,0.99000,-0.12579,-0.00053,0.00080,0.99000,0.12216,0.44735,-0.00009,0.99000,-0.13393,0.45664,-0.00619,0.99000,0.12081,0.90348,0.01722,0.99000,-0.12550,0.90501,0.01992,0.99000
1,3.7000,raise_hand,0.19499,-0.49649,0.00958,0.99000,-0.20443,-0.49973,0.00578,0.99000,0.23494,-0.19847,-0.00250,0.99000,-0.50779,-0.51313,-0.00085,0.99000,0.21848,0.07016,-0.00341,0.99000,-0.77014,-0.48941,0.00829,0.99000,0.12675,0.00396,0.00330,0.99000,-0.12556,-0.00385,0.00034,0.99000,0.11637,0.45580,-0.00304,0.99000,-0.12460,0.45388,-0.00642,0.99000,0.12594,0.89973,0.02623,0.99000,-0.12292,0.89470,0.02070,0.99000
1,3.7500,raise_hand,0.20531,-0.50124,-0.00328,0.99000,-0.19397,-0.49897,0.00541,0.99000,0.23331,-0.20566,0.00473,0.99000,-0.49654,-0.45051,-0.00080,0.99000,0.22202,0.07422,0.00171,0.99000,-0.74964,-0.37138,-0.00170,0.99000,0.12446,0.00426,-0.00419,0.99000,-0.12056,0.00184,-0.00085,0.99000,0.11848,0.45750,-0.00256,0.99000,-0.12267,0.45471,-0.00890,0.99000,0.12492,0.89319,0.02707,0.99000,-0.12544,0.89810,0.01590,0.99000
1,3.8000,raise_hand,0.19797,-0.50098,-0.00192,0.99000,-0.19871,-0.50152,-0.00018,0.99000,0.23137,-0.20889,-0.00360,0.99000,-0.48180,-0.39370,0.00409,0.99000,0.22442,0.06685,-0.00392,0.99000,-0.71089,-0.26429,0.00715,0.99000,0.12149,-0.00217,0.00306,0.99000,-0.11984,0.00595,-0.00649,0.99000,0.12628,0.45965,0.00104,0.99000,-0.12061,0.45541,-0.00208,0.99000,0.12790,0.90196,0.01950,0.99000,-0.12798,0.89876,0.01908,0.99000
1,3.8500,raise_hand,0.19865,-0.49514,-0.00276,0.99000,-0.19570,-0.48868,-0.00190,0.99000,0.22159,-0.20364,0.00115,0.99000,-0.45133,-0.33194,0.00096,0.99000,0.21344,0.06960,-0.00373,0.99000,-0.64692,-0.15781,-0.00428,0.99000,0.12028,-0.00083,-0.00611,0.99000,-0.13054,0.00371,-0.00506,0.99000,0.12528,0.45085,0.00082,0.99000,-0.13084,0.45179,0.00566,0.99000,0.12822,0.90090,0.02100,0.99000,-0.12874,0.89241,0.02248,0.99000
1,3.9000,raise_hand,0.19607,-0.50355,-0.00226,0.99000,-0.20366,-0.49755,0.00054,0.99000,0.23282,-0.20040,-0.00473,0.99000,-0.41063,-0.28179,-0.00277,0.99000,0.22022,0.06954,0.00511,0.99000,-0.57869,-0.06998,-0.00046,0.99000,0.11909,-0.00131,0.00756,0.99000,-0.12925,0.00731,0.00598,0.99000,0.12297,0.45605,0.00254,0.99000,-0.13008,0.45007,-0.00100,0.99000,0.11716,0.89627,0.02543,0.99000,-0.13088,0.89723,0.01280,0.99000
1,3.9500,raise_hand,0.19499,-0.49388,-0.00111,0.99000,-0.20305,-0.49731,0.00104,0.99000,0.23250,-0.20086,-0.00447,0.99000,-0.37076,-0.25731,-0.00226,0.99000,0.22309,0.07359,-0.00000,0.99000,-0.49349,-0.01389,-0.00095,0.99000,0.12434,0.00094,0.00153,0.99000,-0.12556,0.00365,0.00140,0.99000,0.12365,0.44988,-0.00420,0.99000,-0.12954,0.44604,0.00161,0.99000,0.12495,0.90165,0.02377,0.99000,-0.11925,0.90335,0.01849,0.99000
1,4.0000,raise_hand,0.19487,-0.50033,0.00576,0.99000,-0.20232,-0.49318,0.00278,0.99000,0.23955,-0.19770,-0.00167,0.99000,-0.32901,-0.23242,0.00397,0.99000,0.22910,0.06814,0.00262,0.99000,-0.40411,0.03085,0.00218,0.99000,0.12741,0.00127,-0.00039,0.99000,-0.12006,-0.00383,-0.00278,0.99000,0.12786,0.45069,-0.00123,0.99000,-0.12341,0.44724,0.00604,0.99000,0.12318,0.89644,0.02372,0.99000,-0.12279,0.90918,0.02121,0.99000
1,4.0500,raise_hand,0.20187,-0.50015,-0.00086,0.99000,-0.19728,-0.48973,-0.00450,0.99000,0.23155,-0.20427,-0.00106,0.99000,-0.29226,-0.21270,-0.00211,0.99000,0.22323,0.06634,0.00644,0.99000,-0.33079,0.05762,0.00283,0.99000,0.12527,-0.00437,0.00007,0.99000,-0.12595,-0.00132,-0.00088,0.99000,0.12739,0.43898,0.00463,0.99000,-0.12159,0.44765,-0.00187,0.99000,0.12047,0.89637,0.01712,0.99000,-0.12600,0.89263,0.01661,0.99000
1,4.1000,raise_hand,0.19805,-0.50243,0.00540,0.99000,-0.20555,-0.50187,-0.00074,0.99000,0.22536,-0.20154,-0.00483,0.99000,-0.26547,-0.20879,0.00117,0.99000,0.22382,0.07327,-0.00526,0.99000,-0.27228,0.06094,-0.00260,0.99000,0.11986,0.00263,0.00722,0.99000,-0.12970,0.00045,-0.00666,0.99000,0.12309,0.45171,-0.00161,0.99000,-0.12689,0.45825,-0.00131,0.99000,0.12148,0.89836,0.02554,0.99000,-0.12428,0.89884,0.02339,0.99000
1,4.1500,raise_hand,0.19928,-0.50187,-0.00069,0.99000,-0.20384,-0.50133,-0.00590,0.99000,0.23221,-0.20011,-0.00720,0.99000,-0.23332,-0.20255,0.00191,0.99000,0.22542,0.06435,0.00012,0.99000,-0.23658,0.06385,0.00237,0.99000,0.12231,0.00313,0.00094,0.99000,-0.12116,0.00402,0.00238,0.99000,0.12217,0.45159,0.00308,0.99000,-0.12792,0.44280,0.00585,0.99000,0.12807,0.89734,0.01848,0.99000,-0.12002,0.89909,0.02789,0.99000
1,4.2000,raise_hand,0.20075,-0.49414,-0.00027,0.99000,-0.19896,-0.49881,0.00182,0.99000,0.22697,-0.20289,-0.00552,0.99000,-0.23385,-0.20195,0.00094,0.99000,0.22208,0.07282,0.00985,0.99000,-0.22047,0.06459,-0.00447,0.99000,0.13104,0.00036,0.00886,0.99000,-0.12108,0.00259,-0.00023,0.99000,0.12992,0.44358,0.00242,0.99000,-0.13059,0.44704,0.00055,0.99000,0.12010,0.90339,0.02164,0.99000,-0.12404,0.89759,0.01839,0.99000
2,0.0000,raise_hand,0.19855,-0.50028,0.00014,0.99000,-0.20023,-0.49451,0.00558,0.99000,0.21917,-0.19630,0.00262,0.99000,-0.23689,-0.20354,0.00800,0.99000,0.21804,0.06609,0.00527,0.99000,-0.21386,0.06986,-0.00094,0.99000,0.12663,-0.00226,-0.00099,0.99000,-0.12070,0.00063,0.00185,0.99000,0.12698,0.44288,0.00246,0.99000,-0.13309,0.44617,0.00128,0.99000,0.13185,0.89860,0.02509,0.99000,-0.12418,0.89783,0.02215,0.99000
2,0.0500,raise_hand,0.19637,-0.50612,0.00081,0.99000,-0.20147,-0.49879,0.00361,0.99000,0.23283,-0.20723,-0.00356,0.99000,-0.22810,-0.20190,-0.00907,0.99000,0.22684,0.07422,0.00428,0.99000,-0.22263,0.06755,0.00382,0.99000,0.12345,0.00029,0.00434,0.99000,-0.12377,-0.00348,0.00003,0.99000,0.12310,0.44491,-0.00121,0.99000,-0.12584,0.44660,0.00156,0.99000,0.11700,0.89780,0.02896,0.99000,-0.12310,0.89639,0.02532,0.99000
2,0.1000,raise_hand,0.19759,-0.50792,0.00314,0.99000,-0.20181,-0.49739,0.00108,0.99000,0.22919,-0.20312,-0.00087,0.99000,-0.24345,-0.20045,-0.00203,0.99000,0.21939,0.05921,-0.00133,0.99000,-0.22950,0.06446,0.00671,0.99000,0.13290,0.00107,0.00165,0.99000,-0.12580,0.00994,0.00595,0.99000,0.12547,0.44908,-0.00172,0.99000,-0.12693,0.44967,-0.00746,0.99000,0.12221,0.89952,0.01588,0.99000,-0.12991,0.89960,0.01997,0.99000
2,0.1500,raise_hand,0.19256,-0.49439,-0.00032,0.99000,-0.19979,-0.49869,-0.00542,0.99000,0.22618,-0.20604,0.00107,0.99000,-0.24681,-0.20639,-0.00515,0.99000,0.22119,0.08030,0.00106,0.99000,-0.24744,0.05900,-0.00379,0.99000,0.12344,-0.00264,-0.00975,0.99000,-0.12389,0.00017,-0.00930,0.99000,0.12339,0.45286,-0.00225,0.99000,-0.12322,0.44324,0.00023,0.99000,0.12250,0.89786,0.02509,0.99000,-0.11665,0.90384,0.02020,0.99000
2,0.2000,raise_hand,0.20040,-0.50952,-0.00363,0.99000,-0.20686,-0.51139,0.00855,0.99000,0.22828,-0.20041,-0.00412,0.99000,-0.26135,-0.20703,0.00133,0.99000,0.21638,0.06777,0.00380,0.99000,-0.27581,0.06422,-0.00140,0.99000,0.12797,-0.00833,-0.00171,0.99000,-0.12432,-0.00117,0.00482,0.99000,0.12133,0.44784,-0.00401,0.99000,-0.12602,0.45336,0.00184,0.99000,0.12408,0.89712,0.01872,0.99000,-0.12320,0.89448,0.02808,0.99000
2,0.2500,raise_hand,0.19403,-0.49534,-0.00298,0.99000,-0.20781,-0.50501,-0.00143,0.99000,0.23298,-0.20235,0.00408,0.99000,-0.27398,-0.20288,-0.00605,0.99000,0.21818,0.06538,-0.00685,0.99000,-0.29714,0.06882,0.00084,0.99000,0.12622,0.00412,0.00196,0.99000,-0.12108,-0.00232,0.00311,0.99000,0.12850,0.45387,0.00279,0.99000,-0.12636,0.44926,-0.00378,0.99000,0.12179,0.89714,0.02546,0.99000,-0.12661,0.89621,0.02156,0.99000
2,0.3000,raise_hand,0.19530,-0.49393,-0.00412,0.99000,-0.19323,-0.49494,-0.00442,0.99000,0.23827,-0.19986,-0.00267,0.99000,-0.28686,-0.20742,-0.00781,0.99000,0.22159,0.06505,-0.01059,0.99000,-0.32327,0.04693,-0.00181,0.99000,0.12460,0.00218,-0.00027,0.99000,-0.12425,-0.00101,0.00206,0.99000,0.13060,0.44703,0.00059,0.99000,-0.13065,0.44627,0.00453,0.99000,0.12599,0.89568,0.02092,0.99000,-0.12811,0.90267,0.02177,0.99000
2,0.3500,raise_hand,0.19773,-0.50132,0.00542,0.99000,-0.19894,-0.50440,0.00406,0.99000,0.22856,-0.20060,0.00014,0.99000,-0.31037,-0.22096,-0.00229,0.99000,0.22106,0.06414,-0.00048,0.99000,-0.36581,0.04695,0.00037,0.99000,0.12554,0.00836,0.00227,0.99000,-0.12166,-0.00140,-0.00582,0.99000,0.12090,0.45217,0.00683,0.99000,-0.11937,0.45844,-0.00287,0.99000,0.12321,0.89248,0.02260,0.99000,-0.12428,0.89028,0.02699,0.99000
2,0.4000,raise_hand,0.20011,-0.49140,-0.00437,0.99000,-0.19237,-0.50594,-0.00149,0.99000,0.23077,-0.19545,0.00542,0.99000,-0.33346,-0.23152,0.00086,0.99000,0.21939,0.06383,0.00066,0.99000,-0.41169,0.03038,0.00230,0.99000,0.12348,-0.00254,0.00057,0.99000,-0.13030,0.00229,0.00126,0.99000,0.12443,0.45258,0.00690,0.99000,-0.12609,0.45046,-0.00487,0.99000,0.11792,0.89963,0.02060,0.99000,-0.13109,0.90165,0.01484,0.99000
2,0.4500,raise_hand,0.20535,-0.50339,0.00671,0.99000,-0.19884,-0.49814,0.00547,0.99000,0.22612,-0.20209,0.00759,0.99000,-0.34715,-0.23267,0.00528,0.99000,0.22202,0.06281,0.00163,0.99000,-0.44210,0.00530,0.00798,0.99000,0.12490,-0.00075,-0.00068,0.99000,-0.12639,0.00132,-0.00351,0.99000,0.12625,0.44909,-0.00512,0.99000,-0.12630,0.44900,-0.00062,0.99000,0.12117,0.89687,0.02544,0.99000,-0.12409,0.90314,0.01349,0.99000
2,0.5000,raise_hand,0.20085,-0.49018,0.00040,0.99000,-0.20524,-0.49623,0.00225,0.99000,0.22513,-0.19635,-0.00202,0.99000,-0.37696,-0.25279,-0.00174,0.99000,0.21890,0.06899,-0.00740,0.99000,-0.49313,-0.01051,0.00434,0.99000,0.12462,0.00037,-0.00147,0.99000,-0.12300,-0.00224,0.00221,0.99000,0.12341,0.44137,0.00105,0.99000,-0.12448,0.44757,0.00719,0.99000,0.12583,0.89942,0.02269,0.99000,-0.12243,0.89903,0.02391,0.99000
2,0.5500,raise_hand,0.19355,-0.49507,0.00025,0.99000,-0.20811,-0.50824,0.00304,0.99000,0.23702,-0.19783,0.00254,0.99000,-0.40118,-0.27511,0.00196,0.99000,0.22363,0.07047,-0.00028,0.99000,-0.53879,-0.03454,0.00290,0.99000,0.12485,0.00522,0.01308,0.99000,-0.12287,0.00243,0.00160,0.99000,0.12936,0.45164,0.00442,0.99000,-0.12188,0.44911,0.00251,0.99000,0.12366,0.89879,0.02517,0.99000,-0.12721,0.90099,0.02109,0.99000
2,0.6000,raise_hand,0.19387,-0.49847,0.00294,0.99000,-0.19789,-0.49784,0.00132,0.99000,0.23161,-0.20030,-0.00576,0.99000,-0.42309,-0.28894,-0.00652,0.99000,0.21617,0.06060,-0.00264,0.99000,-0.58664,-0.07517,-0.00576,0.99000,0.11923,-0.00109,0.00330,0.99000,-0.13162,-0.00272,-0.00448,0.99000,0.13054,0.44529,-0.00306,0.99000,-0.12810,0.45632,0.00017,0.99000,0.12957,0.89879,0.02217,0.99000,-0.12402,0.90024,0.02124,0.99000
2,0.6500,raise_hand,0.20374,-0.49772,0.00023,0.99000,-0.20440,-0.50389,-0.00570,0.99000,0.23526,-0.20083,0.00664,0.99000,-0.43891,-0.31344,-0.01260,0.99000,0.21937,0.07417,0.00601,0.99000,-0.62837,-0.11957,-0.00330,0.99000,0.12582,0.00001,-0.00111,0.99000,-0.12239,-0.00503,-0.00115,0.99000,0.11959,0.44348,-0.00173,0.99000,-0.12518,0.44672,-0.00405,0.99000,0.12195,0.90571,0.03162,0.99000,-0.13034,0.90558,0.01380,0.99000
2,0.7000,raise_hand,0.20329,-0.49366,-0.00379,0.99000,-0.20497,-0.50352,0.00607,0.99000,0.23174,-0.20201,-0.00309,0.99000,-0.45537,-0.34258,-0.00087,0.99000,0.21336,0.07038,-0.00104,0.99000,-0.65585,-0.16532,-0.00286,0.99000,0.13359,0.00106,-0.00257,0.99000,-0.12323,0.00497,0.00237,0.99000,0.12599,0.44897,0.00292,0.99000,-0.12607,0.45990,-0.00029,0.99000,0.12761,0.89707,0.02087,0.99000,-0.12372,0.90215,0.02450,0.99000
2,0.7500,raise_hand,0.19832,-0.50180,0.00336,0.99000,-0.20338,-0.49689,-0.00213,0.99000,0.23119,-0.20466,0.00512,0.99000,-0.46452,-0.36795,0.00220,0.99000,0.21584,0.06081,0.00374,0.99000,-0.69937,-0.21133,0.00358,0.99000,0.12801,-0.00066,-0.00388,0.99000,-0.12533,-0.00087,0.00184,0.99000,0.12407,0.44157,0.00163,0.99000,-0.12073,0.45239,-0.00421,0.99000,0.12269,0.89380,0.01720,0.99000,-0.12185,0.89552,0.02098,0.99000
2,0.8000,raise_hand,0.20122,-0.49528,0.00046,0.99000,-0.20227,-0.50027,0.00237,0.99000,0.22542,-0.20783,0.00426,0.99000,-0.47420,-0.39800,0.00875,0.99000,0.22102,0.07532,-0.00100,0.99000,-0.72144,-0.28172,0.00172,0.99000,0.12347,-0.00106,-0.00206,0.99000,-0.12940,-0.00492,0.00330,0.99000,0.12698,0.44582,0.00257,0.99000,-0.12776,0.45116,0.00311,0.99000,0.12386,0.90162,0.02546,0.99000,-0.13375,0.89719,0.02186,0.99000
2,0.8500,raise_hand,0.19137,-0.50193,-0.01091,0.99000,-0.20618,-0.49346,0.00154,0.99000,0.22717,-0.19844,-0.00110,0.99000,-0.48594,-0.42445,-0.00684,0.99000,0.21714,0.06447,-0.00482,0.99000,-0.74052,-0.33643,0.00024,0.99000,0.12740,-0.00138,0.00472,0.99000,-0.12447,-0.00429,-0.00614,0.99000,0.12493,0.45009,0.00212,0.99000,-0.12675,0.44998,-0.00018,0.99000,0.12428,0.89739,0.01053,0.99000,-0.12594,0.89616,0.03002,0.99000
2,0.9000,raise_hand,0.19204,-0.50358,0.00593,0.99000,-0.19812,-0.50186,0.00605,0.99000,0.23142,-0.19041,-0.00689,0.99000,-0.50026,-0.47061,0.00088,0.99000,0.21852,0.07113,-0.00097,0.99000,-0.76455,-0.39160,0.00123,0.99000,0.12467,0.01327,0.00767,0.99000,-0.12091,-0.00154,-0.00146,0.99000,0.12354,0.44898,0.00167,0.99000,-0.12755,0.44881,-0.00220,0.99000,0.12017,0.90098,0.02364,0.99000,-0.12212,0.89863,0.01762,0.99000
2,0.9500,raise_hand,0.19321,-0.49667,-0.00212,0.99000,-0.20253,-0.50414,0.00459,0.99000,0.22826,-0.20233,-0.00339,0.99000,-0.49954,-0.48934,-0.00408,0.99000,0.22102,0.06899,0.00199,0.99000,-0.76517,-0.45239,0.00310,0.99000,0.12624,0.00207,0.00226,0.99000,-0.12236,0.00356,-0.00074,0.99000,0.12099,0.44634,-0.00435,0.99000,-0.12293,0.44895,0.00037,0.99000,0.11873,0.89256,0.02148,0.99000,-0.11757,0.89944,0.02636,0.99000
2,1.0000,raise_hand,0.19752,-0.49496,-0.00374,0.99000,-0.18991,-0.49999,0.00100,0.99000,0.23431,-0.19902,0.00002,0.99000,-0.49853,-0.52662,-0.00485,0.99000,0.22671,0.07456,-0.00598,0.99000,-0.76745,-0.51391,0.00340,0.99000,0.13213,-0.00690,0.00026,0.99000,-0.12052,-0.00208,-0.00142,0.99000,0.12926,0.44352,-0.00049,0.99000,-0.12298,0.45508,-0.00065,0.99000,0.11971,0.90177,0.02023,0.99000,-0.12196,0.90691,0.01932,0.99000
2,1.0500,raise_hand,0.19957,-0.49924,-0.00104,0.99000,-0.19652,-0.49697,-0.00380,0.99000,0.22422,-0.20186,-0.00325,0.99000,-0.49222,-0.55859,0.00138,0.99000,0.22196,0.07037,0.00323,0.99000,-0.76375,-0.56949,0.00212,0.99000,0.12435,-0.00607,0.00329,0.99000,-0.12448,-0.00005,-0.00004,0.99000,0.12540,0.44797,-0.00077,0.99000,-0.12058,0.45236,0.01001,0.99000,0.12062,0.90342,0.02893,0.99000,-0.12303,0.89540,0.02122,0.99000
2,1.1000,raise_hand,0.19712,-0.50324,0.00094,0.99000,-0.19968,-0.50156,-0.00296,0.99000,0.23586,-0.19858,0.00341,0.99000,-0.47656,-0.58499,-0.00250,0.99000,0.21500,0.06835,0.00439,0.99000,-0.75541,-0.62356,0.00330,0.99000,0.12862,-0.00022,0.00562,0.99000,-0.12432,0.00005,0.00544,0.99000,0.11847,0.45147,0.00147,0.99000,-0.12304,0.45292,0.00170,0.99000,0.12835,0.89582,0.02676,0.99000,-0.12515,0.90190,0.02674,0.99000
2,1.1500,raise_hand,0.19707,-0.50318,-0.00226,0.99000,-0.19763,-0.50345,-0.00097,0.99000,0.22799,-0.19481,0.00318,0.99000,-0.47515,-0.61741,-0.00233,0.99000,0.22771,0.06480,-0.00196,0.99000,-0.74254,-0.68272,0.00008,0.99000,0.13007,-0.00637,0.00087,0.99000,-0.12967,0.00064,-0.00608,0.99000,0.12844,0.45677,-0.00277,0.99000,-0.12280,0.45251,-0.00158,0.99000,0.12244,0.89939,0.02373,0.99000,-0.12625,0.89968,0.02727,0.99000
2,1.2000,raise_hand,0.19978,-0.50317,-0.00176,0.99000,-0.20300,-0.49815,0.00037,0.99000,0.22786,-0.20303,-0.00357,0.99000,-0.46199,-0.63858,0.00056,0.99000,0.21544,0.06172,0.00273,0.99000,-0.71838,-0.73572,-0.00009,0.99000,0.11843,0.00205,-0.00161,0.99000,-0.12610,0.00854,-0.00012,0.99000,0.12484,0.44555,0.00828,0.99000,-0.12513,0.45302,-0.00051,0.99000,0.12767,0.89831,0.02208,0.99000,-0.12577,0.89621,0.01816,0.99000
2,1.2500,raise_hand,0.19982,-0.50013,-0.00135,0.99000,-0.19855,-0.50259,-0.00439,0.99000,0.23814,-0.19525,-0.00401,0.99000,-0.45452,-0.67317,0.00025,0.99000,0.22189,0.06001,-0.00362,0.99000,-0.69873,-0.77668,0.00291,0.99000,0.12990,0.00229,-0.00389,0.99000,-0.12075,0.00109,0.00769,0.99000,0.12849,0.45632,0.00606,0.99000,-0.11905,0.44362,0.00236,0.99000,0.12285,0.89266,0.02388,0.99000,-0.12779,0.89241,0.01538,0.99000
2,1.3000,raise_hand,0.19792,-0.50462,-0.00313,0.99000,-0.20499,-0.50750,-0.00020,0.99000,0.23572,-0.20529,0.00268,0.99000,-0.43525,-0.68824,-0.00146,0.99000,0.21749,0.06419,0.00077,0.99000,-0.66842,-0.82220,0.00613,0.99000,0.12690,-0.00604,-0.00253,0.99000,-0.12843,-0.00366,-0.00233,0.99000,0.13377,0.45578,0.00093,0.99000,-0.12142,0.45139,-0.00594,0.99000,0.12502,0.90509,0.01552,0.99000,-0.12602,0.90273,0.02109,0.99000
2,1.3500,raise_hand,0.20431,-0.49931,-0.00570,0.99000,-0.19938,-0.49479,0.00381,0.99000,0.23071,-0.20189,-0.00861,0.99000,-0.41890,-0.69796,-0.00249,0.99000,0.21626,0.06631,-0.00005,0.99000,-0.64487,-0.85795,0.00439,0.99000,0.13408,-0.00173,0.00609,0.99000,-0.12528,-0.00423,0.00433,0.99000,0.12247,0.44484,-0.00324,0.99000,-0.12236,0.45172,0.00168,0.99000,0.12141,0.90474,0.01495,0.99000,-0.12372,0.89816,0.02848,0.99000
2,1.4000,raise_hand,0.20386,-0.50030,0.00411,0.99000,-0.20015,-0.49975,-0.00138,0.99000,0.22979,-0.20064,0.00383,0.99000,-0.40305,-0.72326,-0.00111,0.99000,0.21634,0.06551,-0.00418,0.99000,-0.61417,-0.88650,0.00040,0.99000,0.13455,0.00029,-0.00379,0.99000,-0.12483,0.00507,-0.00171,0.99000,0.12283,0.44376,0.00142,0.99000,-0.12813,0.44809,0.00584,0.99000,0.11767,0.89987,0.02372,0.99000,-0.13205,0.89201,0.02678,0.99000
2,1.4500,raise_hand,0.19666,-0.49436,-0.00052,0.99000,-0.19768,-0.49837,0.00037,0.99000,0.23199,-0.19961,-0.00723,0.99000,-0.38875,-0.73349,0.00270,0.99000,0.21478,0.06668,-0.00530,0.99000,-0.59271,-0.90601,0.00474,0.99000,0.11895,0.00193,0.00020,0.99000,-0.11958,0.00404,-0.00406,0.99000,0.12328,0.44765,-0.00220,0.99000,-0.12136,0.45093,-0.00266,0.99000,0.12497,0.89722,0.03508,0.99000,-0.12056,0.89476,0.02328,0.99000
2,1.5000,raise_hand,0.19185,-0.49899,0.00579,0.99000,-0.20441,-0.49854,0.00827,0.99000,0.22841,-0.19717,-0.00175,0.99000,-0.38076,-0.74092,0.00073,0.99000,0.22192,0.07322,-0.00273,0.99000,-0.56885,-0.93109,0.00020,0.99000,0.12972,0.00177,-0.00201,0.99000,-0.12928,0.00561,-0.00319,0.99000,0.11952,0.45216,-0.00258,0.99000,-0.12200,0.45039,-0.00992,0.99000,0.12555,0.90731,0.02176,0.99000,-0.12949,0.90393,0.02004,0.99000
2,1.5500,raise_hand,0.20178,-0.49340,0.00163,0.99000,-0.20149,-0.49586,-0.00075,0.99000,0.22829,-0.20487,0.00546,0.99000,-0.36585,-0.74313,-0.00703,0.99000,0.21467,0.06001,-0.00495,0.99000,-0.54863,-0.95003,-0.00174,0.99000,0.12546,-0.00224,-0.00085,0.99000,-0.12378,0.00020,-0.00253,0.99000,0.13094,0.44657,-0.00039,0.99000,-0.12305,0.44954,0.00125,0.99000,0.12519,0.89682,0.01761,0.99000,-0.12030,0.89916,0.02384,0.99000
2,1.6000,raise_hand,0.19480,-0.49340,-0.00496,0.99000,-0.19858,-0.49925,0.00741,0.99000,0.23723,-0.20021,-0.00487,0.99000,-0.36147,-0.74390,0.00542,0.99000,0.21834,0.07125,0.00485,0.99000,-0.53381,-0.94848,0.00187,0.99000,0.12002,-0.00092,0.00054,0.99000,-0.12743,0.00386,-0.00041,0.99000,0.12608,0.44679,0.00324,0.99000,-0.12659,0.44293,-0.00405,0.99000,0.11809,0.90525,0.02675,0.99000,-0.11978,0.90322,0.02192,0.99000
2,1.6500,raise_hand,0.20592,-0.50091,-0.00134,0.99000,-0.19549,-0.50317,-0.00235,0.99000,0.22662,-0.20031,-0.00369,0.99000,-0.35319,-0.75746,0.00031,0.99000,0.22596,0.07218,-0.00019,0.99000,-0.52556,-0.96341,-0.00661,0.99000,0.12163,0.00012,0.00107,0.99000,-0.13113,-0.00079,-0.00253,0.99000,0.12840,0.45320,0.00122,0.99000,-0.11852,0.45419,-0.00597,0.99000,0.12352,0.89975,0.02500,0.99000,-0.12809,0.89979,0.02624,0.99000
2,1.7000,raise_hand,0.20342,-0.50132,-0.00308,0.99000,-0.20663,-0.49242,-0.00257,0.99000,0.22193,-0.20323,0.00230,0.99000,-0.35140,-0.75534,0.00895,0.99000,0.21872,0.07030,-0.00147,0.99000,-0.53052,-0.97090,-0.00309,0.99000,0.12259,-0.00450,-0.00364,0.99000,-0.12564,-0.01004,0.00126,0.99000,0.11906,0.44692,-0.00151,0.99000,-0.12595,0.45502,-0.00085,0.99000,0.12763,0.89314,0.02456,0.99000,-0.12779,0.89481,0.02670,0.99000
2,1.7500,raise_hand,0.20216,-0.49969,0.00038,0.99000,-0.20003,-0.50189,0.00118,0.99000,0.23165,-0.19719,-0.00469,0.99000,-0.35347,-0.75815,0.00426,0.99000,0.21788,0.06012,0.00922,0.99000,-0.51672,-0.97261,-0.00317,0.99000,0.11951,0.00910,-0.00164,0.99000,-0.12650,-0.00057,0.00323,0.99000,0.12483,0.45352,0.00290,0.99000,-0.12605,0.44902,-0.00440,0.99000,0.12756,0.89936,0.02030,0.99000,-0.11920,0.90148,0.02307,0.99000
2,1.8000,raise_hand,0.20282,-0.49768,0.00037,0.99000,-0.20249,-0.50008,0.00316,0.99000,0.23441,-0.20556,0.00084,0.99000,-0.35315,-0.75443,0.00365,0.99000,0.22610,0.07342,0.00565,0.99000,-0.52438,-0.96966,-0.00712,0.99000,0.12966,0.00183,0.00713,0.99000,-0.12762,0.00348,0.00479,0.99000,0.12028,0.44985,-0.00168,0.99000,-0.12286,0.45553,-0.00239,0.99000,0.13008,0.90603,0.01955,0.99000,-0.13043,0.89010,0.02637,0.99000
2,1.8500,raise_hand,0.19702,-0.49826,-0.01115,0.99000,-0.19934,-0.50128,0.00229,0.99000,0.22699,-0.19937,-0.00300,0.99000,-0.36041,-0.75205,-0.00457,0.99000,0.21893,0.06977,-0.00480,0.99000,-0.51457,-0.96381,0.00330,0.99000,0.12608,0.00164,0.00292,0.99000,-0.12174,0.00878,0.00237,0.99000,0.12957,0.45004,0.00044,0.99000,-0.12653,0.45105,-0.00681,0.99000,0.13160,0.90240,0.02885,0.99000,-0.12807,0.90369,0.01986,0.99000
2,1.9000,raise_hand,0.20267,-0.49714,0.00015,0.99000,-0.19541,-0.50230,-0.00182,0.99000,0.22718,-0.20217,0.00001,0.99000,-0.35425,-0.75609,-0.00100,0.99000,0.22005,0.07497,0.00126,0.99000,-0.52173,-0.97091,0.00100,0.99000,0.12240,0.00406,0.00208,0.99000,-0.12626,-0.00031,0.00328,0.99000,0.12635,0.44332,0.00186,0.99000,-0.12627,0.45051,-0.00114,0.99000,0.12689,0.90456,0.02228,0.99000,-0.11913,0.90664,0.02720,0.99000
2,1.9500,raise_hand,0.19734,-0.49583,0.00175,0.99000,-0.19666,-0.50258,0.00698,0.99000,0.23345,-0.20162,-0.00979,0.99000,-0.34677,-0.75928,0.00995,0.99000,0.22384,0.06689,0.00432,0.99000,-0.53065,-0.97148,-0.00343,0.99000,0.13487,-0.00067,0.00663,0.99000,-0.12256,-0.00151,-0.00132,0.99000,0.12546,0.45174,0.00143,0.99000,-0.12625,0.45237,0.00275,0.99000,0.12059,0.89617,0.02128,0.99000,-0.12529,0.90699,0.02693,0.99000
2,2.0000,raise_hand,0.19697,-0.49631,-0.00606,0.99000,-0.19764,-0.50236,-0.00549,0.99000,0.22629,-0.20529,-0.00252,0.99000,-0.35715,-0.75942,-0.00094,0.99000,0.21873,0.06423,0.00518,0.99000,-0.52294,-0.97528,-0.00082,0.99000,0.13092,0.00209,-0.01166,0.99000,-0.12714,0.00136,0.00829,0.99000,0.12494,0.45321,-0.00238,0.99000,-0.12620,0.44952,0.00159,0.99000,0.12894,0.90127,0.02525,0.99000,-0.12496,0.89950,0.02878,0.99000
2,2.0500,raise_hand,0.19590,-0.49957,-0.00736,0.99000,-0.19893,-0.50356,-0.00494,0.99000,0.23945,-0.19394,0.00405,0.99000,-0.35233,-0.76270,0.00177,0.99000,0.21367,0.06210,0.00273,0.99000,-0.52674,-0.97541,0.00285,0.99000,0.12582,0.00133,0.00164,0.99000,-0.12863,-0.00390,-0.00023,0.99000,0.12162,0.44792,-0.00063,0.99000,-0.12397,0.44887,0.00435,0.99000,0.12365,0.91186,0.01892,0.99000,-0.12749,0.90013,0.02078,0.99000
2,2.1000,raise_hand,0.20036,-0.49850,-0.00083,0.99000,-0.20373,-0.50420,0.00175,0.99000,0.22757,-0.20753,-0.00195,0.99000,-0.34732,-0.76444,0.00566,0.99000,0.21916,0.07296,-0.00841,0.99000,-0.51577,-0.97298,0.00638,0.99000,0.12092,0.00135,0.00072,0.99000,-0.12219,0.00203,0.00425,0.99000,0.11702,0.45173,0.00121,0.99000,-0.12889,0.45568,-0.00728,0.99000,0.12332,0.89987,0.01974,0.99000,-0.12673,0.89946,0.02048,0.99000
2,2.1500,raise_hand,0.21154,-0.49442,0.00649,0.99000,-0.20492,-0.49221,-0.00847,0.99000,0.23249,-0.19992,-0.00342,0.99000,-0.35362,-0.75419,-0.00083,0.99000,0.22696,0.06661,-0.00153,0.99000,-0.52122,-0.97018,0.00593,0.99000,0.12814,-0.00269,0.00243,0.99000,-0.12483,-0.00437,0.00228,0.99000,0.12746,0.45107,0.00361,0.99000,-0.11889,0.44981,-0.00029,0.99000,0.12717,0.90170,0.02679,0.99000,-0.12451,0.89907,0.02536,0.99000
2,2.2000,raise_hand,0.19091,-0.50589,0.00445,0.99000,-0.20793,-0.50566,-0.00076,0.99000,0.22814,-0.20429,0.00006,0.99000,-0.35675,-0.75306,0.00234,0.99000,0.21029,0.07365,-0.00789,0.99000,-0.51561,-0.96919,0.00594,0.99000,0.12292,-0.00317,0.00186,0.99000,-0.12365,-0.00522,0.00340,0.99000,0.12102,0.45189,0.00513,0.99000,-0.12395,0.45208,-0.00626,0.99000,0.12826,0.89384,0.01856,0.99000,-0.12077,0.89664,0.02563,0.99000
2,2.2500,raise_hand,0.19948,-0.49556,0.00256,0.99000,-0.19647,-0.49261,0.00018,0.99000,0.22534,-0.20230,-0.00270,0.99000,-0.35815,-0.76226,-0.00232,0.99000,0.21633,0.07364,0.00335,0.99000,-0.52227,-0.96649,-0.00226,0.99000,0.12833,0.00220,-0.00058,0.99000,-0.12061,-0.00075,0.00251,0.99000,0.12526,0.45001,0.00220,0.99000,-0.12973,0.45368,0.00360,0.99000,0.13212,0.90586,0.02503,0.99000,-0.12254,0.89736,0.02108,0.99000
2,2.3000,raise_hand,0.19867,-0.50249,0.00086,0.99000,-0.19983,-0.50169,0.00025,0.99000,0.22596,-0.20061,-0.00224,0.99000,-0.34956,-0.75572,-0.00490,0.99000,0.21521,0.06863,-0.00630,0.99000,-0.52272,-0.97212,-0.00254,0.99000,0.12949,0.00354,-0.00354,0.99000,-0.12349,-0.00420,0.00708,0.99000,0.12308,0.45002,0.00092,0.99000,-0.12142,0.45478,0.00174,0.99000,0.12441,0.89962,0.02449,0.99000,-0.12346,0.90241,0.02346,0.99000
2,2.3500,raise_hand,0.19887,-0.50495,-0.00156,0.99000,-0.20528,-0.50384,0.00216,0.99000,0.22687,-0.20003,0.00212,0.99000,-0.35524,-0.75733,0.00421,0.99000,0.21242,0.07158,0.00096,0.99000,-0.52232,-0.96993,-0.00560,0.99000,0.12414,-0.00052,0.00013,0.99000,-0.13092,-0.00711,-0.00095,0.99000,0.12459,0.44347,0.00577,0.99000,-0.12005,0.45388,0.00749,0.99000,0.12600,0.89790,0.02505,0.99000,-0.12879,0.90625,0.02080,0.99000
2,2.4000,raise_hand,0.19466,-0.50275,0.00460,0.99000,-0.20104,-0.50499,0.00473,0.99000,0.22342,-0.19942,-0.00135,0.99000,-0.35194,-0.75748,-0.00611,0.99000,0.22045,0.06486,-0.00497,0.99000,-0.52081,-0.96822,-0.00061,0.99000,0.12474,0.00454,0.00233,0.99000,-0.13150,0.00096,-0.00333,0.99000,0.13001,0.45015,-0.00164,0.99000,-0.12068,0.45683,0.00006,0.99000,0.12470,0.90432,0.02714,0.99000,-0.12565,0.89448,0.02616,0.99000
2,2.4500,raise_hand,0.19649,-0.49762,-0.00208,0.99000,-0.20398,-0.49728,-0.00167,0.99000,0.22859,-0.21253,-0.00094,0.99000,-0.35043,-0.75424,0.00098,0.99000,0.22373,0.06808,-0.00134,0.99000,-0.52225,-0.97786,-0.00283,0.99000,0.12902,0.00309,0.00288,0.99000,-0.12186,-0.00297,-0.00107,0.99000,0.13149,0.45446,0.00023,0.99000,-0.12129,0.45847,-0.00020,0.99000,0.12988,0.90480,0.02030,0.99000,-0.12872,0.89733,0.02147,0.99000
2,2.5000,raise_hand,0.19994,-0.49576,0.00096,0.99000,-0.19594,-0.50182,0.00887,0.99000,0.22925,-0.19795,0.01008,0.99000,-0.35373,-0.76092,0.00327,0.99000,0.22067,0.06768,-0.00165,0.99000,-0.52192,-0.97102,0.00171,0.99000,0.12281,0.00196,-0.00475,0.99000,-0.12215,-0.00626,0.00047,0.99000,0.12142,0.45482,0.00870,0.99000,-0.11942,0.44022,-0.00085,0.99000,0.12603,0.89790,0.02695,0.99000,-0.12373,0.89310,0.02434,0.99000
2,2.5500,raise_hand,0.19954,-0.50169,-0.00281,0.99000,-0.19889,-0.49826,-0.00146,0.99000,0.23018,-0.20063,-0.00288,0.99000,-0.35011,-0.75686,0.00705,0.99000,0.21347,0.06911,0.00820,0.99000,-0.51670,-0.96349,-0.00598,0.99000,0.13482,-0.00186,-0.00558,0.99000,-0.11769,-0.00234,0.00139,0.99000,0.12354,0.44937,0.00053,0.99000,-0.12482,0.45297,-0.00071,0.99000,0.12846,0.90047,0.02838,0.99000,-0.11896,0.90892,0.02291,0.99000
2,2.6000,raise_hand,0.20393,-0.50108,0.00141,0.99000,-0.19612,-0.50086,-0.00154,0.99000,0.23118,-0.20395,-0.00236,0.99000,-0.34875,-0.76240,-0.00169,0.99000,0.21386,0.06623,-0.00101,0.99000,-0.51669,-0.96967,-0.00136,0.99000,0.12220,-0.00114,0.00051,0.99000,-0.12409,-0.00233,-0.00340,0.99000,0.13029,0.44051,-0.00701,0.99000,-0.12798,0.44372,-0.00563,0.99000,0.13222,0.90431,0.02405,0.99000,-0.12889,0.89782,0.01953,0.99000
2,2.6500,raise_hand,0.20662,-0.50278,0.00455,0.99000,-0.20491,-0.50444,0.00329,0.99000,0.23212,-0.20433,-0.00488,0.99000,-0.35217,-0.75609,-0.00137,0.99000,0.22152,0.06887,0.00016,0.99000,-0.51742,-0.96636,-0.00217,0.99000,0.12581,-0.00167,0.00409,0.99000,-0.12148,-0.00071,-0.00308,0.99000,0.12555,0.44621,-0.00163,0.99000,-0.12453,0.44499,-0.00444,0.99000,0.12177,0.90078,0.02372,0.99000,-0.12794,0.90336,0.02703,0.99000
2,2.7000,raise_hand,0.20362,-0.49835,0.00425,0.99000,-0.20050,-0.50859,-0.00996,0.99000,0.23152,-0.20363,0.00156,0.99000,-0.35070,-0.75627,0.00148,0.99000,0.21244,0.06553,-0.00533,0.99000,-0.52645,-0.97444,0.00274,0.99000,0.12828,0.00540,-0.00286,0.99000,-0.11413,-0.00288,-0.00088,0.99000,0.12675,0.44149,-0.00149,0.99000,-0.12600,0.44785,0.00147,0.99000,0.12406,0.89597,0.02025,0.99000,-0.12588,0.89921,0.01960,0.99000
2,2.7500,raise_hand,0.19772,-0.50599,-0.00507,0.99000,-0.20342,-0.49903,-0.00231,0.99000,0.22524,-0.19853,-0.00696,0.99000,-0.35087,-0.76222,0.00086,0.99000,0.21991,0.07303,0.00544,0.99000,-0.52075,-0.97275,-0.00038,0.99000,0.11822,0.00383,-0.00520,0.99000,-0.12582,-0.00091,0.00125,0.99000,0.11748,0.44732,0.00058,0.99000,-0.12592,0.46205,0.00329,0.99000,0.11874,0.89579,0.02637,0.99000,-0.13598,0.90472,0.02625,0.99000
2,2.8000,raise_hand,0.20891,-0.49740,0.00455,0.99000,-0.19955,-0.50347,-0.00451,0.99000,0.22922,-0.19998,0.00343,0.99000,-0.35172,-0.75292,0.00277,0.99000,0.22300,0.06465,-0.00698,0.99000,-0.51328,-0.96953,-0.00511,0.99000,0.12244,0.00532,0.00293,0.99000,-0.12163,0.00511,0.00222,0.99000,0.13267,0.45216,-0.00219,0.99000,-0.12617,0.45329,0.00288,0.99000,0.12725,0.89864,0.02056,0.99000,-0.12529,0.90069,0.02257,0.99000
2,2.8500,raise_hand,0.19892,-0.49784,0.00179,0.99000,-0.20552,-0.50725,0.00242,0.99000,0.23086,-0.19740,0.00120,0.99000,-0.35699,-0.75918,-0.00187,0.99000,0.22104,0.07113,-0.00071,0.99000,-0.51687,-0.97309,0.00197,0.99000,0.12272,-0.00267,-0.00291,0.99000,-0.12460,0.00485,0.01002,0.99000,0.12567,0.44800,0.00188,0.99000,-0.12371,0.44567,0.00140,0.99000,0.12427,0.89279,0.02291,0.99000,-0.12075,0.90769,0.01621,0.99000
2,2.9000,raise_hand,0.20645,-0.50307,0.00208,0.99000,-0.19275,-0.49723,-0.00264,0.99000,0.23328,-0.20738,-0.00532,0.99000,-0.34751,-0.75518,-0.00509,0.99000,0.21776,0.06438,-0.00079,0.99000,-0.52382,-0.96628,0.00286,0.99000,0.12891,0.00159,-0.00667,0.99000,-0.12292,0.00102,-0.00413,0.99000,0.12760,0.45099,0.00538,0.99000,-0.11874,0.44665,0.00355,0.99000,0.11911,0.89363,0.02037,0.99000,-0.12593,0.90283,0.02344,0.99000
2,2.9500,raise_hand,0.20374,-0.49792,0.00799,0.99000,-0.20452,-0.49752,0.00582,0.99000,0.23208,-0.20114,0.00377,0.99000,-0.35111,-0.75315,0.00203,0.99000,0.21149,0.07078,0.00279,0.99000,-0.52039,-0.96523,-0.00059,0.99000,0.12680,0.00586,-0.00151,0.99000,-0.12173,-0.00086,-0.00359,0.99000,0.12776,0.44944,-0.00361,0.99000,-0.12553,0.45342,-0.00086,0.99000,0.11796,0.89691,0.02281,0.99000,-0.12226,0.89705,0.02704,0.99000
2,3.0000,raise_hand,0.19653,-0.50133,-0.00061,0.99000,-0.19146,-0.50066,-0.00373,0.99000,0.23286,-0.19196,-0.00535,0.99000,-0.35626,-0.75932,0.00407,0.99000,0.21624,0.07054,-0.00051,0.99000,-0.51985,-0.97677,-0.00571,0.99000,0.12029,0.00053,0.00185,0.99000,-0.12311,0.00610,0.00184,0.99000,0.12849,0.45098,-0.00325,0.99000,-0.11981,0.44926,0.00271,0.99000,0.12750,0.90150,0.02270,0.99000,-0.12456,0.90296,0.02194,0.99000
2,3.0500,raise_hand,0.20216,-0.50007,0.00010,0.99000,-0.19878,-0.50654,-0.00195,0.99000,0.22973,-0.19905,-0.01110,0.99000,-0.36326,-0.76043,-0.00649,0.99000,0.22311,0.07040,0.00234,0.99000,-0.52362,-0.97083,-0.00055,0.99000,0.12541,-0.00127,-0.00105,0.99000,-0.12046,-0.00474,0.01103,0.99000,0.12829,0.45780,0.00178,0.99000,-0.13159,0.44515,0.00058,0.99000,0.12962,0.90232,0.02210,0.99000,-0.12312,0.89883,0.02409,0.99000
2,3.1000,raise_hand,0.20576,-0.50258,-0.00092,0.99000,-0.20069,-0.50633,0.00246,0.99000,0.23178,-0.20574,-0.00343,0.99000,-0.35925,-0.75980,0.00194,0.99000,0.22116,0.06458,-0.00701,0.99000,-0.51886,-0.96611,0.00073,0.99000,0.12402,0.00491,-0.00075,0.99000,-0.12329,-0.00299,-0.00976,0.99000,0.12418,0.44751,0.00574,0.99000,-0.12711,0.44762,0.00779,0.99000,0.12018,0.89668,0.01994,0.99000,-0.12509,0.90003,0.01250,0.99000
2,3.1500,raise_hand,0.20436,-0.49723,0.00199,0.99000,-0.19742,-0.50416,0.00029,0.99000,0.22892,-0.19756,0.00263,0.99000,-0.35256,-0.74834,-0.00322,0.99000,0.21442,0.06740,-0.00125,0.99000,-0.51579,-0.96742,-0.00671,0.99000,0.12235,0.00026,-0.00280,0.99000,-0.12456,0.00246,0.00261,0.99000,0.11859,0.44563,0.00131,0.99000,-0.12633,0.45695,0.00190,0.99000,0.12374,0.90254,0.01979,0.99000,-0.12500,0.90026,0.02492,0.99000
2,3.2000,raise_hand,0.19956,-0.49853,0.00374,0.99000,-0.20106,-0.49188,-0.00632,0.99000,0.23324,-0.20285,-0.00729,0.99000,-0.35113,-0.75681,0.00242,0.99000,0.22294,0.06521,0.00416,0.99000,-0.52182,-0.97185,-0.00474,0.99000,0.12424,0.00174,0.00702,0.99000,-0.12284,-0.00133,0.00100,0.99000,0.11712,0.45255,-0.00508,0.99000,-0.12497,0.45473,0.00167,0.99000,0.12824,0.90143,0.02574,0.99000,-0.12389,0.90133,0.02148,0.99000
2,3.2500,raise_hand,0.20248,-0.49217,-0.00322,0.99000,-0.19444,-0.49873,0.00410,0.99000,0.23061,-0.19816,-0.00619,0.99000,-0.34830,-0.75485,-0.00463,0.99000,0.21549,0.06902,0.00434,0.99000,-0.52067,-0.97102,-0.00351,0.99000,0.12713,-0.00337,0.00360,0.99000,-0.11589,-0.00527,-0.00226,0.99000,0.12117,0.45044,-0.00140,0.99000,-0.12734,0.45317,-0.00203,0.99000,0.12761,0.89840,0.02048,0.99000,-0.12471,0.90022,0.02259,0.99000
2,3.3000,raise_hand,0.19960,-0.50310,-0.00047,0.99000,-0.20910,-0.50199,0.00212,0.99000,0.23090,-0.20102,0.00033,0.99000,-0.34745,-0.76237,-0.00326,0.99000,0.21262,0.07002,0.00071,0.99000,-0.52905,-0.96323,0.00160,0.99000,0.12325,-0.00546,-0.00189,0.99000,-0.12893,-0.00425,-0.00053,0.99000,0.13332,0.44454,-0.00034,0.99000,-0.12949,0.44290,0.00160,0.99000,0.12604,0.90146,0.02576,0.99000,-0.12734,0.89558,0.02129,0.99000
2,3.3500,raise_hand,0.19849,-0.49884,-0.00335,0.99000,-0.19883,-0.50362,-0.00389,0.99000,0.22742,-0.19640,-0.00117,0.99000,-0.34745,-0.75696,-0.00407,0.99000,0.21305,0.07545,-0.00090,0.99000,-0.52088,-0.97048,-0.00132,0.99000,0.12121,0.00645,0.00396,0.99000,-0.12278,0.00192,0.00197,0.99000,0.13308,0.44766,0.00454,0.99000,-0.12642,0.45584,0.00017,0.99000,0.12362,0.90097,0.02194,0.99000,-0.12075,0.89796,0.02850,0.99000
2,3.4000,raise_hand,0.19898,-0.49988,-0.00233,0.99000,-0.19916,-0.50221,0.00003,0.99000,0.23176,-0.19775,-0.00102,0.99000,-0.35598,-0.75622,-0.00026,0.99000,0.22452,0.06952,0.00130,0.99000,-0.52380,-0.97439,0.00532,0.99000,0.12278,0.00822,0.00188,0.99000,-0.12960,0.00417,0.00307,0.99000,0.12531,0.45306,0.00194,0.99000,-0.11786,0.44744,0.00299,0.99000,0.12467,0.89803,0.02100,0.99000,-0.12568,0.89446,0.02521,0.99000
2,3.4500,raise_hand,0.19803,-0.49650,-0.00278,0.99000,-0.20465,-0.49879,0.00180,0.99000,0.22521,-0.20130,-0.00441,0.99000,-0.35465,-0.75828,-0.00348,0.99000,0.21269,0.06310,-0.00206,0.99000,-0.52971,-0.97164,-0.00432,0.99000,0.12594,-0.00365,-0.00285,0.99000,-0.12149,-0.00910,-0.00630,0.99000,0.11984,0.44444,-0.00045,0.99000,-0.12183,0.44692,0.00550,0.99000,0.12735,0.90187,0.02137,0.99000,-0.12141,0.90297,0.01578,0.99000
2,3.5000,raise_hand,0.20305,-0.49789,-0.00102,0.99000,-0.19982,-0.49764,0.00381,0.99000,0.22719,-0.20015,0.00116,0.99000,-0.35811,-0.75596,0.00373,0.99000,0.21912,0.07031,-0.00457,0.99000,-0.53549,-0.95770,0.00554,0.99000,0.13124,-0.00351,0.00019,0.99000,-0.12770,-0.00445,0.00210,0.99000,0.12046,0.44614,0.00386,0.99000,-0.12469,0.45342,-0.00101,0.99000,0.12657,0.89327,0.01181,0.99000,-0.13295,0.90470,0.01834,0.99000
2,3.5500,raise_hand,0.20333,-0.49698,-0.00291,0.99000,-0.20475,-0.50169,-0.00132,0.99000,0.23031,-0.19856,-0.00817,0.99000,-0.37717,-0.74003,0.00415,0.99000,0.20918,0.06590,-0.00675,0.99000,-0.56694,-0.93052,-0.00609,0.99000,0.12669,-0.00179,-0.00055,0.99000,-0.12272,-0.00386,0.00363,0.99000,0.12639,0.44922,-0.00081,0.99000,-0.11813,0.44620,0.00691,0.99000,0.12331,0.89590,0.01841,0.99000,-0.12218,0.89610,0.02178,0.99000
2,3.6000,raise_hand,0.19872,-0.49827,0.00176,0.99000,-0.19908,-0.50321,-0.00183,0.99000,0.22571,-0.20233,0.00416,0.99000,-0.40360,-0.72195,-0.00156,0.99000,0.21459,0.07042,-0.00118,0.99000,-0.61207,-0.88076,0.00062,0.99000,0.12703,0.00669,-0.00101,0.99000,-0.12658,-0.00238,0.00586,0.99000,0.12446,0.45349,-0.00465,0.99000,-0.12077,0.45013,-0.00619,0.99000,0.12713,0.90441,0.02155,0.99000,-0.12590,0.90429,0.02523,0.99000
2,3.6500,raise_hand,0.19512,-0.49914,0.00325,0.99000,-0.19931,-0.50372,0.00348,0.99000,0.22683,-0.20314,-0.00418,0.99000,-0.43564,-0.68237,0.00440,0.99000,0.22467,0.07088,0.00460,0.99000,-0.67147,-0.81854,0.00222,0.99000,0.12258,0.00099,0.00505,0.99000,-0.12948,0.00300,-0.00511,0.99000,0.12336,0.45800,-0.00039,0.99000,-0.12679,0.45312,0.00001,0.99000,0.12542,0.89311,0.02488,0.99000,-0.12717,0.90055,0.02366,0.99000
2,3.7000,raise_hand,0.20159,-0.49355,0.00203,0.99000,-0.20130,-0.49521,0.00895,0.99000,0.22926,-0.20123,-0.00677,0.99000,-0.46681,-0.65118,-0.00271,0.99000,0.21674,0.06306,-0.00368,0.99000,-0.72271,-0.73687,-0.00378,0.99000,0.12030,-0.00542,0.00172,0.99000,-0.12049,-0.00165,0.00157,0.99000,0.11716,0.45502,-0.00683,0.99000,-0.12193,0.44976,-0.00311,0.99000,0.12547,0.89477,0.02488,0.99000,-0.12740,0.89656,0.02726,0.99000
2,3.7500,raise_hand,0.20063,-0.50185,0.00515,0.99000,-0.19359,-0.49726,-0.00079,0.99000,0.22751,-0.20013,0.00281,0.99000,-0.48449,-0.59189,-0.00043,0.99000,0.21154,0.06656,-0.00354,0.99000,-0.75463,-0.62134,-0.00233,0.99000,0.12653,0.00075,0.00207,0.99000,-0.13185,-0.00309,-0.00031,0.99000,0.12422,0.45534,-0.00479,0.99000,-0.12948,0.44869,0.00012,0.99000,0.12447,0.90122,0.02325,0.99000,-0.11863,0.89592,0.02299,0.99000
2,3.8000,raise_hand,0.20667,-0.50046,0.00341,0.99000,-0.20061,-0.50405,0.00917,0.99000,0.23537,-0.19897,-0.00241,0.99000,-0.50009,-0.52532,0.00571,0.99000,0.21802,0.06932,-0.00125,0.99000,-0.76549,-0.51323,-0.00106,0.99000,0.11789,-0.00338,-0.00832,0.99000,-0.12060,0.00396,0.00705,0.99000,0.12413,0.44808,-0.00156,0.99000,-0.12770,0.44638,0.00059,0.99000,0.12844,0.90618,0.02579,0.99000,-0.13035,0.90023,0.02094,0.99000
2,3.8500,raise_hand,0.19385,-0.49911,-0.00769,0.99000,-0.19987,-0.50539,0.00139,0.99000,0.22962,-0.20358,-0.00507,0.99000,-0.50292,-0.46598,0.00174,0.99000,0.21572,0.06295,0.00407,0.99000,-0.76297,-0.39500,-0.00028,0.99000,0.12451,-0.00647,-0.00199,0.99000,-0.12726,0.00291,0.00735,0.99000,0.12156,0.44587,-0.00179,0.99000,-0.11789,0.44838,-0.00469,0.99000,0.12208,0.90081,0.02397,0.99000,-0.12745,0.89848,0.02527,0.99000
2,3.9000,raise_hand,0.19897,-0.49990,0.00167,0.99000,-0.19482,-0.49993,0.00334,0.99000,0.22908,-0.20618,0.00355,0.99000,-0.48564,-0.39404,0.00002,0.99000,0.21825,0.06727,-0.00276,0.99000,-0.71638,-0.26562,0.00421,0.99000,0.13120,-0.00701,-0.00149,0.99000,-0.12497,0.00561,-0.00497,0.99000,0.12558,0.44892,-0.00001,0.99000,-0.11868,0.45752,-0.00041,0.99000,0.11903,0.89829,0.02641,0.99000,-0.12320,0.90489,0.02838,0.99000
2,3.9500,raise_hand,0.20040,-0.49431,-0.00796,0.99000,-0.20626,-0.50002,-0.00423,0.99000,0.22563,-0.19674,0.00102,0.99000,-0.45665,-0.34117,-0.00576,0.99000,0.22268,0.06793,0.00009,0.99000,-0.66086,-0.16257,0.00261,0.99000,0.12723,0.00073,-0.00875,0.99000,-0.12662,-0.00047,0.00550,0.99000,0.12029,0.44045,0.00442,0.99000,-0.12308,0.45225,-0.00281,0.99000,0.12577,0.89694,0.01957,0.99000,-0.12762,0.89761,0.02556,0.99000
2,4.0000,raise_hand,0.20607,-0.50465,0.00135,0.99000,-0.19990,-0.49419,0.00214,0.99000,0.22748,-0.20583,0.00340,0.99000,-0.41858,-0.29331,-0.00261,0.99000,0.21434,0.07106,-0.00212,0.99000,-0.58666,-0.07459,0.00004,0.99000,0.13029,0.00295,-0.00188,0.99000,-0.12076,0.00042,0.00526,0.99000,0.12560,0.45164,-0.00331,0.99000,-0.12442,0.44989,0.00579,0.99000,0.12445,0.90171,0.02957,0.99000,-0.12239,0.89372,0.02012,0.99000
2,4.0500,raise_hand,0.20599,-0.50855,0.00218,0.99000,-0.20201,-0.50196,-0.00699,0.99000,0.22851,-0.20479,0.00168,0.99000,-0.36679,-0.25575,0.00001,0.99000,0.21146,0.06679,0.00214,0.99000,-0.49135,-0.01894,-0.00269,0.99000,0.13102,-0.01145,-0.00718,0.99000,-0.13222,0.00675,0.00036,0.99000,0.12221,0.45780,0.01010,0.99000,-0.13026,0.45336,-0.00116,0.99000,0.11975,0.89652,0.02532,0.99000,-0.12562,0.89095,0.02488,0.99000
2,4.1000,raise_hand,0.20622,-0.49782,-0.00395,0.99000,-0.20157,-0.50525,0.00920,0.99000,0.23109,-0.20578,0.00001,0.99000,-0.32567,-0.22532,-0.00311,0.99000,0.21722,0.06595,-0.00410,0.99000,-0.41172,0.02495,-0.00791,0.99000,0.12853,0.00147,-0.00465,0.99000,-0.12360,-0.00256,0.00191,0.99000,0.12681,0.46158,0.00021,0.99000,-0.13423,0.45337,-0.00091,0.99000,0.13250,0.89663,0.02042,0.99000,-0.12303,0.90534,0.02404,0.99000
2,4.1500,raise_hand,0.20356,-0.50736,0.00543,0.99000,-0.20215,-0.50269,0.00680,0.99000,0.22746,-0.19195,0.00220,0.99000,-0.29119,-0.20961,0.00006,0.99000,0.22577,0.07645,-0.00753,0.99000,-0.33496,0.05675,0.00342,0.99000,0.12097,-0.00010,0.00024,0.99000,-0.12667,0.00235,-0.00143,0.99000,0.12769,0.45322,0.00511,0.99000,-0.12820,0.44691,0.00832,0.99000,0.12602,0.90310,0.02752,0.99000,-0.12336,0.89971,0.02834,0.99000
2,4.2000,raise_hand,0.19525,-0.50070,-0.00464,0.99000,-0.19859,-0.49405,-0.00415,0.99000,0.23542,-0.20397,0.00098,0.99000,-0.24795,-0.20472,-0.00071,0.99000,0.21829,0.07339,-0.00239,0.99000,-0.26798,0.06877,-0.00159,0.99000,0.12373,-0.00347,0.00089,0.99000,-0.12739,0.00197,-0.00064,0.99000,0.12146,0.45177,0.00423,0.99000,-0.12818,0.45365,0.00401,0.99000,0.12279,0.89360,0.02641,0.99000,-0.13174,0.90448,0.02509,0.99000
2,4.2500,raise_hand,0.19937,-0.49481,-0.00945,0.99000,-0.19838,-0.50437,-0.00097,0.99000,0.23520,-0.20179,0.00301,0.99000,-0.23546,-0.20583,-0.00449,0.99000,0.22125,0.06861,-0.00689,0.99000,-0.23660,0.06883,-0.00387,0.99000,0.12397,0.00531,-0.00030,0.99000,-0.12605,-0.00085,-0.00340,0.99000,0.12522,0.45463,0.00467,0.99000,-0.12452,0.45375,0.00408,0.99000,0.12062,0.90151,0.02109,0.99000,-0.12495,0.89953,0.02558,0.99000
2,4.3000,raise_hand,0.20291,-0.50006,-0.00035,0.99000,-0.20500,-0.49715,-0.00140,0.99000,0.23492,-0.20181,-0.00643,0.99000,-0.22970,-0.20187,0.00269,0.99000,0.21961,0.06843,0.00156,0.99000,-0.21848,0.06594,-0.00721,0.99000,0.12775,0.00168,-0.00746,0.99000,-0.12082,0.00224,-0.00522,0.99000,0.12650,0.44463,-0.00065,0.99000,-0.13034,0.45523,-0.00492,0.99000,0.13022,0.89929,0.02258,0.99000,-0.12183,0.89749,0.03141,0.99000
3,0.0000,raise_hand,0.20102,-0.49710,-0.00366,0.99000,-0.19551,-0.50370,-0.00100,0.99000,0.22714,-0.20412,-0.00334,0.99000,-0.22757,-0.20045,0.00050,0.99000,0.21573,0.06873,-0.00336,0.99000,-0.21599,0.06542,-0.00583,0.99000,0.12928,-0.00081,-0.00028,0.99000,-0.12766,-0.00278,-0.00303,0.99000,0.12501,0.44981,-0.00526,0.99000,-0.12471,0.45238,0.00580,0.99000,0.13062,0.90143,0.02291,0.99000,-0.12999,0.89874,0.01341,0.99000
3,0.0500,raise_hand,0.19786,-0.49973,0.00110,0.99000,-0.19585,-0.51044,-0.00264,0.99000,0.23466,-0.20181,-0.00047,0.99000,-0.23261,-0.20554,0.00398,0.99000,0.21868,0.06687,-0.00261,0.99000,-0.22934,0.06232,-0.00117,0.99000,0.12025,-0.00519,0.00072,0.99000,-0.12324,-0.00216,0.00020,0.99000,0.12989,0.44235,0.00145,0.99000,-0.12886,0.45381,-0.00183,0.99000,0.12171,0.89964,0.02569,0.99000,-0.11875,0.89717,0.01589,0.99000
3,0.1000,raise_hand,0.20016,-0.49411,-0.00222,0.99000,-0.19868,-0.49716,0.00736,0.99000,0.23317,-0.19642,0.00355,0.99000,-0.23984,-0.20303,-0.00806,0.99000,0.21759,0.06516,0.00366,0.99000,-0.24814,0.06078,0.00020,0.99000,0.13140,0.00297,0.00026,0.99000,-0.12302,-0.00782,0.00474,0.99000,0.13114,0.45371,0.00173,0.99000,-0.12298,0.45289,0.00161,0.99000,0.12961,0.90154,0.02190,0.99000,-0.12420,0.89925,0.02372,0.99000
3,0.1500,raise_hand,0.20505,-0.50824,-0.00496,0.99000,-0.19609,-0.50475,-0.00325,0.99000,0.22851,-0.20249,0.00016,0.99000,-0.26105,-0.20517,0.00615,0.99000,0.21691,0.06436,-0.00581,0.99000,-0.27700,0.06916,0.00236,0.99000,0.11815,-0.00179,-0.00306,0.99000,-0.12545,0.00221,0.00372,0.99000,0.12637,0.45364,-0.00075,0.99000,-0.12305,0.45089,0.00419,0.99000,0.12172,0.89237,0.02959,0.99000,-0.11858,0.89150,0.01979,0.99000
3,0.2000,raise_hand,0.20534,-0.50031,-0.00483,0.99000,-0.20862,-0.49930,0.00279,0.99000,0.23061,-0.20555,-0.00045,0.99000,-0.28083,-0.20526,0.00224,0.99000,0.22008,0.06444,0.00242,0.99000,-0.31072,0.05545,-0.00075,0.99000,0.12525,0.00280,0.00597,0.99000,-0.12751,0.00389,-0.00235,0.99000,0.12668,0.44790,-0.00170,0.99000,-0.13146,0.45303,-0.00459,0.99000,0.12671,0.90060,0.01216,0.99000,-0.12167,0.91208,0.02142,0.99000
3,0.2500,raise_hand,0.19974,-0.50067,0.00237,0.99000,-0.20391,-0.49545,0.00096,0.99000,0.23293,-0.19420,-0.00233,0.99000,-0.29976,-0.21772,-0.00447,0.99000,0.22517,0.07205,-0.00313,0.99000,-0.35564,0.04865,0.00188,0.99000,0.13038,-0.00500,0.00645,0.99000,-0.12196,0.00763,-0.00617,0.99000,0.12649,0.45589,0.00246,0.99000,-0.12346,0.45648,0.00358,0.99000,0.11938,0.89662,0.01785,0.99000,-0.12412,0.90149,0.02263,0.99000
3,0.3000,raise_hand,0.20690,-0.50097,-0.00124,0.99000,-0.19677,-0.49899,-0.00435,0.99000,0.23290,-0.20169,0.00186,0.99000,-0.33031,-0.22787,0.00425,0.99000,0.21849,0.06373,-0.00372,0.99000,-0.40865,0.02774,0.00191,0.99000,0.12749,-0.00793,-0.00226,0.99000,-0.12771,0.00667,0.00472,0.99000,0.12771,0.44663,-0.00251,0.99000,-0.12720,0.44827,0.00080,0.99000,0.12980,0.88749,0.02438,0.99000,-0.12157,0.89706,0.02224,0.99000
3,0.3500,raise_hand,0.19700,-0.50755,0.00149,0.99000,-0.19940,-0.50320,-0.00748,0.99000,0.24066,-0.19901,0.00585,0.99000,-0.35820,-0.25320,0.00133,0.99000,0.21800,0.06600,-0.00032,0.99000,-0.47058,-0.00096,-0.00138,0.99000,0.12028,-0.00032,-0.00162,0.99000,-0.13015,0.00062,0.00161,0.99000,0.12212,0.45105,0.00789,0.99000,-0.12564,0.44737,0.00106,0.99000,0.12814,0.89701,0.02041,0.99000,-0.13383,0.90558,0.02315,0.99000
3,0.4000,raise_hand,0.19809,-0.49931,-0.00539,0.99000,-0.20483,-0.50302,-0.01201,0.99000,0.22429,-0.20300,0.00152,0.99000,-0.39245,-0.26022,-0.00231,0.99000,0.22076,0.06457,-0.00458,0.99000,-0.52399,-0.03732,0.00351,0.99000,0.12639,-0.00720,-0.00310,0.99000,-0.12374,0.00339,0.00099,0.99000,0.12106,0.45862,0.00149,0.99000,-0.11984,0.45552,0.00017,0.99000,0.12784,0.90051,0.02523,0.99000,-0.12968,0.89866,0.01975,0.99000
3,0.4500,raise_hand,0.20268,-0.50368,0.00004,0.99000,-0.19028,-0.49881,-0.00283,0.99000,0.23417,-0.20009,0.00092,0.99000,-0.41483,-0.29430,-0.00449,0.99000,0.22404,0.06548,0.00083,0.99000,-0.58234,-0.08144,-0.00217,0.99000,0.12951,-0.00230,0.01422,0.99000,-0.12902,-0.00308,-0.00331,0.99000,0.12348,0.44907,0.00271,0.99000,-0.13146,0.45426,0.00124,0.99000,0.13347,0.90327,0.01957,0.99000,-0.12635,0.90112,0.02493,0.99000
3,0.5000,raise_hand,0.19762,-0.50947,0.00313,0.99000,-0.20476,-0.50358,-0.00303,0.99000,0.23259,-0.19374,-0.00068,0.99000,-0.45771,-0.32624,0.00716,0.99000,0.22043,0.06808,-0.00011,0.99000,-0.63090,-0.13482,0.00126,0.99000,0.12907,0.00427,0.00145,0.99000,-0.12802,0.00068,-0.01142,0.99000,0.12363,0.44273,0.00192,0.99000,-0.12640,0.45455,-0.00437,0.99000,0.12794,0.89864,0.02062,0.99000,-0.11713,0.90383,0.03064,0.99000
3,0.5500,raise_hand,0.19197,-0.49198,-0.00463,0.99000,-0.19462,-0.49863,-0.00252,0.99000,0.23208,-0.20341,0.00332,0.99000,-0.46269,-0.36364,0.00273,0.99000,0.21698,0.06837,0.00057,0.99000,-0.68589,-0.20720,0.00129,0.99000,0.12403,-0.00020,-0.00151,0.99000,-0.12119,0.00275,-0.00376,0.99000,0.12365,0.44966,0.00223,0.99000,-0.12458,0.45671,0.00448,0.99000,0.13178,0.89645,0.02085,0.99000,-0.12431,0.89955,0.02367,0.99000
3,0.6000,raise_hand,0.19868,-0.49619,0.01048,0.99000,-0.19768,-0.49968,-0.00094,0.99000,0.23353,-0.20353,-0.00029,0.99000,-0.49213,-0.40700,0.00245,0.99000,0.21685,0.06131,-0.00946,0.99000,-0.72692,-0.27532,0.00319,0.99000,0.12239,-0.00371,0.00504,0.99000,-0.13151,-0.00529,0.00645,0.99000,0.12962,0.44394,0.00533,0.99000,-0.12286,0.45036,-0.00070,0.99000,0.12161,0.90248,0.02319,0.99000,-0.11779,0.89176,0.01334,0.99000
3,0.6500,raise_hand,0.20005,-0.50185,-0.00178,0.99000,-0.20103,-0.49613,0.00098,0.99000,0.23061,-0.20017,-0.00357,0.99000,-0.49232,-0.44776,0.00023,0.99000,0.21910,0.06785,-0.00084,0.99000,-0.75217,-0.36106,0.00196,0.99000,0.12542,-0.00014,0.00369,0.99000,-0.13131,-0.00433,-0.01021,0.99000,0.12205,0.45237,-0.00522,0.99000,-0.12188,0.44665,0.00449,0.99000,0.13033,0.89743,0.02189,0.99000,-0.12782,0.88953,0.02407,0.99000
3,0.7000,raise_hand,0.20205,-0.50232,-0.00635,0.99000,-0.19858,-0.49745,0.00316,0.99000,0.22409,-0.20235,0.00899,0.99000,-0.49467,-0.49473,0.00317,0.99000,0.22206,0.07014,-0.00111,0.99000,-0.76610,-0.43491,-0.00591,0.99000,0.12626,0.00475,-0.00294,0.99000,-0.12144,0.00325,-0.00437,0.99000,0.11959,0.44630,0.00257,0.99000,-0.11760,0.45351,0.00066,0.99000,0.12587,0.89958,0.02886,0.99000,-0.12533,0.90163,0.01754,0.99000
3,0.7500,raise_hand,0.20155,-0.49649,0.00230,0.99000,-0.19964,-0.49753,-0.00174,0.99000,0.22803,-0.19582,0.00541,0.99000,-0.50054,-0.53640,0.00473,0.99000,0.21513,0.06583,-0.00482,0.99000,-0.76874,-0.53153,-0.00023,0.99000,0.12052,0.00400,-0.00202,0.99000,-0.12088,-0.00283,-0.00515,0.99000,0.12285,0.44569,-0.00161,0.99000,-0.12067,0.45719,-0.00176,0.99000,0.12231,0.90583,0.02517,0.99000,-0.12642,0.90174,0.02404,0.99000
3,0.8000,raise_hand,0.19949,-0.50472,-0.00483,0.99000,-0.20066,-0.49612,-0.00056,0.99000,0.23347,-0.20088,0.00407,0.99000,-0.49444,-0.57694,-0.00567,0.99000,0.22171,0.06551,0.00325,0.99000,-0.75815,-0.60991,0.00707,0.99000,0.12452,-0.00158,-0.00197,0.99000,-0.12243,0.00003,-0.00202,0.99000,0.13258,0.45246,0.00317,0.99000,-0.12204,0.45124,-0.00218,0.99000,0.12579,0.90040,0.02536,0.99000,-0.12416,0.89769,0.02920,0.99000
3,0.8500,raise_hand,0.20008,-0.49481,0.00306,0.99000,-0.19970,-0.50662,0.00012,0.99000,0.23095,-0.20769,-0.00927,0.99000,-0.47535,-0.61968,-0.00625,0.99000,0.22180,0.06156,-0.00635,0.99000,-0.73367,-0.69096,-0.00084,0.99000,0.12210,-0.00100,0.00307,0.99000,-0.12772,-0.00406,-0.00263,0.99000,0.12952,0.45367,-0.00296,0.99000,-0.12668,0.44947,-0.00328,0.99000,0.12790,0.89579,0.02341,0.99000,-0.12624,0.89704,0.01736,0.99000
3,0.9000,raise_hand,0.20035,-0.49684,-0.00533,0.99000,-0.19934,-0.49958,-0.00077,0.99000,0.24059,-0.19663,0.00197,0.99000,-0.46049,-0.65448,-0.00484,0.99000,0.21539,0.07240,0.00143,0.99000,-0.70581,-0.76431,-0.00225,0.99000,0.12557,0.00274,0.00012,0.99000,-0.12322,-0.00125,0.00233,0.99000,0.12398,0.45178,-0.00195,0.99000,-0.12479,0.44607,-0.00635,0.99000,0.12625,0.90063,0.02197,0.99000,-0.12266,0.89554,0.02507,0.99000
3,0.9500,raise_hand,0.19926,-0.50495,-0.00223,0.99000,-0.19897,-0.49816,0.00606,0.99000,0.22957,-0.20299,0.00374,0.99000,-0.43535,-0.68572,-0.00006,0.99000,0.22271,0.06242,-0.00434,0.99000,-0.66585,-0.82137,0.00615,0.99000,0.12285,0.00036,0.00123,0.99000,-0.12784,-0.00117,-0.00174,0.99000,0.12580,0.44856,0.00124,0.99000,-0.13264,0.44601,0.00272,0.99000,0.12737,0.89674,0.02138,0.99000,-0.12513,0.89822,0.01739,0.99000
3,1.0000,raise_hand,0.19899,-0.49737,-0.00015,0.99000,-0.20208,-0.50627,-0.00110,0.99000,0.22932,-0.20541,0.00156,0.99000,-0.41309,-0.71018,-0.00234,0.99000,0.22578,0.06847,-0.00124,0.99000,-0.62449,-0.87943,-0.00549,0.99000,0.12397,0.00456,-0.00200,0.99000,-0.12850,0.00391,-0.00389,0.99000,0.12917,0.45056,-0.00469,0.99000,-0.12630,0.44684,-0.00031,0.99000,0.12338,0.90595,0.02042,0.99000,-0.12501,0.89765,0.02063,0.99000
3,1.0500,raise_hand,0.19778,-0.49214,0.00302,0.99000,-0.20043,-0.49617,-0.00203,0.99000,0.23710,-0.20090,0.00764,0.99000,-0.38533,-0.73207,-0.00533,0.99000,0.22628,0.06703,-0.00064,0.99000,-0.58039,-0.91844,0.00015,0.99000,0.13061,0.00716,0.00651,0.99000,-0.13143,-0.00060,0.00299,0.99000,0.12723,0.45150,-0.01014,0.99000,-0.12844,0.44222,0.00349,0.99000,0.12993,0.89982,0.02478,0.99000,-0.11971,0.89736,0.03024,0.99000
3,1.1000,raise_hand,0.19849,-0.49991,0.00343,0.99000,-0.20094,-0.49761,0.00001,0.99000,0.23386,-0.20094,0.00147,0.99000,-0.35600,-0.74837,0.00051,0.99000,0.22072,0.06537,0.00016,0.99000,-0.54576,-0.96563,0.00201,0.99000,0.12221,0.00296,0.00468,0.99000,-0.12429,-0.00033,0.00304,0.99000,0.12975,0.44825,0.00272,0.99000,-0.12192,0.44664,0.00058,0.99000,0.12598,0.89444,0.02030,0.99000,-0.11792,0.89311,0.02243,0.99000
3,1.1500,raise_hand,0.19790,-0.50084,0.00134,0.99000,-0.19858,-0.50576,-0.00707,0.99000,0.23414,-0.20041,-0.00648,0.99000,-0.34083,-0.76439,0.00227,0.99000,0.21921,0.07150,0.00027,0.99000,-0.50383,-0.98375,0.00435,0.99000,0.12653,0.00345,0.00323,0.99000,-0.12859,0.00249,-0.00383,0.99000,0.11784,0.44984,-0.00203,0.99000,-0.12207,0.45273,-0.00321,0.99000,0.12013,0.89568,0.02666,0.99000,-0.12880,0.91013,0.02074,0.99000
3,1.2000,raise_hand,0.20369,-0.49639,0.00724,0.99000,-0.19767,-0.49682,-0.00003,0.99000,0.22934,-0.20404,0.00161,0.99000,-0.32345,-0.77653,0.00173,0.99000,0.21600,0.06650,0.00148,0.99000,-0.47313,-0.99632,0.00184,0.99000,0.12629,0.00227,0.00032,0.99000,-0.12830,0.00280,0.00410,0.99000,0.12383,0.44806,-0.00445,0.99000,-0.12804,0.44571,0.00548,0.99000,0.12280,0.90679,0.02432,0.99000,-0.12486,0.89219,0.02809,0.99000
3,1.2500,raise_hand,0.19509,-0.50060,0.00640,0.99000,-0.20423,-0.50330,0.00054,0.99000,0.23460,-0.20062,-0.00124,0.99000,-0.30990,-0.77484,-0.00364,0.99000,0.21564,0.06825,0.00542,0.99000,-0.44179,-1.01449,0.00448,0.99000,0.11983,0.00637,-0.00067,0.99000,-0.12603,0.00330,0.00548,0.99000,0.12326,0.44897,-0.00184,0.99000,-0.12412,0.44760,0.00050,0.99000,0.12295,0.89692,0.02381,0.99000,-0.12369,0.90064,0.01502,0.99000
3,1.3000,raise_hand,0.20834,-0.50694,0.00108,0.99000,-0.19612,-0.50388,0.00444,0.99000,0.22938,-0.20258,-0.00475,0.99000,-0.30895,-0.78006,0.00480,0.99000,0.22479,0.06551,-0.00138,0.99000,-0.42991,-1.01565,-0.00003,0.99000,0.12864,0.00615,0.00126,0.99000,-0.12974,-0.00018,0.00525,0.99000,0.12916,0.44490,0.00451,0.99000,-0.12108,0.44779,-0.00154,0.99000,0.12492,0.89670,0.02185,0.99000,-0.12055,0.90246,0.02717,0.99000
3,1.3500,raise_hand,0.20098,-0.49883,0.00200,0.99000,-0.19330,-0.50343,0.00123,0.99000,0.22902,-0.19635,-0.00680,0.99000,-0.29873,-0.78279,0.00155,0.99000,0.22024,0.06598,-0.00610,0.99000,-0.42383,-1.01520,0.00198,0.99000,0.12599,-0.00029,-0.00105,0.99000,-0.11458,0.00163,0.00439,0.99000,0.12325,0.44061,0.00085,0.99000,-0.12264,0.44698,0.00209,0.99000,0.13264,0.89598,0.02563,0.99000,-0.11631,0.90570,0.02342,0.99000
3,1.4000,raise_hand,0.20544,-0.50204,0.00385,0.99000,-0.19277,-0.49673,0.00606,0.99000,0.23082,-0.20138,-0.00829,0.99000,-0.30754,-0.78458,-0.00289,0.99000,0.22461,0.07018,-0.00075,0.99000,-0.42912,-1.02447,-0.00344,0.99000,0.12163,0.00329,0.00988,0.99000,-0.13047,-0.00472,-0.00087,0.99000,0.12721,0.45000,0.00011,0.99000,-0.12950,0.44603,0.00190,0.99000,0.12963,0.89705,0.02261,0.99000,-0.12736,0.90299,0.02710,0.99000
3,1.4500,raise_hand,0.19814,-0.49689,0.00525,0.99000,-0.20913,-0.50117,0.00071,0.99000,0.22689,-0.20181,0.00699,0.99000,-0.29844,-0.77938,0.00969,0.99000,0.21733,0.07057,0.00303,0.99000,-0.42706,-1.02478,0.00025,0.99000,0.12337,-0.00401,0.00490,0.99000,-0.12531,-0.00205,-0.00866,0.99000,0.12401,0.44652,-0.00346,0.99000,-0.12622,0.44187,0.00633,0.99000,0.11987,0.90659,0.02052,0.99000,-0.12545,0.89282,0.01879,0.99000
3,1.5000,raise_hand,0.19609,-0.50998,0.00013,0.99000,-0.20440,-0.49891,-0.00288,0.99000,0.23284,-0.20410,0.00913,0.99000,-0.30260,-0.78174,-0.00503,0.99000,0.21816,0.06857,0.00272,0.99000,-0.43138,-1.02264,-0.00569,0.99000,0.12504,-0.00177,-0.00914,0.99000,-0.12937,0.00482,-0.00431,0.99000,0.12043,0.45414,-0.00006,0.99000,-0.12072,0.45138,0.00425,0.99000,0.12250,0.89244,0.02650,0.99000,-0.13308,0.90663,0.01886,0.99000
3,1.5500,raise_hand,0.19337,-0.49973,0.00088,0.99000,-0.20356,-0.50168,0.00133,0.99000,0.23396,-0.20451,0.00119,0.99000,-0.29550,-0.78602,-0.00309,0.99000,0.21046,0.07284,-0.00409,0.99000,-0.42668,-1.02527,-0.00150,0.99000,0.12031,0.00574,-0.00095,0.99000,-0.12472,0.00137,0.00159,0.99000,0.12417,0.45098,0.00274,0.99000,-0.12602,0.44723,-0.00318,0.99000,0.12029,0.90064,0.02437,0.99000,-0.12652,0.90056,0.02329,0.99000
3,1.6000,raise_hand,0.20847,-0.50195,0.00780,0.99000,-0.20129,-0.49565,-0.00225,0.99000,0.22902,-0.20449,-0.00007,0.99000,-0.30522,-0.77748,-0.00885,0.99000,0.21578,0.06444,0.00054,0.99000,-0.42859,-1.02050,0.00005,0.99000,0.11605,0.00384,-0.00164,0.99000,-0.12433,-0.00140,0.00050,0.99000,0.12681,0.45185,0.00736,0.99000,-0.12843,0.44703,-0.00028,0.99000,0.12118,0.89769,0.01477,0.99000,-0.11835,0.89901,0.01947,0.99000
3,1.6500,raise_hand,0.19795,-0.49540,0.00222,0.99000,-0.19642,-0.49856,0.00211,0.99000,0.22433,-0.19905,0.00020,0.99000,-0.30107,-0.77616,-0.00113,0.99000,0.21912,0.06733,0.00639,0.99000,-0.42572,-1.02318,0.00534,0.99000,0.12146,0.00424,-0.00327,0.99000,-0.11950,-0.00085,0.01031,0.99000,0.12860,0.43900,0.00128,0.99000,-0.12643,0.44351,0.00120,0.99000,0.12368,0.90058,0.01833,0.99000,-0.12777,0.90139,0.02582,0.99000
3,1.7000,raise_hand,0.19875,-0.50510,0.00756,0.99000,-0.20408,-0.50409,0.00425,0.99000,0.23082,-0.19966,0.00235,0.99000,-0.29869,-0.77936,-0.00503,0.99000,0.21525,0.06193,0.00550,0.99000,-0.42954,-1.01798,0.00399,0.99000,0.12694,-0.00003,-0.00233,0.99000,-0.12092,-0.00479,0.00402,0.99000,0.12944,0.44983,0.00393,0.99000,-0.12572,0.45046,-0.00052,0.99000,0.12295,0.89561,0.02214,0.99000,-0.12753,0.89867,0.02519,0.99000
3,1.7500,raise_hand,0.19669,-0.49751,0.00497,0.99000,-0.20080,-0.51063,-0.00034,0.99000,0.23482,-0.19856,0.00394,0.99000,-0.30757,-0.78575,0.00099,0.99000,0.22591,0.06536,0.00102,0.99000,-0.42488,-1.02512,-0.00781,0.99000,0.12452,-0.00105,0.00524,0.99000,-0.12820,0.00866,-0.00318,0.99000,0.12505,0.45500,0.00244,0.99000,-0.12888,0.45588,-0.00573,0.99000,0.13086,0.89947,0.02484,0.99000,-0.12356,0.90173,0.01278,0.99000
3,1.8000,raise_hand,0.20146,-0.49910,0.00177,0.99000,-0.20109,-0.50332,-0.00384,0.99000,0.22299,-0.19763,-0.00386,0.99000,-0.29365,-0.78260,0.00104,0.99000,0.22125,0.06868,-0.00804,0.99000,-0.42780,-1.01982,0.00034,0.99000,0.12147,0.00406,0.00011,0.99000,-0.11960,0.00172,0.00267,0.99000,0.12914,0.45377,-0.00609,0.99000,-0.12101,0.45002,-0.00524,0.99000,0.12452,0.90067,0.02768,0.99000,-0.12676,0.89525,0.02493,0.99000
3,1.8500,raise_hand,0.19696,-0.49789,0.00207,0.99000,-0.20070,-0.50546,0.00148,0.99000,0.22985,-0.20009,0.00125,0.99000,-0.30459,-0.77720,0.00319,0.99000,0.22020,0.06638,-0.00009,0.99000,-0.41776,-1.01780,0.00162,0.99000,0.12287,-0.00514,0.00103,0.99000,-0.12491,-0.00433,0.00677,0.99000,0.12585,0.44780,0.00329,0.99000,-0.12461,0.44764,0.00525,0.99000,0.12446,0.90337,0.02098,0.99000,-0.12732,0.90419,0.01866,0.99000
3,1.9000,raise_hand,0.19721,-0.50209,0.00280,0.99000,-0.19944,-0.49470,-0.00335,0.99000,0.23293,-0.20182,-0.00177,0.99000,-0.30090,-0.78142,0.01167,0.99000,0.22065,0.06424,0.00036,0.99000,-0.43431,-1.01817,-0.01079,0.99000,0.11971,-0.00317,0.00035,0.99000,-0.12379,-0.00368,-0.00303,0.99000,0.13258,0.45049,-0.00117,0.99000,-0.12608,0.44202,0.00084,0.99000,0.12154,0.89720,0.02526,0.99000,-0.12101,0.90187,0.02585,0.99000
3,1.9500,raise_hand,0.20492,-0.49896,0.00507,0.99000,-0.19453,-0.49849,-0.00788,0.99000,0.23025,-0.20645,-0.00059,0.99000,-0.30226,-0.78725,-0.00005,0.99000,0.22348,0.06986,0.00642,0.99000,-0.42447,-1.03024,-0.00231,0.99000,0.12757,-0.00082,0.00009,0.99000,-0.12857,0.00017,-0.00424,0.99000,0.12466,0.45680,0.00361,0.99000,-0.12665,0.45063,0.00085,0.99000,0.12403,0.90507,0.02030,0.99000,-0.12270,0.89625,0.01769,0.99000
3,2.0000,raise_hand,0.20793,-0.50705,0.00436,0.99000,-0.20686,-0.50711,-0.00464,0.99000,0.23441,-0.20206,-0.00090,0.99000,-0.29058,-0.78270,-0.00000,0.99000,0.21617,0.06574,-0.00559,0.99000,-0.42325,-1.01790,-0.00403,0.99000,0.12583,-0.00324,0.00105,0.99000,-0.12268,0.00343,-0.00294,0.99000,0.12666,0.45535,-0.00720,0.99000,-0.12357,0.44560,-0.00120,0.99000,0.12521,0.89470,0.02245,0.99000,-0.12223,0.90194,0.02224,0.99000
3,2.0500,raise_hand,0.20403,-0.49853,0.00353,0.99000,-0.19747,-0.49863,0.00209,0.99000,0.23312,-0.20316,-0.00473,0.99000,-0.30234,-0.77943,-0.00882,0.99000,0.22298,0.06127,0.00005,0.99000,-0.42749,-1.01609,0.00157,0.99000,0.11883,-0.00267,-0.00066,0.99000,-0.11914,0.00188,-0.00107,0.99000,0.12498,0.44339,-0.00690,0.99000,-0.12334,0.45693,0.00577,0.99000,0.12655,0.89465,0.01789,0.99000,-0.12499,0.90094,0.01927,0.99000
3,2.1000,raise_hand,0.20295,-0.49563,0.00006,0.99000,-0.20290,-0.50654,0.00087,0.99000,0.23272,-0.20033,0.00063,0.99000,-0.30094,-0.78395,-0.01394,0.99000,0.21881,0.06790,-0.00365,0.99000,-0.43347,-1.01358,0.00598,0.99000,0.12212,0.00304,-0.00387,0.99000,-0.12695,-0.00348,0.00288,0.99000,0.12351,0.45121,0.00270,0.99000,-0.12036,0.44580,-0.00118,0.99000,0.11966,0.90298,0.02349,0.99000,-0.12011,0.90052,0.01487,0.99000
3,2.1500,raise_hand,0.20027,-0.50162,-0.00125,0.99000,-0.19740,-0.50314,0.00383,0.99000,0.23148,-0.20247,-0.00932,0.99000,-0.30424,-0.78012,-0.00417,0.99000,0.22090,0.06693,0.00014,0.99000,-0.42664,-1.02531,-0.00239,0.99000,0.13028,-0.00435,0.00222,0.99000,-0.12740,0.00324,-0.00120,0.99000,0.12151,0.44895,0.00075,0.99000,-0.13393,0.45241,-0.00055,0.99000,0.12306,0.89523,0.01668,0.99000,-0.12477,0.89995,0.02348,0.99000
3,2.2000,raise_hand,0.20218,-0.50103,0.00002,0.99000,-0.19932,-0.50191,-0.00297,0.99000,0.23287,-0.20591,-0.00314,0.99000,-0.30459,-0.77577,-0.00044,0.99000,0.21233,0.06939,0.00377,0.99000,-0.42912,-1.01542,-0.00481,0.99000,0.12497,-0.00379,0.00027,0.99000,-0.12451,0.00481,0.00492,0.99000,0.12816,0.45247,-0.00041,0.99000,-0.12882,0.45469,-0.00410,0.99000,0.12996,0.90094,0.02782,0.99000,-0.13401,0.89621,0.01801,0.99000
3,2.2500,raise_hand,0.20325,-0.49962,0.00477,0.99000,-0.19516,-0.50666,-0.00518,0.99000,0.23115,-0.19931,0.00612,0.99000,-0.29707,-0.78066,-0.00180,0.99000,0.21870,0.06612,0.00307,0.99000,-0.43120,-1.01735,0.00084,0.99000,0.12266,0.00326,0.00020,0.99000,-0.12738,-0.00614,0.00315,0.99000,0.11885,0.44876,-0.00076,0.99000,-0.12453,0.44466,0.00447,0.99000,0.12312,0.89305,0.01054,0.99000,-0.13033,0.90128,0.02448,0.99000
3,2.3000,raise_hand,0.20931,-0.49675,0.00349,0.99000,-0.19615,-0.49773,0.00223,0.99000,0.22928,-0.20020,0.00035,0.99000,-0.30842,-0.77937,0.00068,0.99000,0.22178,0.06666,-0.00116,0.99000,-0.41801,-1.01842,-0.00200,0.99000,0.12120,0.00135,-0.00679,0.99000,-0.12421,0.00223,-0.00863,0.99000,0.11680,0.44876,0.00184,0.99000,-0.13333,0.44590,0.00484,0.99000,0.12442,0.90330,0.01517,0.99000,-0.12386,0.89637,0.02721,0.99000
3,2.3500,raise_hand,0.20056,-0.49894,0.00001,0.99000,-0.19788,-0.49761,0.00700,0.99000,0.22572,-0.20133,-0.00435,0.99000,-0.30258,-0.78067,-0.00172,0.99000,0.21211,0.07306,0.00388,0.99000,-0.42529,-1.01883,0.00176,0.99000,0.12447,0.00167,-0.00424,0.99000,-0.12235,-0.00575,0.00449,0.99000,0.11713,0.44564,0.00071,0.99000,-0.12554,0.45357,0.00461,0.99000,0.12754,0.90378,0.02045,0.99000,-0.12747,0.89597,0.01994,0.99000
3,2.4000,raise_hand,0.20722,-0.49717,0.00605,0.99000,-0.20466,-0.50149,0.00289,0.99000,0.22505,-0.19993,-0.00154,0.99000,-0.29669,-0.77804,0.00324,0.99000,0.22350,0.06673,0.00975,0.99000,-0.42604,-1.01986,-0.00827,0.99000,0.12283,0.00828,0.00036,0.99000,-0.12604,0.00364,0.00442,0.99000,0.12097,0.44890,-0.00950,0.99000,-0.12161,0.44937,-0.00035,0.99000,0.12215,0.90254,0.02261,0.99000,-0.12401,0.89883,0.01670,0.99000
3,2.4500,raise_hand,0.19436,-0.50247,0.00039,0.99000,-0.19769,-0.50001,-0.00100,0.99000,0.22731,-0.20528,-0.00024,0.99000,-0.30551,-0.77744,-0.00021,0.99000,0.21456,0.06089,0.00751,0.99000,-0.43046,-1.01947,-0.00854,0.99000,0.13053,-0.00384,0.00574,0.99000,-0.12364,0.00005,-0.00034,0.99000,0.12018,0.44904,0.00225,0.99000,-0.13047,0.45039,-0.00110,0.99000,0.12854,0.90441,0.02201,0.99000,-0.12520,0.90072,0.02814,0.99000
3,2.5000,raise_hand,0.19963,-0.50229,-0.00385,0.99000,-0.20214,-0.49951,-0.00230,0.99000,0.22594,-0.19520,0.00074,0.99000,-0.29663,-0.78067,-0.00133,0.99000,0.22285,0.06659,0.00282,0.99000,-0.42769,-1.02585,0.00105,0.99000,0.12503,-0.00034,0.00011,0.99000,-0.12394,0.00486,0.00378,0.99000,0.12048,0.44885,-0.00466,0.99000,-0.11991,0.45655,-0.00253,0.99000,0.12377,0.90065,0.01844,0.99000,-0.11866,0.90408,0.01863,0.99000
3,2.5500,raise_hand,0.19987,-0.49958,-0.00164,0.99000,-0.19724,-0.49423,-0.00068,0.99000,0.23755,-0.20371,0.00092,0.99000,-0.30974,-0.78815,-0.00032,0.99000,0.22131,0.06431,-0.00149,0.99000,-0.43409,-1.02130,-0.00175,0.99000,0.12601,-0.01028,-0.00255,0.99000,-0.13011,-0.00187,-0.00464,0.99000,0.12606,0.45248,0.00637,0.99000,-0.12003,0.44316,0.00253,0.99000,0.12281,0.89982,0.02611,0.99000,-0.12160,0.90174,0.01974,0.99000
3,2.6000,raise_hand,0.20037,-0.49790,0.00231,0.99000,-0.20420,-0.50034,-0.00356,0.99000,0.23022,-0.19481,0.00494,0.99000,-0.30145,-0.77927,-0.00140,0.99000,0.21728,0.07336,-0.00219,0.99000,-0.41943,-1.02398,0.00134,0.99000,0.13152,-0.00220,0.00432,0.99000,-0.12551,-0.00381,-0.00413,0.99000,0.12646,0.44688,0.00303,0.99000,-0.12824,0.45492,-0.00153,0.99000,0.12987,0.89619,0.01813,0.99000,-0.11840,0.90383,0.02149,0.99000
3,2.6500,raise_hand,0.19988,-0.49225,-0.00397,0.99000,-0.20060,-0.50028,0.00524,0.99000,0.22105,-0.20703,0.00331,0.99000,-0.29600,-0.77693,-0.00604,0.99000,0.21966,0.06770,0.00175,0.99000,-0.42146,-1.01851,-0.00172,0.99000,0.12713,-0.00477,-0.00180,0.99000,-0.12666,0.00072,-0.00371,0.99000,0.12666,0.45362,-0.00339,0.99000,-0.12784,0.44591,-0.00458,0.99000,0.12570,0.89998,0.02122,0.99000,-0.12372,0.90079,0.01574,0.99000
3,2.7000,raise_hand,0.20437,-0.50371,0.00495,0.99000,-0.20391,-0.49362,-0.00017,0.99000,0.23685,-0.19637,-0.00118,0.99000,-0.29746,-0.78297,0.00017,0.99000,0.22360,0.07456,-0.00335,0.99000,-0.43781,-1.02265,0.00267,0.99000,0.12206,-0.00070,-0.00155,0.99000,-0.12594,0.00340,0.00244,0.99000,0.12421,0.44350,0.00347,0.99000,-0.12273,0.45327,-0.00273,0.99000,0.11987,0.90344,0.02455,0.99000,-0.12405,0.89592,0.02446,0.99000
3,2.7500,raise_hand,0.19251,-0.49873,-0.00390,0.99000,-0.19321,-0.49730,-0.00185,0.99000,0.23229,-0.20215,0.00074,0.99000,-0.31493,-0.77716,0.00026,0.99000,0.21825,0.07079,-0.00411,0.99000,-0.47466,-0.99420,0.00157,0.99000,0.12859,0.00471,-0.00205,0.99000,-0.12517,0.00800,0.00178,0.99000,0.12846,0.44959,0.00530,0.99000,-0.12156,0.45238,0.00744,0.99000,0.12422,0.89649,0.02365,0.99000,-0.12681,0.90348,0.02335,0.99000
3,2.8000,raise_hand,0.20359,-0.49678,0.00346,0.99000,-0.20378,-0.50289,-0.00238,0.99000,0.22774,-0.19936,0.00021,0.99000,-0.36477,-0.75054,0.00007,0.99000,0.21891,0.07412,-0.00420,0.99000,-0.54306,-0.95022,-0.00005,0.99000,0.12271,-0.00540,-0.00343,0.99000,-0.12880,0.00272,0.00225,0.99000,0.12743,0.44895,0.00319,0.99000,-0.12433,0.45170,0.00184,0.99000,0.12864,0.90252,0.02710,0.99000,-0.12547,0.89944,0.01286,0.99000
3,2.8500,raise_hand,0.20473,-0.49333,0.00148,0.99000,-0.20287,-0.49547,-0.00687,0.99000,0.21983,-0.20472,0.00352,0.99000,-0.41857,-0.71121,-0.00112,0.99000,0.22244,0.06594,0.00554,0.99000,-0.62647,-0.87918,0.00622,0.99000,0.11995,-0.00297,-0.00021,0.99000,-0.12652,0.00718,-0.00110,0.99000,0.12580,0.45245,-0.00115,0.99000,-0.12389,0.46206,0.00431,0.99000,0.12153,0.90204,0.01899,0.99000,-0.12626,0.90399,0.02797,0.99000
3,2.9000,raise_hand,0.20293,-0.49876,0.00789,0.99000,-0.20687,-0.49863,0.00318,0.99000,0.22813,-0.19627,0.00156,0.99000,-0.45830,-0.65430,-0.00791,0.99000,0.22126,0.06445,-0.00821,0.99000,-0.70002,-0.75781,0.00398,0.99000,0.13112,0.00054,-0.00040,0.99000,-0.12744,-0.00070,0.00753,0.99000,0.12285,0.45392,0.00659,0.99000,-0.12372,0.45065,-0.00204,0.99000,0.12683,0.89912,0.01545,0.99000,-0.12621,0.89777,0.02168,0.99000
3,2.9500,raise_hand,0.20189,-0.50271,-0.00146,0.99000,-0.20081,-0.50175,-0.00189,0.99000,0.23528,-0.19559,0.00544,0.99000,-0.49003,-0.58153,-0.01608,0.99000,0.21923,0.06783,-0.00276,0.99000,-0.75847,-0.60772,-0.00128,0.99000,0.13362,-0.00345,-0.00210,0.99000,-0.12703,-0.00127,-0.00202,0.99000,0.12557,0.45417,0.00314,0.99000,-0.12340,0.45199,0.00122,0.99000,0.12035,0.89963,0.01995,0.99000,-0.12493,0.89604,0.02226,0.99000
3,3.0000,raise_hand,0.20906,-0.50148,-0.00202,0.99000,-0.20099,-0.49301,-0.00187,0.99000,0.22961,-0.20141,-0.00087,0.99000,-0.49715,-0.49995,-0.00508,0.99000,0.21750,0.07474,-0.00448,0.99000,-0.76289,-0.44004,0.00146,0.99000,0.12480,-0.00115,-0.00361,0.99000,-0.12000,0.00314,0.00008,0.99000,0.12853,0.45033,-0.00205,0.99000,-0.12145,0.44510,-0.01249,0.99000,0.12472,0.89230,0.02752,0.99000,-0.13189,0.89788,0.02651,0.99000
3,3.0500,raise_hand,0.19749,-0.49942,-0.00201,0.99000,-0.19582,-0.50185,0.00042,0.99000,0.22515,-0.20136,-0.00085,0.99000,-0.48155,-0.39936,0.00047,0.99000,0.21762,0.06347,0.00130,0.99000,-0.71989,-0.28488,-0.00167,0.99000,0.12330,0.00190,-0.00132,0.99000,-0.12756,-0.00080,-0.00697,0.99000,0.12547,0.45537,-0.00135,0.99000,-0.12803,0.44583,0.00048,0.99000,0.12676,0.89320,0.02259,0.99000,-0.12760,0.90182,0.02520,0.99000
3,3.1000,raise_hand,0.20577,-0.49604,0.00256,0.99000,-0.20256,-0.49064,0.00181,0.99000,0.23006,-0.19933,-0.00073,0.99000,-0.45152,-0.32811,0.00124,0.99000,0.21655,0.07030,0.00069,0.99000,-0.63758,-0.13644,0.00087,0.99000,0.12862,-0.00242,-0.00330,0.99000,-0.12266,-0.00399,-0.00748,0.99000,0.12568,0.44909,0.00047,0.99000,-0.12279,0.44562,-0.00224,0.99000,0.12708,0.89581,0.01939,0.99000,-0.12022,0.90069,0.02237,0.99000
3,3.1500,raise_hand,0.19746,-0.50047,0.00293,0.99000,-0.20319,-0.50527,0.00249,0.99000,0.22807,-0.19790,0.00117,0.99000,-0.38095,-0.27200,-0.00069,0.99000,0.21817,0.07604,0.00756,0.99000,-0.52701,-0.03108,0.00475,0.99000,0.12138,-0.00126,0.00050,0.99000,-0.12469,-0.00400,0.00739,0.99000,0.12576,0.44378,0.00511,0.99000,-0.12271,0.45293,-0.00166,0.99000,0.12632,0.89743,0.02796,0.99000,-0.12452,0.90583,0.02172,0.99000
3,3.2000,raise_hand,0.20057,-0.49698,0.00288,0.99000,-0.19853,-0.50312,-0.00936,0.99000,0.23256,-0.20599,-0.00051,0.99000,-0.33384,-0.23179,0.00138,0.99000,0.22407,0.06410,0.00097,0.99000,-0.41188,0.03189,0.00309,0.99000,0.12878,0.00157,0.00033,0.99000,-0.12286,0.00310,0.00981,0.99000,0.12625,0.44897,0.00418,0.99000,-0.12017,0.44844,-0.00521,0.99000,0.12405,0.90376,0.01852,0.99000,-0.11930,0.90158,0.02097,0.99000
3,3.2500,raise_hand,0.19235,-0.49807,-0.00253,0.99000,-0.19244,-0.50539,0.00081,0.99000,0.22884,-0.19935,0.00532,0.99000,-0.28567,-0.20956,-0.00127,0.99000,0.21492,0.07445,-0.01439,0.99000,-0.31144,0.05901,0.00297,0.99000,0.12466,-0.00063,0.00494,0.99000,-0.12869,0.00185,-0.00196,0.99000,0.12708,0.45275,0.00041,0.99000,-0.12250,0.44192,0.00270,0.99000,0.12400,0.89844,0.01865,0.99000,-0.11956,0.89975,0.02287,0.99000
3,3.3000,raise_hand,0.19609,-0.50026,0.00564,0.99000,-0.19418,-0.50408,0.00393,0.99000,0.23179,-0.20155,0.00268,0.99000,-0.24767,-0.20198,-0.00061,0.99000,0.21676,0.06528,0.00419,0.99000,-0.24213,0.06517,0.00200,0.99000,0.12245,0.00161,-0.00323,0.99000,-0.12658,-0.00269,-0.00391,0.99000,0.12824,0.44628,0.00186,0.99000,-0.12714,0.45026,0.00525,0.99000,0.12170,0.90253,0.01653,0.99000,-0.12008,0.89654,0.02395,0.99000
3,3.3500,raise_hand,0.20323,-0.49616,0.00244,0.99000,-0.20363,-0.50173,-0.00044,0.99000,0.22379,-0.20095,-0.00173,0.99000,-0.23154,-0.20689,0.00363,0.99000,0.21308,0.06416,0.00027,0.99000,-0.21493,0.06614,0.00106,0.99000,0.11825,-0.00918,-0.00309,0.99000,-0.12544,-0.00007,0.00085,0.99000,0.12086,0.44886,-0.00445,0.99000,-0.12307,0.44987,-0.00148,0.99000,0.11928,0.90472,0.02140,0.99000,-0.11965,0.89632,0.01854,0.99000
4,0.0000,raise_hand,0.19625,-0.49441,0.00332,0.99000,-0.19597,-0.49870,-0.00020,0.99000,0.22943,-0.19650,0.00875,0.99000,-0.23015,-0.21050,-0.00016,0.99000,0.21785,0.06233,-0.00119,0.99000,-0.21582,0.06038,-0.00050,0.99000,0.12220,-0.00365,-0.00067,0.99000,-0.11999,-0.00191,0.00793,0.99000,0.12025,0.45446,-0.00224,0.99000,-0.13161,0.45244,-0.00161,0.99000,0.12096,0.89945,0.02074,0.99000,-0.13066,0.89738,0.02979,0.99000
4,0.0500,raise_hand,0.20271,-0.50160,0.00286,0.99000,-0.19909,-0.49770,0.00572,0.99000,0.22486,-0.19892,0.00519,0.99000,-0.23513,-0.19693,-0.00120,0.99000,0.22311,0.07959,0.00066,0.99000,-0.22525,0.06841,-0.00443,0.99000,0.11881,0.00227,0.00001,0.99000,-0.12214,-0.00192,-0.00309,0.99000,0.12348,0.44413,-0.00147,0.99000,-0.12216,0.45086,0.00311,0.99000,0.12498,0.89326,0.02524,0.99000,-0.12761,0.90039,0.01812,0.99000
4,0.1000,raise_hand,0.20001,-0.50770,-0.00380,0.99000,-0.20223,-0.50058,-0.00502,0.99000,0.22831,-0.19807,0.00008,0.99000,-0.24556,-0.20791,-0.00090,0.99000,0.21946,0.06524,-0.00178,0.99000,-0.23756,0.06907,0.00495,0.99000,0.12564,0.00670,0.00685,0.99000,-0.12523,0.00320,0.00394,0.99000,0.12177,0.44081,-0.00166,0.99000,-0.11489,0.45367,-0.00131,0.99000,0.13023,0.89487,0.02198,0.99000,-0.12838,0.89943,0.02824,0.99000
4,0.1500,raise_hand,0.20331,-0.49916,0.00182,0.99000,-0.20107,-0.50050,-0.00210,0.99000,0.23835,-0.19011,0.00469,0.99000,-0.26155,-0.21413,-0.00463,0.99000,0.22086,0.05839,-0.00493,0.99000,-0.27354,0.06660,-0.00481,0.99000,0.11631,-0.00122,-0.00133,0.99000,-0.12249,0.00687,0.00414,0.99000,0.11788,0.45112,-0.00059,0.99000,-0.13156,0.45402,0.00216,0.99000,0.11562,0.90050,0.02152,0.99000,-0.13052,0.89931,0.02084,0.99000
4,0.2000,raise_hand,0.19786,-0.50659,0.00217,0.99000,-0.20245,-0.50232,0.00505,0.99000,0.23047,-0.19891,0.00481,0.99000,-0.26695,-0.20853,0.00199,0.99000,0.22038,0.06348,-0.00732,0.99000,-0.30209,0.05964,0.00236,0.99000,0.12036,-0.00171,0.00895,0.99000,-0.12624,-0.00283,0.00186,0.99000,0.12642,0.45052,0.00213,0.99000,-0.12671,0.44917,-0.00470,0.99000,0.12011,0.89766,0.01682,0.99000,-0.12431,0.90119,0.01673,0.99000
4,0.2500,raise_hand,0.20199,-0.49774,0.00449,0.99000,-0.19696,-0.50437,-0.00599,0.99000,0.23966,-0.20512,0.00671,0.99000,-0.29704,-0.21077,-0.00289,0.99000,0.21783,0.06471,0.00289,0.99000,-0.34185,0.05234,0.00354,0.99000,0.11937,0.00141,0.00031,0.99000,-0.11819,0.00596,-0.00072,0.99000,0.12697,0.45359,0.00553,0.99000,-0.12675,0.45494,-0.00322,0.99000,0.12232,0.89962,0.02196,0.99000,-0.12364,0.90151,0.01401,0.99000
4,0.3000,raise_hand,0.19841,-0.49978,0.00223,0.99000,-0.19889,-0.50181,0.00161,0.99000,0.22618,-0.20608,-0.00087,0.99000,-0.32346,-0.22058,0.00560,0.99000,0.21886,0.06771,0.00020,0.99000,-0.39367,0.04053,0.00621,0.99000,0.12421,0.00032,-0.00566,0.99000,-0.12260,0.00308,-0.00287,0.99000,0.11842,0.44804,0.00342,0.99000,-0.12603,0.44496,-0.00390,0.99000,0.12082,0.89180,0.02251,0.99000,-0.12217,0.89627,0.01639,0.99000
4,0.3500,raise_hand,0.20464,-0.49437,0.00228,0.99000,-0.20295,-0.50425,0.00979,0.99000,0.23645,-0.20366,-0.00339,0.99000,-0.34459,-0.24052,-0.00883,0.99000,0.21991,0.06581,-0.00038,0.99000,-0.44946,0.01173,-0.00428,0.99000,0.13326,-0.00214,0.00021,0.99000,-0.11811,-0.00051,-0.00170,0.99000,0.13241,0.45127,-0.00721,0.99000,-0.12626,0.44958,-0.00291,0.99000,0.13161,0.89587,0.02366,0.99000,-0.12788,0.89446,0.03048,0.99000
4,0.4000,raise_hand,0.19736,-0.50101,-0.00090,0.99000,-0.20068,-0.49870,0.00289,0.99000,0.22630,-0.20258,0.00028,0.99000,-0.37756,-0.25982,-0.00250,0.99000,0.22205,0.07738,-0.00102,0.99000,-0.49985,-0.01882,-0.00314,0.99000,0.13109,-0.00887,0.00061,0.99000,-0.12843,-0.00616,-0.00385,0.99000,0.12627,0.44683,0.00137,0.99000,-0.12104,0.44580,-0.00074,0.99000,0.11934,0.89758,0.01982,0.99000,-0.12703,0.89408,0.02816,0.99000
4,0.4500,raise_hand,0.20323,-0.50614,0.00056,0.99000,-0.20285,-0.50031,-0.00244,0.99000,0.22539,-0.19718,0.00267,0.99000,-0.39904,-0.28526,0.00432,0.99000,0.21256,0.07304,0.00762,0.99000,-0.55627,-0.05714,0.00327,0.99000,0.12224,-0.00386,-0.00515,0.99000,-0.12666,-0.00104,-0.00113,0.99000,0.12765,0.45292,0.00436,0.99000,-0.14142,0.44998,-0.00286,0.99000,0.12158,0.90148,0.02592,0.99000,-0.12484,0.89968,0.02384,0.99000
4,0.5000,raise_hand,0.19891,-0.50212,0.00046,0.99000,-0.20131,-0.50025,0.00176,0.99000,0.22613,-0.19878,0.00340,0.99000,-0.43174,-0.30946,0.00013,0.99000,0.21653,0.07004,-0.00930,0.99000,-0.60924,-0.10658,-0.00230,0.99000,0.12689,0.00384,-0.00747,0.99000,-0.12163,0.00402,0.00801,0.99000,0.12663,0.44926,0.00490,0.99000,-0.13255,0.45260,0.00042,0.99000,0.12946,0.89678,0.02338,0.99000,-0.13137,0.90387,0.02360,0.99000
4,0.5500,raise_hand,0.19481,-0.49951,-0.00608,0.99000,-0.19632,-0.49828,-0.00266,0.99000,0.22908,-0.20119,-0.00018,0.99000,-0.45757,-0.34851,0.00695,0.99000,0.22087,0.06838,-0.00092,0.99000,-0.65898,-0.16677,0.00385,0.99000,0.13083,-0.00519,-0.00190,0.99000,-0.12591,0.00306,-0.00260,0.99000,0.12473,0.44605,0.00133,0.99000,-0.11953,0.44437,-0.00316,0.99000,0.12794,0.89830,0.02970,0.99000,-0.12277,0.89907,0.01656,0.99000
4,0.6000,raise_hand,0.20572,-0.50370,0.00258,0.99000,-0.19502,-0.49845,-0.00504,0.99000,0.23084,-0.19610,0.00057,0.99000,-0.47549,-0.37579,0.00202,0.99000,0.21725,0.07510,-0.00782,0.99000,-0.69923,-0.23381,-0.00149,0.99000,0.12300,-0.00159,0.00104,0.99000,-0.12219,-0.00419,0.00413,0.99000,0.12090,0.44553,0.00768,0.99000,-0.13351,0.44530,0.00109,0.99000,0.12647,0.90389,0.02258,0.99000,-0.12709,0.89635,0.01455,0.99000
4,0.6500,raise_hand,0.19592,-0.50644,0.00451,0.99000,-0.19781,-0.49870,0.00546,0.99000,0.23452,-0.20069,-0.00062,0.99000,-0.49094,-0.41323,0.00107,0.99000,0.21769,0.06693,0.00153,0.99000,-0.72994,-0.30707,-0.00523,0.99000,0.13146,-0.00550,0.00124,0.99000,-0.11725,-0.00146,0.00062,0.99000,0.11960,0.44686,-0.00385,0.99000,-0.11878,0.45363,-0.00102,0.99000,0.12633,0.89619,0.01543,0.99000,-0.12880,0.90672,0.01558,0.99000
4,0.7000,raise_hand,0.20051,-0.50461,0.00006,0.99000,-0.20194,-0.49448,-0.00257,0.99000,0.23362,-0.20090,-0.00201,0.99000,-0.49755,-0.46361,0.00072,0.99000,0.21719,0.06764,0.00120,0.99000,-0.75711,-0.38322,-0.00414,0.99000,0.12939,0.00081,0.00180,0.99000,-0.12691,-0.00027,0.00456,0.99000,0.12417,0.44439,0.00140,0.99000,-0.12658,0.44434,0.00427,0.99000,0.12278,0.90768,0.01681,0.99000,-0.11962,0.90255,0.02128,0.99000
4,0.7500,raise_hand,0.19767,-0.50126,-0.00244,0.99000,-0.19664,-0.50682,0.00079,0.99000,0.23619,-0.19809,-0.00804,0.99000,-0.49846,-0.50428,-0.00129,0.99000,0.21724,0.06899,0.00196,0.99000,-0.76495,-0.46824,-0.00385,0.99000,0.12152,0.00861,0.00441,0.99000,-0.12647,0.00002,0.00521,0.99000,0.12292,0.45303,0.00267,0.99000,-0.12602,0.45000,-0.00222,0.99000,0.12779,0.90098,0.02359,0.99000,-0.12515,0.90824,0.01927,0.99000
4,0.8000,raise_hand,0.19566,-0.50053,-0.00021,0.99000,-0.19887,-0.50836,0.00042,0.99000,0.23124,-0.20978,-0.00223,0.99000,-0.49874,-0.54507,-0.00340,0.99000,0.21592,0.06433,-0.00168,0.99000,-0.77450,-0.55191,-0.00592,0.99000,0.12095,0.00556,-0.00159,0.99000,-0.12274,0.00911,0.00418,0.99000,0.12446,0.44919,0.00388,0.99000,-0.12464,0.44818,-0.00961,0.99000,0.12872,0.90108,0.02604,0.99000,-0.12994,0.89564,0.02711,0.99000
4,0.8500,raise_hand,0.19869,-0.49381,0.00394,0.99000,-0.19864,-0.49691,-0.00524,0.99000,0.23158,-0.20353,-0.00858,0.99000,-0.49326,-0.59333,0.00130,0.99000,0.22149,0.07518,-0.00131,0.99000,-0.76013,-0.62965,-0.00414,0.99000,0.13469,0.00015,-0.00487,0.99000,-0.12538,-0.00703,0.00082,0.99000,0.12298,0.44625,0.00187,0.99000,-0.13151,0.45264,0.00159,0.99000,0.12588,0.89648,0.02512,0.99000,-0.12378,0.90086,0.01740,0.99000
4,0.9000,raise_hand,0.20141,-0.50130,0.00177,0.99000,-0.20107,-0.49944,0.00249,0.99000,0.22118,-0.20722,0.00023,0.99000,-0.46991,-0.62663,-0.00010,0.99000,0.21621,0.07731,0.00464,0.99000,-0.72637,-0.70299,-0.00420,0.99000,0.12431,0.00156,-0.00111,0.99000,-0.12591,-0.00596,-0.00028,0.99000,0.12539,0.45352,0.00133,0.99000,-0.12939,0.44769,0.00282,0.99000,0.11877,0.89841,0.02725,0.99000,-0.12803,0.90704,0.02304,0.99000
4,0.9500,raise_hand,0.20003,-0.50539,0.00086,0.99000,-0.19610,-0.49812,0.00362,0.99000,0.22690,-0.20228,-0.00242,0.99000,-0.45001,-0.66791,-0.00047,0.99000,0.22324,0.06527,0.00232,0.99000,-0.69967,-0.78076,0.00202,0.99000,0.12751,-0.00249,0.00295,0.99000,-0.12656,-0.00601,0.00594,0.99000,0.11886,0.44332,0.00206,0.99000,-0.12620,0.45324,0.00304,0.99000,0.13010,0.90605,0.02457,0.99000,-0.12897,0.89945,0.01443,0.99000
4,1.0000,raise_hand,0.20232,-0.50344,0.00038,0.99000,-0.19921,-0.50169,0.00269,0.99000,0.22561,-0.20454,0.00518,0.99000,-0.43327,-0.69032,-0.00620,0.99000,0.21849,0.07224,0.00634,0.99000,-0.66426,-0.83651,0.00101,0.99000,0.12543,-0.00162,-0.00471,0.99000,-0.12706,0.00752,0.00137,0.99000,0.12880,0.45520,0.00175,0.99000,-0.12098,0.44982,0.00304,0.99000,0.12055,0.90070,0.02549,0.99000,-0.12053,0.90463,0.02268,0.99000
4,1.0500,raise_hand,0.20078,-0.50146,-0.00430,0.99000,-0.20016,-0.49891,-0.00598,0.99000,0.23619,-0.20492,-0.00418,0.99000,-0.41228,-0.71413,0.00190,0.99000,0.22129,0.06437,-0.00854,0.99000,-0.61553,-0.88576,-0.00017,0.99000,0.12823,-0.00155,0.00632,0.99000,-0.12334,-0.00246,-0.00254,0.99000,0.12658,0.45445,-0.00619,0.99000,-0.12613,0.44999,-0.00208,0.99000,0.12434,0.90390,0.02831,0.99000,-0.12396,0.90250,0.01888,0.99000
4,1.1000,raise_hand,0.19752,-0.49982,-0.00821,0.99000,-0.20339,-0.50241,0.00100,0.99000,0.23265,-0.20040,0.00164,0.99000,-0.37904,-0.73752,0.00060,0.99000,0.21988,0.06551,0.00737,0.99000,-0.58411,-0.92663,0.00271,0.99000,0.12551,-0.00313,0.00190,0.99000,-0.12510,0.00924,-0.00717,0.99000,0.12332,0.45290,0.00073,0.99000,-0.13036,0.44137,0.00799,0.99000,0.13669,0.90157,0.01732,0.99000,-0.12526,0.89783,0.02247,0.99000
4,1.1500,raise_hand,0.20704,-0.49548,-0.00572,0.99000,-0.20298,-0.50628,-0.00061,0.99000,0.22517,-0.20212,0.00518,0.99000,-0.36283,-0.75939,0.00015,0.99000,0.21746,0.06636,-0.00323,0.99000,-0.53848,-0.95914,-0.00336,0.99000,0.12461,-0.00127,0.00433,0.99000,-0.12128,0.00257,-0.00281,0.99000,0.12030,0.44897,-0.00111,0.99000,-0.12566,0.45086,0.00636,0.99000,0.12162,0.89832,0.01776,0.99000,-0.12934,0.89114,0.02002,0.99000
4,1.2000,raise_hand,0.19698,-0.49785,-0.00584,0.99000,-0.19861,-0.49488,-0.00264,0.99000,0.22908,-0.19912,-0.00511,0.99000,-0.34247,-0.75798,-0.00162,0.99000,0.21258,0.07471,0.00624,0.99000,-0.49566,-0.98296,0.00427,0.99000,0.13075,-0.00350,0.00343,0.99000,-0.12421,0.00080,-0.00379,0.99000,0.12449,0.45255,0.00060,0.99000,-0.12749,0.43729,-0.00938,0.99000,0.12766,0.90024,0.02331,0.99000,-0.12978,0.89818,0.02603,0.99000
4,1.2500,raise_hand,0.19770,-0.49590,0.00201,0.99000,-0.20266,-0.50523,0.00085,0.99000,0.22692,-0.20364,0.00200,0.99000,-0.31755,-0.77686,0.00031,0.99000,0.21257,0.06567,0.00080,0.99000,-0.46696,-1.00825,-0.00086,0.99000,0.12566,0.00171,-0.00241,0.99000,-0.13095,0.01125,-0.00315,0.99000,0.11986,0.45125,-0.00464,0.99000,-0.12934,0.45976,0.00382,0.99000,0.12649,0.90305,0.02254,0.99000,-0.12942,0.89431,0.01945,0.99000
4,1.3000,raise_hand,0.20672,-0.50278,-0.00210,0.99000,-0.20822,-0.51036,0.00483,0.99000,0.22202,-0.19626,-0.00223,0.99000,-0.30715,-0.77741,-0.00766,0.99000,0.21863,0.06777,0.00329,0.99000,-0.43857,-1.01973,-0.00555,0.99000,0.12599,0.00099,0.00027,0.99000,-0.12778,0.00430,-0.01094,0.99000,0.12198,0.45091,-0.00112,0.99000,-0.12725,0.44735,-0.00243,0.99000,0.13170,0.89490,0.01890,0.99000,-0.12556,0.89878,0.02598,0.99000
4,1.3500,raise_hand,0.20044,-0.50256,-0.00211,0.99000,-0.18960,-0.50609,0.00041,0.99000,0.22574,-0.20011,0.00426,0.99000,-0.29810,-0.78557,-0.00077,0.99000,0.21574,0.07371,-0.00165,0.99000,-0.41291,-1.02728,-0.00024,0.99000,0.12812,0.00619,-0.00059,0.99000,-0.12263,0.00095,0.00181,0.99000,0.12207,0.44954,0.00051,0.99000,-0.11974,0.45172,0.00088,0.99000,0.12206,0.89225,0.02819,0.99000,-0.12530,0.89463,0.02335,0.99000
4,1.4000,raise_hand,0.19980,-0.49700,0.00749,0.99000,-0.20162,-0.50150,-0.00256,0.99000,0.23336,-0.20439,0.00071,0.99000,-0.28870,-0.78505,0.00224,0.99000,0.22213,0.06730,0.00323,0.99000,-0.41095,-1.02517,0.00139,0.99000,0.12401,0.00430,0.00282,0.99000,-0.12713,-0.00199,0.00390,0.99000,0.12253,0.45829,-0.00038,0.99000,-0.11977,0.44794,-0.00030,0.99000,0.12469,0.90586,0.02418,0.99000,-0.11419,0.89067,0.01404,0.99000
4,1.4500,raise_hand,0.20056,-0.50662,0.00211,0.99000,-0.20207,-0.49749,0.00316,0.99000,0.23898,-0.20050,-0.00463,0.99000,-0.28965,-0.78057,-0.00420,0.99000,0.21584,0.06382,0.00065,0.99000,-0.40272,-1.02900,-0.00401,0.99000,0.12691,0.00277,-0.00047,0.99000,-0.12714,0.00218,-0.00653,0.99000,0.11722,0.45410,0.00390,0.99000,-0.12446,0.45000,0.00029,0.99000,0.12824,0.90383,0.02190,0.99000,-0.12972,0.89137,0.02106,0.99000
4,1.5000,raise_hand,0.19513,-0.50038,-0.00017,0.99000,-0.20090,-0.50495,-0.00363,0.99000,0.23119,-0.19874,-0.00091,0.99000,-0.29131,-0.78513,0.00280,0.99000,0.22395,0.06495,-0.00288,0.99000,-0.39956,-1.03091,-0.00031,0.99000,0.12075,-0.00224,0.00198,0.99000,-0.12105,0.00361,0.00243,0.99000,0.12391,0.45339,0.00208,0.99000,-0.12875,0.44663,-0.00541,0.99000,0.12745,0.89764,0.02984,0.99000,-0.12952,0.89606,0.01812,0.99000
4,1.5500,raise_hand,0.20230,-0.49734,0.00068,0.99000,-0.19802,-0.50176,-0.00311,0.99000,0.22380,-0.20015,0.00793,0.99000,-0.28791,-0.78953,-0.00751,0.99000,0.21592,0.06621,-0.00310,0.99000,-0.40311,-1.03393,-0.00142,0.99000,0.12396,-0.00347,0.00139,0.99000,-0.12381,-0.00955,0.00073,0.99000,0.12836,0.45223,-0.00215,0.99000,-0.12477,0.44748,0.00228,0.99000,0.12016,0.90068,0.03075,0.99000,-0.12005,0.89785,0.01836,0.99000
4,1.6000,raise_hand,0.19721,-0.50166,0.00072,0.99000,-0.20302,-0.49913,-0.00447,0.99000,0.22676,-0.20357,-0.00348,0.99000,-0.29271,-0.78536,0.00508,0.99000,0.22144,0.06571,0.00797,0.99000,-0.41125,-1.02919,0.00010,0.99000,0.12999,-0.00264,-0.00547,0.99000,-0.12053,0.00664,-0.00318,0.99000,0.12635,0.44993,0.00849,0.99000,-0.12369,0.44982,0.00497,0.99000,0.12488,0.89600,0.03393,0.99000,-0.12328,0.89942,0.01819,0.99000
4,1.6500,raise_hand,0.19631,-0.50417,-0.00285,0.99000,-0.19706,-0.50131,0.00543,0.99000,0.22860,-0.20518,0.00294,0.99000,-0.29468,-0.78800,-0.00290,0.99000,0.21994,0.06466,-0.00093,0.99000,-0.41126,-1.03246,-0.00535,0.99000,0.13345,0.00274,0.00105,0.99000,-0.11817,0.00424,-0.00275,0.99000,0.12992,0.45204,0.00225,0.99000,-0.12267,0.44704,0.00351,0.99000,0.12298,0.89708,0.02161,0.99000,-0.12568,0.90220,0.01929,0.99000
4,1.7000,raise_hand,0.20002,-0.49329,-0.00261,0.99000,-0.19940,-0.50455,-0.00608,0.99000,0.23290,-0.20146,-0.00448,0.99000,-0.28639,-0.79036,-0.00192,0.99000,0.22035,0.07007,0.00477,0.99000,-0.40414,-1.03451,0.00152,0.99000,0.11726,0.00267,0.00277,0.99000,-0.12159,-0.00516,0.00359,0.99000,0.12500,0.45517,-0.00050,0.99000,-0.13042,0.44492,0.00076,0.99000,0.12391,0.90107,0.02660,0.99000,-0.12919,0.90316,0.01533,0.99000
4,1.7500,raise_hand,0.19629,-0.50157,-0.00634,0.99000,-0.18993,-0.50024,-0.00473,0.99000,0.22803,-0.19957,-0.00162,0.99000,-0.28976,-0.78190,-0.00571,0.99000,0.22126,0.06493,-0.00195,0.99000,-0.40787,-1.02735,0.00070,0.99000,0.12283,0.00018,-0.00890,0.99000,-0.12701,-0.00275,0.00117,0.99000,0.11990,0.45004,0.00323,0.99000,-0.12063,0.45275,0.00099,0.99000,0.12403,0.90278,0.02096,0.99000,-0.12759,0.89605,0.01924,0.99000
4,1.8000,raise_hand,0.19861,-0.49783,0.00491,0.99000,-0.20520,-0.50015,-0.00159,0.99000,0.23654,-0.19953,-0.00649,0.99000,-0.29893,-0.79077,-0.00244,0.99000,0.22459,0.06962,-0.00221,0.99000,-0.39666,-1.03053,0.00244,0.99000,0.12610,0.00314,-0.00247,0.99000,-0.12465,0.00610,0.00090,0.99000,0.12469,0.45030,-0.00698,0.99000,-0.12447,0.44705,0.00343,0.99000,0.12502,0.90748,0.02101,0.99000,-0.12296,0.90415,0.02369,0.99000
4,1.8500,raise_hand,0.20336,-0.50141,-0.00303,0.99000,-0.19390,-0.50063,-0.00550,0.99000,0.22998,-0.20196,-0.00067,0.99000,-0.28581,-0.80219,0.00269,0.99000,0.21641,0.06458,-0.00498,0.99000,-0.40253,-1.03705,0.00031,0.99000,0.12321,-0.00103,0.00331,0.99000,-0.13278,-0.00248,0.00071,0.99000,0.12754,0.45128,-0.00186,0.99000,-0.12679,0.44797,0.00187,0.99000,0.12077,0.90887,0.02584,0.99000,-0.12073,0.89774,0.02042,0.99000
4,1.9000,raise_hand,0.18691,-0.49871,-0.00188,0.99000,-0.20255,-0.49653,0.00254,0.99000,0.22747,-0.20628,0.00059,0.99000,-0.28349,-0.77910,-0.00306,0.99000,0.21596,0.06221,0.00247,0.99000,-0.40526,-1.02320,-0.00157,0.99000,0.12282,-0.00201,-0.00511,0.99000,-0.12959,0.00166,-0.00198,0.99000,0.13232,0.45374,0.00530,0.99000,-0.12523,0.44313,0.00263,0.99000,0.12738,0.89966,0.02359,0.99000,-0.12891,0.89804,0.01842,0.99000
4,1.9500,raise_hand,0.20562,-0.49676,-0.00076,0.99000,-0.19848,-0.50331,-0.00308,0.99000,0.23119,-0.19870,0.00068,0.99000,-0.28808,-0.78971,0.00532,0.99000,0.21667,0.07279,-0.00418,0.99000,-0.40868,-1.03108,0.00263,0.99000,0.13007,0.00151,-0.00052,0.99000,-0.12635,0.00523,0.00509,0.99000,0.12573,0.44673,0.00191,0.99000,-0.12522,0.45158,-0.00334,0.99000,0.12273,0.89393,0.01840,0.99000,-0.11858,0.90544,0.02671,0.99000
4,2.0000,raise_hand,0.20057,-0.49331,0.00427,0.99000,-0.19523,-0.49814,0.00303,0.99000,0.22776,-0.20555,0.00128,0.99000,-0.28948,-0.78531,-0.00823,0.99000,0.22004,0.06261,-0.00231,0.99000,-0.40418,-1.03315,-0.00091,0.99000,0.12237,-0.00285,-0.00376,0.99000,-0.12678,-0.00074,0.00803,0.99000,0.12426,0.45404,-0.00192,0.99000,-0.12445,0.44495,0.00215,0.99000,0.12308,0.90064,0.01094,0.99000,-0.12464,0.89535,0.02251,0.99000
4,2.0500,raise_hand,0.19253,-0.50329,-0.00350,0.99000,-0.19756,-0.49341,-0.00768,0.99000,0.22712,-0.20090,-0.00329,0.99000,-0.29085,-0.78934,-0.00748,0.99000,0.21371,0.06479,-0.00294,0.99000,-0.41170,-1.03481,0.00990,0.99000,0.12351,0.00016,-0.00786,0.99000,-0.12163,0.00409,-0.00549,0.99000,0.12630,0.45348,0.00282,0.99000,-0.12920,0.45435,0.00844,0.99000,0.12046,0.90734,0.02860,0.99000,-0.12115,0.89143,0.02288,0.99000
4,2.1000,raise_hand,0.20153,-0.50157,0.00424,0.99000,-0.20592,-0.49474,-0.00006,0.99000,0.23019,-0.20126,0.00164,0.99000,-0.28425,-0.78818,-0.00443,0.99000,0.22014,0.06286,-0.00170,0.99000,-0.39863,-1.02623,-0.00155,0.99000,0.12592,0.00431,-0.00407,0.99000,-0.12412,-0.00058,-0.00154,0.99000,0.12786,0.45180,-0.00678,0.99000,-0.12373,0.45413,0.00029,0.99000,0.12614,0.90074,0.01982,0.99000,-0.12692,0.90156,0.02270,0.99000
4,2.1500,raise_hand,0.19387,-0.50466,0.00157,0.99000,-0.20037,-0.49890,0.00239,0.99000,0.22689,-0.20247,-0.00088,0.99000,-0.29095,-0.78793,0.00371,0.99000,0.21865,0.06499,0.00226,0.99000,-0.40597,-1.03454,-0.00405,0.99000,0.12983,0.00109,-0.00849,0.99000,-0.12524,0.00118,0.00087,0.99000,0.12487,0.44379,0.00001,0.99000,-0.13021,0.44366,-0.00254,0.99000,0.13032,0.89433,0.01852,0.99000,-0.11903,0.89753,0.02431,0.99000
4,2.2000,raise_hand,0.19551,-0.49357,-0.00004,0.99000,-0.19888,-0.50515,-0.00201,0.99000,0.22681,-0.19922,0.00666,0.99000,-0.29082,-0.78662,0.00147,0.99000,0.22120,0.07042,-0.00130,0.99000,-0.40924,-1.03005,-0.00061,0.99000,0.13058,0.00476,0.00289,0.99000,-0.12600,-0.00256,-0.00360,0.99000,0.11812,0.44457,0.00596,0.99000,-0.12960,0.45122,0.00708,0.99000,0.13192,0.89672,0.02561,0.99000,-0.12363,0.91072,0.02779,0.99000
4,2.2500,raise_hand,0.20680,-0.50471,0.00119,0.99000,-0.19776,-0.49970,-0.00239,0.99000,0.23594,-0.20604,0.00008,0.99000,-0.28946,-0.79019,-0.00468,0.99000,0.22078,0.06787,-0.01072,0.99000,-0.40620,-1.02957,-0.00537,0.99000,0.12572,0.00482,-0.00166,0.99000,-0.12931,-0.00440,0.00103,0.99000,0.11504,0.44491,-0.00088,0.99000,-0.12724,0.44520,0.00306,0.99000,0.12319,0.89921,0.02558,0.99000,-0.12775,0.89304,0.02339,0.99000
4,2.3000,raise_hand,0.20114,-0.50135,0.00516,0.99000,-0.19284,-0.49548,-0.00251,0.99000,0.23279,-0.19909,0.00555,0.99000,-0.29252,-0.78537,-0.00795,0.99000,0.21779,0.07584,0.00470,0.99000,-0.40050,-1.03170,0.00472,0.99000,0.12288,0.00257,-0.00019,0.99000,-0.12775,-0.00078,-0.00379,0.99000,0.12674,0.45630,0.00586,0.99000,-0.12179,0.45710,-0.00047,0.99000,0.13052,0.89744,0.01844,0.99000,-0.12087,0.90245,0.02020,0.99000
4,2.3500,raise_hand,0.20335,-0.50145,-0.00427,0.99000,-0.19829,-0.49844,-0.00128,0.99000,0.22910,-0.19414,-0.00182,0.99000,-0.28716,-0.78508,-0.00245,0.99000,0.21477,0.06698,-0.00463,0.99000,-0.40665,-1.02618,0.00801,0.99000,0.12983,0.00611,0.00157,0.99000,-0.12945,0.00178,0.00694,0.99000,0.12422,0.45592,-0.00523,0.99000,-0.11671,0.44886,0.00227,0.99000,0.12195,0.90145,0.02432,0.99000,-0.12749,0.89538,0.01277,0.99000
4,2.4000,raise_hand,0.20038,-0.49967,0.00045,0.99000,-0.20470,-0.50448,-0.00445,0.99000,0.22779,-0.19992,-0.00140,0.99000,-0.29390,-0.78797,0.00027,0.99000,0.22299,0.07056,0.00350,0.99000,-0.40082,-1.03443,0.00839,0.99000,0.12801,0.00279,-0.00507,0.99000,-0.12949,-0.00009,0.00750,0.99000,0.13081,0.45417,-0.00227,0.99000,-0.11984,0.44647,-0.00173,0.99000,0.12985,0.90380,0.02058,0.99000,-0.11606,0.90801,0.02209,0.99000
4,2.4500,raise_hand,0.19977,-0.50593,0.00267,0.99000,-0.20092,-0.49411,-0.00263,0.99000,0.23412,-0.20268,-0.00114,0.99000,-0.29628,-0.79100,0.00325,0.99000,0.21791,0.07485,-0.00075,0.99000,-0.40357,-1.03155,-0.00518,0.99000,0.12947,0.00608,-0.00104,0.99000,-0.12163,0.00095,0.00155,0.99000,0.11973,0.45436,0.00225,0.99000,-0.12537,0.45061,0.00317,0.99000,0.11900,0.90557,0.01441,0.99000,-0.13137,0.89453,0.02724,0.99000
4,2.5000,raise_hand,0.20168,-0.49031,-0.00316,0.99000,-0.20543,-0.50456,0.00396,0.99000,0.23464,-0.19504,-0.00433,0.99000,-0.29057,-0.78812,0.00023,0.99000,0.21625,0.06211,0.00005,0.99000,-0.40424,-1.02394,-0.00256,0.99000,0.12115,0.00432,-0.00400,0.99000,-0.12062,-0.00427,-0.00799,0.99000,0.12874,0.45269,-0.00168,0.99000,-0.12562,0.45392,-0.00225,0.99000,0.12978,0.89912,0.02806,0.99000,-0.12873,0.89693,0.02837,0.99000
4,2.5500,raise_hand,0.19519,-0.50693,-0.00277,0.99000,-0.19371,-0.49812,0.00139,0.99000,0.22196,-0.20535,0.00853,0.99000,-0.28848,-0.79079,-0.00641,0.99000,0.22247,0.06636,0.00452,0.99000,-0.41150,-1.03120,0.00281,0.99000,0.12317,0.00061,-0.00245,0.99000,-0.12713,-0.01019,-0.00625,0.99000,0.12320,0.45558,0.00779,0.99000,-0.12462,0.45036,-0.00713,0.99000,0.13040,0.90206,0.02314,0.99000,-0.12480,0.89989,0.02541,0.99000
4,2.6000,raise_hand,0.19883,-0.50998,0.00349,0.99000,-0.20411,-0.50102,0.00101,0.99000,0.23300,-0.20017,0.00135,0.99000,-0.28580,-0.78712,-0.00431,0.99000,0.21494,0.07266,-0.00679,0.99000,-0.40338,-1.02947,-0.00066,0.99000,0.12342,0.00268,0.00360,0.99000,-0.12722,-0.00057,0.00874,0.99000,0.12139,0.45174,-0.00325,0.99000,-0.12466,0.45188,0.00610,0.99000,0.12559,0.89492,0.02013,0.99000,-0.12957,0.89584,0.02566,0.99000
4,2.6500,raise_hand,0.20088,-0.49707,0.00005,0.99000,-0.19311,-0.51245,-0.00252,0.99000,0.23287,-0.20683,-0.00552,0.99000,-0.28929,-0.78564,0.00422,0.99000,0.21567,0.06750,0.00325,0.99000,-0.40247,-1.03607,-0.00409,0.99000,0.13218,-0.00788,-0.00790,0.99000,-0.11987,-0.00265,0.00393,0.99000,0.12347,0.44662,0.00002,0.99000,-0.12164,0.45701,0.00761,0.99000,0.12479,0.90175,0.01957,0.99000,-0.13136,0.89506,0.02849,0.99000
4,2.7000,raise_hand,0.19934,-0.50320,-0.00327,0.99000,-0.19944,-0.50488,-0.00481,0.99000,0.23055,-0.20179,-0.00032,0.99000,-0.29048,-0.78303,-0.00484,0.99000,0.21778,0.06930,-0.00036,0.99000,-0.40552,-1.03309,-0.00129,0.99000,0.12478,0.00333,-0.00194,0.99000,-0.12844,0.00381,-0.00048,0.99000,0.13298,0.44253,-0.00361,0.99000,-0.12015,0.45014,-0.00818,0.99000,0.12951,0.90609,0.01457,0.99000,-0.12565,0.89665,0.02116,0.99000
4,2.7500,raise_hand,0.20419,-0.49978,-0.00026,0.99000,-0.20587,-0.50389,-0.00100,0.99000,0.23124,-0.19984,-0.00105,0.99000,-0.29150,-0.78614,-0.00112,0.99000,0.21171,0.06515,0.00206,0.99000,-0.40602,-1.03523,0.00230,0.99000,0.12493,0.00222,-0.00210,0.99000,-0.12831,0.00131,-0.00017,0.99000,0.11917,0.44828,-0.00376,0.99000,-0.12640,0.44743,-0.00634,0.99000,0.12296,0.90086,0.02622,0.99000,-0.12307,0.90111,0.01842,0.99000
4,2.8000,raise_hand,0.20380,-0.49434,-0.00174,0.99000,-0.20035,-0.49894,0.00113,0.99000,0.23183,-0.20605,0.00385,0.99000,-0.29207,-0.78924,-0.00809,0.99000,0.21953,0.07171,0.00263,0.99000,-0.40339,-1.03180,-0.00448,0.99000,0.12023,-0.00020,-0.00331,0.99000,-0.12851,0.00187,-0.00308,0.99000,0.12199,0.45191,0.00426,0.99000,-0.12894,0.44782,-0.00231,0.99000,0.12539,0.90055,0.02564,0.99000,-0.11896,0.89347,0.02701,0.99000
4,2.8500,raise_hand,0.19431,-0.50050,0.00031,0.99000,-0.19817,-0.50412,0.00746,0.99000,0.22968,-0.19431,0.00498,0.99000,-0.28891,-0.77927,0.00426,0.99000,0.22176,0.06580,-0.00148,0.99000,-0.40950,-1.03575,-0.00100,0.99000,0.12421,0.00050,-0.00336,0.99000,-0.12208,0.00042,-0.00010,0.99000,0.12626,0.45058,0.00117,0.99000,-0.12885,0.44823,-0.00795,0.99000,0.12768,0.89693,0.02066,0.99000,-0.13068,0.90672,0.02606,0.99000
4,2.9000,raise_hand,0.19946,-0.50667,0.00126,0.99000,-0.19873,-0.50705,-0.00618,0.99000,0.22794,-0.20201,0.00404,0.99000,-0.30351,-0.77946,0.00661,0.99000,0.22063,0.06860,0.00145,0.99000,-0.43260,-1.01005,-0.00104,0.99000,0.13525,0.00408,0.00815,0.99000,-0.12436,0.00964,-0.00380,0.99000,0.12585,0.45011,0.00141,0.99000,-0.12780,0.45439,0.00371,0.99000,0.12828,0.90419,0.02302,0.99000,-0.12818,0.89585,0.02739,0.99000
4,2.9500,raise_hand,0.20062,-0.49923,0.00152,0.99000,-0.19826,-0.49761,0.00542,0.99000,0.23070,-0.20050,0.00194,0.99000,-0.34160,-0.76302,-0.00410,0.99000,0.22033,0.06667,-0.00108,0.99000,-0.50233,-0.98471,0.00461,0.99000,0.12580,0.00047,-0.00437,0.99000,-0.12020,-0.00106,-0.00283,0.99000,0.12374,0.45363,-0.00288,0.99000,-0.12624,0.45085,0.00090,0.99000,0.12837,0.90862,0.02341,0.99000,-0.13346,0.89735,0.02204,0.99000
4,3.0000,raise_hand,0.20617,-0.50032,-0.00123,0.99000,-0.20099,-0.50062,-0.00327,0.99000,0.23570,-0.19890,-0.00524,0.99000,-0.38172,-0.74430,-0.00733,0.99000,0.21892,0.06347,-0.00034,0.99000,-0.57907,-0.92151,0.00090,0.99000,0.12404,-0.00307,0.00175,0.99000,-0.12073,0.00398,-0.00241,0.99000,0.12849,0.44359,0.00705,0.99000,-0.12251,0.44554,0.00497,0.99000,0.12906,0.90234,0.01936,0.99000,-0.12973,0.89805,0.02855,0.99000
4,3.0500,raise_hand,0.19078,-0.49994,0.00172,0.99000,-0.19906,-0.50759,0.00407,0.99000,0.23591,-0.20121,0.00376,0.99000,-0.43029,-0.69402,0.00196,0.99000,0.22024,0.06340,-0.00167,0.99000,-0.65851,-0.83027,0.00239,0.99000,0.12360,0.00548,0.00768,0.99000,-0.13071,0.00095,0.00040,0.99000,0.11747,0.44690,0.00340,0.99000,-0.12885,0.45047,0.00185,0.99000,0.12290,0.89598,0.02267,0.99000,-0.12346,0.89956,0.02783,0.99000
4,3.1000,raise_hand,0.19500,-0.49702,-0.00116,0.99000,-0.20010,-0.49937,0.00072,0.99000,0.22886,-0.20254,0.00224,0.99000,-0.47301,-0.62790,-0.00392,0.99000,0.21710,0.06435,-0.00362,0.99000,-0.72404,-0.70128,-0.00119,0.99000,0.13158,0.00237,-0.00642,0.99000,-0.12634,0.00393,-0.00004,0.99000,0.12731,0.45356,0.00168,0.99000,-0.12892,0.45464,-0.00164,0.99000,0.11996,0.89751,0.02314,0.99000,-0.13406,0.90107,0.02008,0.99000
4,3.1500,raise_hand,0.20210,-0.50310,-0.00005,0.99000,-0.19836,-0.50328,-0.00495,0.99000,0.23520,-0.19422,-0.00306,0.99000,-0.49269,-0.55059,0.00099,0.99000,0.21860,0.06987,0.00977,0.99000,-0.76683,-0.55563,-0.00215,0.99000,0.13045,-0.00269,0.00102,0.99000,-0.13220,-0.00046,-0.00417,0.99000,0.12663,0.45199,0.00233,0.99000,-0.12699,0.44745,0.00288,0.99000,0.12515,0.90409,0.02091,0.99000,-0.12387,0.89980,0.02530,0.99000
4,3.2000,raise_hand,0.20607,-0.50206,0.00107,0.99000,-0.20587,-0.50011,-0.00102,0.99000,0.23364,-0.19796,0.00257,0.99000,-0.49232,-0.46128,-0.00654,0.99000,0.21764,0.06629,-0.00063,0.99000,-0.75466,-0.38334,0.00271,0.99000,0.12264,0.00052,-0.00174,0.99000,-0.12710,-0.00218,-0.01086,0.99000,0.12460,0.44940,-0.00110,0.99000,-0.11895,0.44366,0.00239,0.99000,0.12208,0.90234,0.02149,0.99000,-0.12238,0.89431,0.01903,0.99000
4,3.2500,raise_hand,0.19950,-0.49962,-0.00025,0.99000,-0.20121,-0.49464,-0.00498,0.99000,0.22346,-0.20454,0.00134,0.99000,-0.47578,-0.38438,-0.00772,0.99000,0.22111,0.06609,-0.00214,0.99000,-0.70073,-0.24406,0.00805,0.99000,0.12830,-0.00028,-0.00357,0.99000,-0.12726,-0.00076,-0.00441,0.99000,0.12587,0.44864,-0.00026,0.99000,-0.12621,0.44822,-0.00494,0.99000,0.12373,0.91013,0.02092,0.99000,-0.12133,0.90210,0.02017,0.99000
4,3.3000,raise_hand,0.20295,-0.49935,-0.00223,0.99000,-0.19292,-0.50044,-0.00414,0.99000,0.23330,-0.20739,-0.00073,0.99000,-0.43898,-0.30608,-0.00428,0.99000,0.21077,0.06665,-0.00658,0.99000,-0.61341,-0.11022,0.00261,0.99000,0.12699,-0.00126,0.00598,0.99000,-0.12098,0.00047,0.00090,0.99000,0.12074,0.45490,-0.00254,0.99000,-0.12906,0.45580,-0.00638,0.99000,0.12750,0.90033,0.02397,0.99000,-0.12930,0.89715,0.02779,0.99000
4,3.3500,raise_hand,0.20043,-0.50059,0.00159,0.99000,-0.19439,-0.50114,0.00149,0.99000,0.22990,-0.19776,0.00323,0.99000,-0.37507,-0.26234,-0.00032,0.99000,0.21968,0.06379,-0.00509,0.99000,-0.50742,-0.01614,0.00627,0.99000,0.11837,0.00487,0.00257,0.99000,-0.13002,-0.00196,-0.00343,0.99000,0.12967,0.44943,0.00091,0.99000,-0.12859,0.45294,0.00258,0.99000,0.12473,0.89657,0.01804,0.99000,-0.12814,0.89883,0.01754,0.99000
4,3.4000,raise_hand,0.20156,-0.49866,-0.00249,0.99000,-0.20069,-0.50281,0.00321,0.99000,0.23637,-0.19587,0.00172,0.99000,-0.31300,-0.22397,-0.00460,0.99000,0.21778,0.06111,0.00648,0.99000,-0.39648,0.03553,0.00391,0.99000,0.12925,0.00017,0.00228,0.99000,-0.12346,0.00080,-0.00047,0.99000,0.13027,0.45240,0.00069,0.99000,-0.13055,0.44416,-0.00005,0.99000,0.12643,0.89682,0.02492,0.99000,-0.12729,0.90643,0.01719,0.99000
4,3.4500,raise_hand,0.19922,-0.50045,0.00026,0.99000,-0.20124,-0.49979,0.00474,0.99000,0.22884,-0.20094,-0.00321,0.99000,-0.27930,-0.20951,0.00191,0.99000,0.22775,0.06755,-0.00898,0.99000,-0.29917,0.05709,-0.00382,0.99000,0.12544,-0.00360,0.00430,0.99000,-0.12234,-0.00272,-0.00426,0.99000,0.12914,0.44784,-0.00034,0.99000,-0.12600,0.43941,0.00639,0.99000,0.13101,0.89831,0.02281,0.99000,-0.13043,0.89804,0.01971,0.99000
4,3.5000,raise_hand,0.19679,-0.49992,-0.00049,0.99000,-0.19695,-0.49735,-0.00281,0.99000,0.23031,-0.19841,-0.00273,0.99000,-0.24035,-0.20707,0.00263,0.99000,0.21879,0.07200,-0.00005,0.99000,-0.24770,0.06559,0.00079,0.99000,0.12921,-0.00066,-0.00785,0.99000,-0.12307,-0.00208,-0.00238,0.99000,0.12465,0.45148,0.00271,0.99000,-0.12962,0.44783,-0.00080,0.99000,0.12438,0.89433,0.02346,0.99000,-0.12113,0.89067,0.01740,0.99000
4,3.5500,raise_hand,0.20458,-0.49334,-0.00153,0.99000,-0.20026,-0.50099,-0.00209,0.99000,0.22853,-0.19945,-0.00137,0.99000,-0.22986,-0.20713,-0.00378,0.99000,0.22309,0.06538,-0.00345,0.99000,-0.21370,0.07241,-0.00134,0.99000,0.13106,-0.00381,-0.00163,0.99000,-0.12624,0.00197,-0.00167,0.99000,0.12544,0.45026,0.00201,0.99000,-0.12272,0.45045,0.00569,0.99000,0.12985,0.89846,0.02348,0.99000,-0.12402,0.90233,0.02455,0.99000
5,0.0000,raise_hand,0.19175,-0.50138,0.00741,0.99000,-0.19147,-0.50022,-0.00486,0.99000,0.22843,-0.20015,0.00593,0.99000,-0.22481,-0.20210,0.00204,0.99000,0.22117,0.06640,0.00258,0.99000,-0.21326,0.06688,-0.00300,0.99000,0.13549,0.00084,-0.00362,0.99000,-0.12844,0.00231,0.00395,0.99000,0.12775,0.45489,0.00320,0.99000,-0.12504,0.45275,-0.00337,0.99000,0.12869,0.89770,0.02851,0.99000,-0.11450,0.89894,0.02161,0.99000
5,0.0500,raise_hand,0.20750,-0.49611,-0.00181,0.99000,-0.20117,-0.49634,-0.00393,0.99000,0.22264,-0.20157,0.00047,0.99000,-0.23500,-0.20450,0.00386,0.99000,0.21820,0.06937,-0.00225,0.99000,-0.22053,0.07142,-0.00112,0.99000,0.12848,0.00122,0.00010,0.99000,-0.12719,0.00076,0.00520,0.99000,0.12797,0.44585,0.00067,0.99000,-0.13026,0.44664,-0.00468,0.99000,0.12035,0.90881,0.02607,0.99000,-0.12366,0.89414,0.02224,0.99000
5,0.1000,raise_hand,0.20045,-0.49171,0.00302,0.99000,-0.20416,-0.49900,0.00308,0.99000,0.22228,-0.20000,-0.00035,0.99000,-0.23516,-0.20970,0.00075,0.99000,0.21976,0.06824,-0.00122,0.99000,-0.23305,0.07125,0.00080,0.99000,0.12235,-0.00098,0.00190,0.99000,-0.12679,-0.00770,0.00257,0.99000,0.12875,0.45249,0.00160,0.99000,-0.12709,0.44608,0.00130,0.99000,0.13322,0.90173,0.02187,0.99000,-0.12939,0.89590,0.02257,0.99000
5,0.1500,raise_hand,0.20310,-0.49941,0.00569,0.99000,-0.20620,-0.50548,0.00008,0.99000,0.23387,-0.19618,0.00158,0.99000,-0.24973,-0.20137,-0.00756,0.99000,0.22060,0.07129,0.00074,0.99000,-0.25559,0.06600,0.00643,0.99000,0.12092,0.00079,-0.00499,0.99000,-0.12632,0.00040,-0.00179,0.99000,0.11912,0.44981,0.00194,0.99000,-0.12673,0.44744,-0.00400,0.99000,0.12439,0.90139,0.02484,0.99000,-0.13060,0.90204,0.02102,0.99000
5,0.2000,raise_hand,0.20350,-0.50014,-0.00046,0.99000,-0.19726,-0.50209,0.00210,0.99000,0.23411,-0.19946,-0.00353,0.99000,-0.26323,-0.20634,-0.01005,0.99000,0.21958,0.07190,0.00242,0.99000,-0.28319,0.05799,-0.00289,0.99000,0.12690,-0.00816,0.00476,0.99000,-0.12678,-0.00403,0.00443,0.99000,0.11908,0.44570,0.00162,0.99000,-0.12039,0.45550,0.00299,0.99000,0.12395,0.90217,0.02025,0.99000,-0.12285,0.89222,0.01975,0.99000
5,0.2500,raise_hand,0.19348,-0.50058,0.00565,0.99000,-0.18871,-0.50066,-0.00440,0.99000,0.22521,-0.20033,0.00045,0.99000,-0.28098,-0.21740,-0.00318,0.99000,0.21986,0.07110,0.00224,0.99000,-0.31311,0.05720,-0.00492,0.99000,0.12364,-0.00308,0.00071,0.99000,-0.12478,-0.00130,-0.00241,0.99000,0.12942,0.45473,-0.00637,0.99000,-0.13207,0.44985,-0.00145,0.99000,0.12290,0.89798,0.02218,0.99000,-0.11954,0.90587,0.02001,0.99000
5,0.3000,raise_hand,0.19894,-0.50202,0.00202,0.99000,-0.19766,-0.49931,-0.01214,0.99000,0.22928,-0.20340,-0.00392,0.99000,-0.30349,-0.22503,-0.00188,0.99000,0.22246,0.06758,-0.00095,0.99000,-0.35050,0.05189,0.00350,0.99000,0.11974,0.00419,-0.00596,0.99000,-0.12569,0.00196,0.00089,0.99000,0.12486,0.44904,-0.00116,0.99000,-0.12669,0.44476,0.00037,0.99000,0.13041,0.90039,0.02666,0.99000,-0.12519,0.90122,0.02130,0.99000
5,0.3500,raise_hand,0.20118,-0.50209,0.00364,0.99000,-0.20285,-0.50852,0.00221,0.99000,0.22848,-0.20271,-0.00057,0.99000,-0.32302,-0.22030,-0.00390,0.99000,0.21252,0.07008,0.00209,0.99000,-0.39348,0.03692,-0.00061,0.99000,0.12269,-0.01075,-0.00213,0.99000,-0.12180,-0.01446,0.00075,0.99000,0.13344,0.44570,-0.00283,0.99000,-0.13048,0.45164,0.00064,0.99000,0.13374,0.90027,0.02032,0.99000,-0.12065,0.89407,0.02500,0.99000
5,0.4000,raise_hand,0.20729,-0.49971,0.00382,0.99000,-0.20277,-0.49934,0.00400,0.99000,0.23259,-0.20377,0.00297,0.99000,-0.34605,-0.24316,0.00104,0.99000,0.22190,0.06445,-0.00159,0.99000,-0.44030,0.01324,-0.00402,0.99000,0.12411,0.00471,-0.00682,0.99000,-0.11764,-0.00336,-0.00103,0.99000,0.12195,0.45008,-0.00027,0.99000,-0.12688,0.44567,-0.00043,0.99000,0.12645,0.89335,0.01946,0.99000,-0.12520,0.90190,0.02407,0.99000
5,0.4500,raise_hand,0.19616,-0.50310,-0.00207,0.99000,-0.19377,-0.50052,-0.00042,0.99000,0.23396,-0.19261,0.00796,0.99000,-0.37401,-0.25950,-0.00129,0.99000,0.21861,0.05943,0.00184,0.99000,-0.49562,-0.01304,0.00757,0.99000,0.11781,-0.00377,-0.00069,0.99000,-0.12194,-0.00259,-0.00252,0.99000,0.12047,0.44945,-0.00549,0.99000,-0.12656,0.45216,0.00497,0.99000,0.12058,0.90165,0.03081,0.99000,-0.11975,0.89724,0.01425,0.99000
5,0.5000,raise_hand,0.19818,-0.49787,-0.00121,0.99000,-0.19821,-0.50104,-0.00513,0.99000,0.22484,-0.20858,0.00996,0.99000,-0.39288,-0.26716,-0.00145,0.99000,0.22323,0.07350,-0.00291,0.99000,-0.52696,-0.04618,0.00028,0.99000,0.12252,0.00147,0.00402,0.99000,-0.12922,0.00029,-0.00245,0.99000,0.13207,0.45844,-0.00107,0.99000,-0.11410,0.45367,-0.00152,0.99000,0.12865,0.90172,0.02791,0.99000,-0.12707,0.89946,0.01934,0.99000
5,0.5500,raise_hand,0.20891,-0.50405,-0.00493,0.99000,-0.20072,-0.49878,0.00513,0.99000,0.23242,-0.21116,0.00239,0.99000,-0.41589,-0.29354,-0.00504,0.99000,0.22082,0.07137,-0.00151,0.99000,-0.58764,-0.08722,0.00078,0.99000,0.12586,-0.00132,-0.00037,0.99000,-0.13091,-0.00036,0.00106,0.99000,0.12082,0.45030,-0.00551,0.99000,-0.11880,0.44977,0.00106,0.99000,0.12020,0.89501,0.02587,0.99000,-0.12751,0.90458,0.03028,0.99000
5,0.6000,raise_hand,0.19624,-0.50495,0.00041,0.99000,-0.20011,-0.49126,-0.00226,0.99000,0.23034,-0.20214,0.00094,0.99000,-0.44188,-0.32051,0.00233,0.99000,0.22531,0.07398,0.00543,0.99000,-0.63214,-0.12736,-0.00466,0.99000,0.12150,-0.00199,0.00935,0.99000,-0.12563,0.00311,-0.00051,0.99000,0.12339,0.44600,0.00802,0.99000,-0.12560,0.45160,0.00026,0.99000,0.12954,0.89874,0.02641,0.99000,-0.11957,0.90012,0.02013,0.99000
5,0.6500,raise_hand,0.20700,-0.50374,0.00707,0.99000,-0.19821,-0.50695,-0.00467,0.99000,0.22544,-0.20118,0.00137,0.99000,-0.45369,-0.34479,-0.00187,0.99000,0.21830,0.06766,-0.00546,0.99000,-0.67455,-0.17994,-0.00450,0.99000,0.12524,-0.00543,-0.00069,0.99000,-0.13099,0.00363,0.00128,0.99000,0.12244,0.44639,-0.00150,0.99000,-0.12495,0.45012,-0.00130,0.99000,0.13169,0.89803,0.02159,0.99000,-0.12331,0.89378,0.02678,0.99000
5,0.7000,raise_hand,0.19948,-0.50112,0.00376,0.99000,-0.20367,-0.50629,0.00373,0.99000,0.23306,-0.20093,-0.00577,0.99000,-0.47496,-0.38272,0.00195,0.99000,0.22368,0.06568,-0.00525,0.99000,-0.71227,-0.23483,-0.00592,0.99000,0.12082,0.00514,-0.00324,0.99000,-0.12536,-0.00373,-0.00445,0.99000,0.12941,0.44799,0.00195,0.99000,-0.12019,0.44557,0.00131,0.99000,0.12598,0.89379,0.02006,0.99000,-0.13042,0.90396,0.02437,0.99000
5,0.7500,raise_hand,0.20128,-0.49871,-0.00041,0.99000,-0.20319,-0.49455,-0.01241,0.99000,0.22785,-0.20289,-0.00185,0.99000,-0.48307,-0.41373,-0.00171,0.99000,0.21829,0.06572,0.00057,0.99000,-0.72901,-0.30364,-0.00085,0.99000,0.12121,-0.00258,-0.00060,0.99000,-0.12303,-0.00027,-0.00717,0.99000,0.12531,0.44653,-0.00762,0.99000,-0.11656,0.44878,0.00619,0.99000,0.12663,0.89428,0.01881,0.99000,-0.12259,0.89780,0.02391,0.99000
5,0.8000,raise_hand,0.20251,-0.49364,0.00793,0.99000,-0.19465,-0.50016,-0.00229,0.99000,0.22122,-0.19876,-0.00162,0.99000,-0.49858,-0.44278,-0.00021,0.99000,0.22460,0.06330,-0.00067,0.99000,-0.75035,-0.36176,0.00509,0.99000,0.13138,0.00233,0.00057,0.99000,-0.11772,0.00141,-0.00111,0.99000,0.11472,0.45383,-0.00555,0.99000,-0.12088,0.44410,-0.00683,0.99000,0.12451,0.89984,0.02494,0.99000,-0.13185,0.89741,0.02121,0.99000
5,0.8500,raise_hand,0.20167,-0.50016,0.00060,0.99000,-0.20331,-0.50371,-0.00475,0.99000,0.22588,-0.20104,0.00407,0.99000,-0.49886,-0.47734,-0.00288,0.99000,0.22535,0.06943,0.00313,0.99000,-0.76471,-0.42912,-0.00599,0.99000,0.12377,-0.00360,-0.00196,0.99000,-0.12507,0.00241,-0.00272,0.99000,0.12220,0.44838,0.00187,0.99000,-0.12216,0.44796,0.00154,0.99000,0.13323,0.89673,0.01475,0.99000,-0.12637,0.89330,0.02088,0.99000
5,0.9000,raise_hand,0.19851,-0.49815,0.00372,0.99000,-0.20235,-0.49622,-0.00274,0.99000,0.23226,-0.20334,-0.00243,0.99000,-0.49523,-0.50998,-0.00073,0.99000,0.21368,0.06974,0.00754,0.99000,-0.76920,-0.49400,0.00300,0.99000,0.13128,-0.00672,0.00270,0.99000,-0.12435,0.00336,0.00122,0.99000,0.12357,0.44969,-0.00808,0.99000,-0.12720,0.44780,0.00251,0.99000,0.12501,0.90133,0.02117,0.99000,-0.12508,0.90341,0.02017,0.99000
5,0.9500,raise_hand,0.19689,-0.50688,-0.00007,0.99000,-0.19045,-0.50317,0.00088,0.99000,0.22836,-0.19575,0.00035,0.99000,-0.49335,-0.55280,-0.00069,0.99000,0.21177,0.06600,-0.00821,0.99000,-0.76678,-0.56010,-0.00163,0.99000,0.12854,-0.00041,-0.00183,0.99000,-0.12462,0.00029,-0.00344,0.99000,0.12296,0.45338,0.00312,0.99000,-0.12226,0.44498,0.00012,0.99000,0.12141,0.90061,0.02347,0.99000,-0.12315,0.90255,0.02054,0.99000
5,1.0000,raise_hand,0.20237,-0.50277,0.00054,0.99000,-0.19689,-0.48663,-0.00154,0.99000,0.22988,-0.19609,0.00446,0.99000,-0.48681,-0.58245,0.00339,0.99000,0.22568,0.07319,0.00431,0.99000,-0.75293,-0.61685,0.00146,0.99000,0.12839,-0.00415,0.00081,0.99000,-0.12735,-0.00533,0.00390,0.99000,0.11728,0.44418,-0.00553,0.99000,-0.12071,0.45412,-0.00234,0.99000,0.12896,0.89924,0.01888,0.99000,-0.12280,0.89709,0.02545,0.99000
5,1.0500,raise_hand,0.20419,-0.49479,-0.00448,0.99000,-0.20088,-0.48877,0.00484,0.99000,0.22189,-0.19529,-0.00352,0.99000,-0.48248,-0.60818,0.00329,0.99000,0.21765,0.06993,0.00120,0.99000,-0.74465,-0.68152,0.00054,0.99000,0.12347,0.01108,0.00737,0.99000,-0.12796,0.00204,0.00039,0.99000,0.11847,0.45353,0.00972,0.99000,-0.12552,0.44734,0.00219,0.99000,0.12797,0.90333,0.02731,0.99000,-0.11794,0.89980,0.02312,0.99000
5,1.1000,raise_hand,0.20041,-0.50439,-0.00226,0.99000,-0.19412,-0.49687,-0.00523,0.99000,0.22986,-0.20440,0.00178,0.99000,-0.46432,-0.64641,0.00005,0.99000,0.21835,0.06758,-0.00163,0.99000,-0.71500,-0.73444,-0.00513,0.99000,0.12849,-0.00251,-0.00393,0.99000,-0.12328,0.00395,0.00210,0.99000,0.12965,0.45514,0.00369,0.99000,-0.13616,0.45472,0.00511,0.99000,0.13067,0.89837,0.01751,0.99000,-0.12772,0.89293,0.01401,0.99000
5,1.1500,raise_hand,0.20645,-0.49731,0.00398,0.99000,-0.20210,-0.50687,-0.00198,0.99000,0.23617,-0.19618,-0.00302,0.99000,-0.44839,-0.65865,-0.00397,0.99000,0.22146,0.06327,-0.00043,0.99000,-0.69798,-0.78625,0.00673,0.99000,0.12251,0.00668,0.00682,0.99000,-0.12928,-0.00062,0.00416,0.99000,0.12818,0.44992,-0.00283,0.99000,-0.12780,0.45575,-0.00232,0.99000,0.12650,0.90329,0.02283,0.99000,-0.12102,0.89847,0.01876,0.99000
5,1.2000,raise_hand,0.19697,-0.50213,0.00191,0.99000,-0.19609,-0.50021,-0.00047,0.99000,0.23340,-0.19771,-0.01129,0.99000,-0.43225,-0.68543,-0.00279,0.99000,0.21487,0.05994,0.00514,0.99000,-0.66329,-0.81691,0.00288,0.99000,0.12124,0.00181,0.00408,0.99000,-0.12987,0.00066,-0.00265,0.99000,0.12584,0.44526,0.00018,0.99000,-0.12615,0.44894,0.00331,0.99000,0.12228,0.90139,0.02606,0.99000,-0.12458,0.89803,0.02859,0.99000
5,1.2500,raise_hand,0.20517,-0.50208,-0.00011,0.99000,-0.19202,-0.50378,-0.00343,0.99000,0.23172,-0.19872,-0.00357,0.99000,-0.42168,-0.70119,-0.00270,0.99000,0.22215,0.06677,0.00511,0.99000,-0.64577,-0.85764,0.00660,0.99000,0.12558,0.00451,-0.00106,0.99000,-0.12537,0.00101,-0.00296,0.99000,0.12373,0.44590,-0.00140,0.99000,-0.12226,0.43776,-0.00654,0.99000,0.12226,0.90237,0.02618,0.99000,-0.12830,0.90117,0.02486,0.99000
5,1.3000,raise_hand,0.19868,-0.50487,0.00128,0.99000,-0.19811,-0.50310,0.00220,0.99000,0.23485,-0.20261,-0.00037,0.99000,-0.40490,-0.72187,-0.00137,0.99000,0.22825,0.06673,0.00151,0.99000,-0.61764,-0.88739,-0.00334,0.99000,0.12583,-0.00210,-0.00804,0.99000,-0.13100,-0.00014,-0.00088,0.99000,0.12674,0.44876,0.00251,0.99000,-0.12393,0.45345,0.00630,0.99000,0.12267,0.90227,0.02551,0.99000,-0.12186,0.90252,0.02230,0.99000
5,1.3500,raise_hand,0.19921,-0.48927,-0.00374,0.99000,-0.19515,-0.49844,-0.00704,0.99000,0.22893,-0.20205,-0.00406,0.99000,-0.39255,-0.72506,0.00250,0.99000,0.21186,0.07227,0.00037,0.99000,-0.60310,-0.90977,0.00133,0.99000,0.12792,-0.00407,-0.00359,0.99000,-0.12453,0.00612,-0.00154,0.99000,0.13280,0.44799,0.00176,0.99000,-0.12834,0.44925,0.00182,0.99000,0.12368,0.90214,0.02320,0.99000,-0.12959,0.89739,0.02791,0.99000
5,1.4000,raise_hand,0.20483,-0.50036,0.00171,0.99000,-0.19723,-0.49391,-0.00283,0.99000,0.23253,-0.20169,0.00279,0.99000,-0.37691,-0.73437,-0.00059,0.99000,0.22008,0.06589,-0.00254,0.99000,-0.58168,-0.92532,0.00342,0.99000,0.12608,0.00046,0.00122,0.99000,-0.12088,0.00214,0.00007,0.99000,0.13434,0.44791,-0.00223,0.99000,-0.12166,0.44799,-0.00111,0.99000,0.12489,0.89447,0.02979,0.99000,-0.12114,0.89795,0.02375,0.99000
5,1.4500,raise_hand,0.19687,-0.50388,0.00523,0.99000,-0.20413,-0.49892,-0.00067,0.99000,0.22546,-0.19825,-0.00089,0.99000,-0.36655,-0.74617,0.00017,0.99000,0.21534,0.06644,-0.00745,0.99000,-0.57065,-0.94407,0.00088,0.99000,0.12623,0.00309,0.00146,0.99000,-0.12288,0.00034,0.00020,0.99000,0.13048,0.44991,0.00005,0.99000,-0.12502,0.44819,-0.00439,0.99000,0.13261,0.90206,0.03181,0.99000,-0.12864,0.90248,0.02567,0.99000
5,1.5000,raise_hand,0.19479,-0.49419,-0.00540,0.99000,-0.20072,-0.49462,0.00186,0.99000,0.22954,-0.20262,-0.00215,0.99000,-0.37065,-0.74510,-0.00292,0.99000,0.21799,0.06873,-0.00689,0.99000,-0.54670,-0.94796,-0.00091,0.99000,0.12953,0.00060,0.00018,0.99000,-0.13100,-0.00440,-0.00531,0.99000,0.12528,0.45414,0.00117,0.99000,-0.12971,0.45382,-0.00702,0.99000,0.12754,0.90451,0.01869,0.99000,-0.12702,0.89954,0.01788,0.99000
5,1.5500,raise_hand,0.19698,-0.50141,-0.00212,0.99000,-0.20801,-0.49650,-0.01536,0.99000,0.22756,-0.20512,-0.00041,0.99000,-0.37302,-0.74397,0.00436,0.99000,0.21810,0.07118,-0.00387,0.99000,-0.54744,-0.94395,0.00223,0.99000,0.12927,0.00180,-0.00182,0.99000,-0.12445,0.00112,0.00139,0.99000,0.12674,0.45543,0.00407,0.99000,-0.12143,0.44757,-0.00776,0.99000,0.11849,0.89482,0.02408,0.99000,-0.12438,0.90529,0.03201,0.99000
5,1.6000,raise_hand,0.19519,-0.50154,-0.00107,0.99000,-0.20453,-0.50670,0.00280,0.99000,0.22817,-0.19644,0.00506,0.99000,-0.37355,-0.75158,-0.00445,0.99000,0.21292,0.06929,-0.00812,0.99000,-0.55002,-0.94474,-0.00223,0.99000,0.11807,0.00066,-0.00261,0.99000,-0.12992,0.01397,-0.00501,0.99000,0.11855,0.45499,0.00729,0.99000,-0.13047,0.45212,0.00569,0.99000,0.12465,0.89959,0.01893,0.99000,-0.12176,0.90134,0.02278,0.99000
5,1.6500,raise_hand,0.19885,-0.50288,-0.00304,0.99000,-0.19981,-0.49638,0.00059,0.99000,0.21833,-0.20587,0.00171,0.99000,-0.36212,-0.74956,0.00142,0.99000,0.22490,0.06655,-0.00608,0.99000,-0.53938,-0.94154,0.00194,0.99000,0.12670,0.00103,0.00412,0.99000,-0.12741,-0.00028,-0.00075,0.99000,0.12829,0.44944,0.00262,0.99000,-0.11958,0.44886,0.00071,0.99000,0.12894,0.90387,0.01962,0.99000,-0.12638,0.90383,0.01916,0.99000
5,1.7000,raise_hand,0.19352,-0.49767,-0.00060,0.99000,-0.19912,-0.50077,0.00360,0.99000,0.23605,-0.20675,0.00460,0.99000,-0.36632,-0.74681,0.00329,0.99000,0.22748,0.07301,0.00370,0.99000,-0.55257,-0.94563,0.00235,0.99000,0.12481,0.00068,0.00024,0.99000,-0.12736,0.00177,0.00428,0.99000,0.12249,0.44488,-0.00153,0.99000,-0.12672,0.45320,-0.00500,0.99000,0.13163,0.89772,0.03235,0.99000,-0.12688,0.90025,0.02498,0.99000
5,1.7500,raise_hand,0.20558,-0.49746,0.00296,0.99000,-0.20219,-0.49932,0.00760,0.99000,0.23443,-0.19882,0.00294,0.99000,-0.37033,-0.74555,0.00049,0.99000,0.21535,0.06961,-0.00190,0.99000,-0.55434,-0.94602,-0.00554,0.99000,0.12842,-0.00632,-0.00429,0.99000,-0.12567,0.00685,-0.00176,0.99000,0.12203,0.44910,-0.00154,0.99000,-0.12583,0.44607,0.00442,0.99000,0.13300,0.89868,0.02453,0.99000,-0.12870,0.89563,0.02194,0.99000
5,1.8000,raise_hand,0.20530,-0.49530,0.00008,0.99000,-0.20558,-0.49513,0.00345,0.99000,0.22852,-0.20386,-0.00904,0.99000,-0.36955,-0.74581,0.00500,0.99000,0.21549,0.06430,-0.00114,0.99000,-0.55099,-0.94485,-0.00548,0.99000,0.12491,-0.00568,0.00213,0.99000,-0.12589,0.00421,0.01187,0.99000,0.12637,0.44951,-0.00011,0.99000,-0.12097,0.45199,0.00265,0.99000,0.12224,0.89410,0.02743,0.99000,-0.12300,0.89198,0.02367,0.99000
5,1.8500,raise_hand,0.19640,-0.50201,0.00491,0.99000,-0.20036,-0.49364,0.00054,0.99000,0.23053,-0.20907,-0.00237,0.99000,-0.36556,-0.74674,0.00163,0.99000,0.21291,0.07159,-0.00041,0.99000,-0.55288,-0.94922,0.00057,0.99000,0.12621,-0.00442,0.00188,0.99000,-0.13223,-0.00444,-0.00115,0.99000,0.13073,0.44660,-0.00104,0.99000,-0.12539,0.44905,0.00127,0.99000,0.13325,0.90065,0.01738,0.99000,-0.12393,0.89850,0.01891,0.99000
5,1.9000,raise_hand,0.19696,-0.49909,-0.00336,0.99000,-0.19626,-0.50244,0.00321,0.99000,0.23003,-0.20684,-0.00208,0.99000,-0.36789,-0.74831,-0.00105,0.99000,0.22058,0.07157,0.00583,0.99000,-0.54830,-0.94017,-0.00077,0.99000,0.12688,0.00195,0.00091,0.99000,-0.12138,-0.00750,-0.00134,0.99000,0.12612,0.45323,-0.00237,0.99000,-0.12686,0.44889,-0.00390,0.99000,0.12380,0.89518,0.00985,0.99000,-0.12905,0.90238,0.01957,0.99000
5,1.9500,raise_hand,0.20314,-0.49439,-0.00068,0.99000,-0.20130,-0.50427,0.00059,0.99000,0.22650,-0.19634,0.00000,0.99000,-0.37344,-0.75101,0.00078,0.99000,0.21698,0.06449,-0.00408,0.99000,-0.55350,-0.94949,-0.00600,0.99000,0.12101,0.00106,0.00705,0.99000,-0.12987,-0.00492,-0.00103,0.99000,0.12580,0.44283,-0.00001,0.99000,-0.12052,0.44509,0.00665,0.99000,0.12937,0.91095,0.02260,0.99000,-0.12402,0.90316,0.02091,0.99000
5,2.0000,raise_hand,0.20059,-0.49772,0.00316,0.99000,-0.19619,-0.49889,-0.00413,0.99000,0.22907,-0.20152,0.00167,0.99000,-0.37157,-0.74170,-0.00623,0.99000,0.22434,0.06323,-0.00024,0.99000,-0.55525,-0.94749,0.00183,0.99000,0.12314,-0.00113,-0.00010,0.99000,-0.12554,-0.00043,-0.00417,0.99000,0.11768,0.44333,-0.00097,0.99000,-0.13050,0.44406,0.00039,0.99000,0.12035,0.89277,0.02564,0.99000,-0.12497,0.90372,0.02927,0.99000
5,2.0500,raise_hand,0.20156,-0.48904,-0.00460,0.99000,-0.20250,-0.50357,0.00349,0.99000,0.23213,-0.20344,-0.00234,0.99000,-0.37206,-0.74926,-0.00122,0.99000,0.22071,0.06722,0.00100,0.99000,-0.55110,-0.94612,-0.00561,0.99000,0.12168,-0.00291,-0.00066,0.99000,-0.12264,0.00310,0.00288,0.99000,0.13151,0.44305,0.00195,0.99000,-0.12889,0.44895,-0.00098,0.99000,0.12329,0.89646,0.02138,0.99000,-0.12961,0.90095,0.02265,0.99000
5,2.1000,raise_hand,0.19965,-0.50054,0.00184,0.99000,-0.20339,-0.49955,0.00130,0.99000,0.22975,-0.19815,0.00185,0.99000,-0.36677,-0.74715,0.00077,0.99000,0.21796,0.06511,0.00192,0.99000,-0.55303,-0.94422,0.00119,0.99000,0.12271,0.00123,0.00255,0.99000,-0.12060,-0.00406,-0.00551,0.99000,0.12658,0.44633,-0.00759,0.99000,-0.12476,0.44898,0.00124,0.99000,0.11546,0.89877,0.03097,0.99000,-0.12301,0.89751,0.02483,0.99000
5,2.1500,raise_hand,0.19485,-0.49945,0.00255,0.99000,-0.19889,-0.50278,-0.00189,0.99000,0.23445,-0.19926,-0.00162,0.99000,-0.37308,-0.74230,-0.00597,0.99000,0.22118,0.06851,-0.00823,0.99000,-0.55341,-0.94601,-0.00321,0.99000,0.12804,0.00133,0.00690,0.99000,-0.11912,-0.00107,0.00856,0.99000,0.12553,0.45817,0.00245,0.99000,-0.12384,0.46034,0.00334,0.99000,0.12541,0.89653,0.02541,0.99000,-0.13302,0.89917,0.02860,0.99000
5,2.2000,raise_hand,0.19458,-0.49216,-0.00259,0.99000,-0.19228,-0.50406,-0.00165,0.99000,0.22837,-0.20502,0.00115,0.99000,-0.37288,-0.74540,-0.00106,0.99000,0.22062,0.06197,0.00030,0.99000,-0.55560,-0.95087,-0.00573,0.99000,0.12848,-0.00033,-0.00085,0.99000,-0.12049,0.00004,-0.00403,0.99000,0.12427,0.44807,0.00192,0.99000,-0.12418,0.45233,-0.00267,0.99000,0.11762,0.89170,0.01721,0.99000,-0.12173,0.90724,0.02205,0.99000
5,2.2500,raise_hand,0.19869,-0.49810,0.00373,0.99000,-0.19921,-0.49635,-0.00855,0.99000,0.23325,-0.20110,-0.00267,0.99000,-0.36326,-0.74363,-0.00023,0.99000,0.22175,0.06423,0.00848,0.99000,-0.55029,-0.94979,0.00062,0.99000,0.12287,0.00187,-0.00675,0.99000,-0.12374,-0.00060,0.00213,0.99000,0.12459,0.44624,0.00080,0.99000,-0.12570,0.44389,-0.00053,0.99000,0.12646,0.90228,0.02113,0.99000,-0.12182,0.90348,0.02243,0.99000
5,2.3000,raise_hand,0.19323,-0.49517,0.00278,0.99000,-0.19850,-0.49632,0.00391,0.99000,0.22935,-0.20424,0.00514,0.99000,-0.37365,-0.74597,0.00275,0.99000,0.21137,0.06828,0.00861,0.99000,-0.55156,-0.94056,0.00549,0.99000,0.12502,-0.00161,0.00084,0.99000,-0.12088,0.00279,-0.00836,0.99000,0.12389,0.44765,-0.00366,0.99000,-0.12568,0.44312,0.00128,0.99000,0.12571,0.89561,0.03037,0.99000,-0.12218,0.89817,0.01443,0.99000
5,2.3500,raise_hand,0.19693,-0.49628,-0.00310,0.99000,-0.20111,-0.49966,0.00293,0.99000,0.23202,-0.20580,-0.00203,0.99000,-0.36973,-0.75558,-0.00804,0.99000,0.22166,0.06731,-0.00083,0.99000,-0.55214,-0.94996,-0.00009,0.99000,0.12752,0.00470,0.00234,0.99000,-0.13499,0.00180,0.00263,0.99000,0.12720,0.44573,-0.00095,0.99000,-0.12790,0.44982,-0.00196,0.99000,0.12081,0.89216,0.02406,0.99000,-0.12535,0.90374,0.02599,0.99000
5,2.4000,raise_hand,0.19882,-0.50148,-0.00030,0.99000,-0.20084,-0.50523,0.00428,0.99000,0.22958,-0.20707,0.00221,0.99000,-0.36803,-0.75167,0.00546,0.99000,0.22158,0.07008,-0.00134,0.99000,-0.54775,-0.94721,-0.00217,0.99000,0.12843,-0.00592,0.00274,0.99000,-0.12568,0.00117,0.00423,0.99000,0.12279,0.44745,0.00527,0.99000,-0.12333,0.45509,-0.00028,0.99000,0.13024,0.90173,0.01856,0.99000,-0.12272,0.89862,0.02309,0.99000
5,2.4500,raise_hand,0.20290,-0.49912,-0.00050,0.99000,-0.20483,-0.49873,0.00497,0.99000,0.23883,-0.20217,0.00515,0.99000,-0.36328,-0.74816,0.00561,0.99000,0.22539,0.06738,0.00166,0.99000,-0.55250,-0.94688,0.00275,0.99000,0.11880,-0.00239,-0.00644,0.99000,-0.12362,-0.00318,-0.00273,0.99000,0.13192,0.44955,0.00283,0.99000,-0.12299,0.45231,-0.00730,0.99000,0.12924,0.89599,0.02705,0.99000,-0.12219,0.89921,0.02401,0.99000
5,2.5000,raise_hand,0.19097,-0.50196,-0.00224,0.99000,-0.20065,-0.49577,-0.00143,0.99000,0.23119,-0.20554,-0.00220,0.99000,-0.37360,-0.75473,-0.00165,0.99000,0.22244,0.06756,0.00470,0.99000,-0.55444,-0.95593,0.00319,0.99000,0.12242,0.00049,0.00015,0.99000,-0.12106,-0.00268,0.00081,0.99000,0.11891,0.45119,0.00198,0.99000,-0.12557,0.45200,0.00180,0.99000,0.13014,0.90518,0.01743,0.99000,-0.12416,0.89864,0.02879,0.99000
5,2.5500,raise_hand,0.19150,-0.49443,0.00388,0.99000,-0.20377,-0.49957,-0.00420,0.99000,0.23397,-0.19815,-0.00102,0.99000,-0.37421,-0.74807,-0.00168,0.99000,0.21560,0.06903,-0.00194,0.99000,-0.54823,-0.94855,0.00011,0.99000,0.12591,0.00047,0.00147,0.99000,-0.12372,0.00111,-0.00233,0.99000,0.12575,0.44911,-0.00089,0.99000,-0.13031,0.44465,0.00919,0.99000,0.12591,0.89836,0.02635,0.99000,-0.11949,0.90539,0.01627,0.99000
5,2.6000,raise_hand,0.20318,-0.49320,0.00603,0.99000,-0.19838,-0.49688,-0.00555,0.99000,0.22958,-0.20863,-0.00061,0.99000,-0.37101,-0.74844,-0.00369,0.99000,0.22655,0.07597,0.00037,0.99000,-0.54824,-0.94999,0.00139,0.99000,0.12360,-0.00058,0.00388,0.99000,-0.12487,0.00178,0.00035,0.99000,0.12163,0.44667,0.00079,0.99000,-0.12948,0.44933,-0.00234,0.99000,0.13598,0.90674,0.02349,0.99000,-0.12709,0.89916,0.02097,0.99000
5,2.6500,raise_hand,0.20458,-0.50481,0.00345,0.99000,-0.20267,-0.50497,0.00575,0.99000,0.22888,-0.19591,-0.00571,0.99000,-0.36646,-0.74946,-0.00180,0.99000,0.21711,0.07047,0.00233,0.99000,-0.54501,-0.95066,0.00328,0.99000,0.12228,0.00134,-0.00554,0.99000,-0.11789,0.00184,0.00479,0.99000,0.12182,0.45115,-0.00627,0.99000,-0.12429,0.44837,0.00251,0.99000,0.12543,0.90283,0.02042,0.99000,-0.11572,0.89917,0.01927,0.99000
5,2.7000,raise_hand,0.19913,-0.49888,0.00541,0.99000,-0.20657,-0.50105,-0.00118,0.99000,0.23212,-0.20139,-0.00263,0.99000,-0.36736,-0.75115,0.00470,0.99000,0.22414,0.07155,-0.00144,0.99000,-0.55641,-0.94194,0.00562,0.99000,0.12608,-0.00008,-0.00353,0.99000,-0.12973,-0.00332,0.00245,0.99000,0.12068,0.44516,0.00199,0.99000,-0.12714,0.44893,0.00091,0.99000,0.11772,0.89812,0.01674,0.99000,-0.12259,0.89801,0.01878,0.99000
5,2.7500,raise_hand,0.20017,-0.49350,-0.00259,0.99000,-0.20256,-0.49797,0.00655,0.99000,0.22355,-0.20017,0.00525,0.99000,-0.37203,-0.74587,-0.01056,0.99000,0.21192,0.07449,0.00294,0.99000,-0.55581,-0.94428,-0.00337,0.99000,0.13148,0.00024,0.00270,0.99000,-0.12519,0.00250,0.00237,0.99000,0.12342,0.45175,0.00510,0.99000,-0.12453,0.45203,0.00055,0.99000,0.12988,0.90407,0.01986,0.99000,-0.12606,0.89988,0.02353,0.99000
5,2.8000,raise_hand,0.19552,-0.50735,0.00564,0.99000,-0.19982,-0.49869,0.00236,0.99000,0.22326,-0.19860,-0.00686,0.99000,-0.36600,-0.74929,-0.00117,0.99000,0.22085,0.06444,-0.00412,0.99000,-0.55306,-0.94294,-0.00074,0.99000,0.12671,0.00598,0.00248,0.99000,-0.11918,0.00444,0.00735,0.99000,0.12145,0.44894,-0.00107,0.99000,-0.12469,0.45852,-0.00151,0.99000,0.12257,0.90066,0.01640,0.99000,-0.12083,0.89847,0.02406,0.99000
5,2.8500,raise_hand,0.19384,-0.50582,-0.00234,0.99000,-0.20598,-0.49831,0.00703,0.99000,0.22934,-0.19713,0.00640,0.99000,-0.37465,-0.74417,-0.00005,0.99000,0.21367,0.06573,-0.00175,0.99000,-0.54550,-0.94511,0.00035,0.99000,0.12669,0.00173,-0.00062,0.99000,-0.12188,-0.00115,0.00135,0.99000,0.11881,0.45198,-0.00694,0.99000,-0.12157,0.44362,-0.00031,0.99000,0.12630,0.89937,0.01949,0.99000,-0.12722,0.89786,0.01699,0.99000
5,2.9000,raise_hand,0.20488,-0.49337,0.00143,0.99000,-0.20147,-0.49859,-0.00391,0.99000,0.22845,-0.19981,0.00039,0.99000,-0.37205,-0.75232,0.00187,0.99000,0.21612,0.06786,-0.00046,0.99000,-0.54540,-0.94735,-0.00105,0.99000,0.11880,-0.00242,0.00584,0.99000,-0.11715,0.00129,0.00290,0.99000,0.12683,0.44640,0.00142,0.99000,-0.12785,0.45578,-0.00033,0.99000,0.12499,0.89420,0.02124,0.99000,-0.12584,0.89871,0.02665,0.99000
5,2.9500,raise_hand,0.19659,-0.50528,-0.00508,0.99000,-0.20721,-0.49808,0.00055,0.99000,0.23239,-0.20617,0.00009,0.99000,-0.37005,-0.74793,-0.00699,0.99000,0.21659,0.06537,-0.00338,0.99000,-0.54659,-0.94111,-0.00218,0.99000,0.12362,0.00063,-0.00136,0.99000,-0.12224,0.00060,0.00167,0.99000,0.13262,0.44884,0.00530,0.99000,-0.12206,0.45252,-0.00005,0.99000,0.12805,0.89195,0.02763,0.99000,-0.12478,0.89417,0.02600,0.99000
5,3.0000,raise_hand,0.19759,-0.49542,-0.00225,0.99000,-0.20610,-0.50035,0.00515,0.99000,0.22892,-0.20213,-0.00157,0.99000,-0.36503,-0.74304,-0.00365,0.99000,0.22716,0.06963,0.00383,0.99000,-0.54922,-0.94788,-0.00082,0.99000,0.12772,0.00693,0.00799,0.99000,-0.12141,-0.00552,-0.00457,0.99000,0.12724,0.45724,-0.00212,0.99000,-0.12269,0.44762,0.00114,0.99000,0.12560,0.90150,0.02349,0.99000,-0.12503,0.90855,0.02537,0.99000
5,3.0500,raise_hand,0.20353,-0.49819,0.00354,0.99000,-0.19701,-0.50691,-0.00239,0.99000,0.23367,-0.19960,-0.00484,0.99000,-0.36958,-0.75663,0.00313,0.99000,0.21974,0.06061,0.00191,0.99000,-0.54556,-0.94523,-0.00130,0.99000,0.12521,0.00191,-0.00170,0.99000,-0.12087,0.00489,-0.00411,0.99000,0.12707,0.45172,-0.00309,0.99000,-0.12672,0.45322,-0.00067,0.99000,0.11710,0.90837,0.02070,0.99000,-0.12931,0.90565,0.01599,0.99000
5,3.1000,raise_hand,0.20246,-0.49615,-0.00002,0.99000,-0.19806,-0.49650,-0.00476,0.99000,0.22994,-0.19916,-0.00512,0.99000,-0.37352,-0.74997,-0.00300,0.99000,0.21747,0.06988,-0.00069,0.99000,-0.55773,-0.95274,-0.00569,0.99000,0.12512,0.00347,-0.00170,0.99000,-0.13243,-0.00384,0.00247,0.99000,0.12097,0.44938,0.00125,0.99000,-0.12420,0.45601,0.00280,0.99000,0.12846,0.89762,0.02452,0.99000,-0.12663,0.89964,0.02352,0.99000
5,3.1500,raise_hand,0.19839,-0.49454,0.00389,0.99000,-0.20220,-0.49906,0.00085,0.99000,0.23661,-0.20221,-0.00278,0.99000,-0.38054,-0.73803,-0.00183,0.99000,0.21325,0.06570,-0.00665,0.99000,-0.57287,-0.93097,-0.00589,0.99000,0.12090,0.00146,-0.00399,0.99000,-0.12497,0.00042,-0.00377,0.99000,0.12046,0.44706,-0.00353,0.99000,-0.12886,0.45469,-0.00610,0.99000,0.12121,0.89678,0.01861,0.99000,-0.12167,0.90344,0.01829,0.99000
5,3.2000,raise_hand,0.20315,-0.50418,-0.00455,0.99000,-0.19944,-0.50394,-0.00494,0.99000,0.23026,-0.19689,-0.00277,0.99000,-0.40501,-0.71410,0.00226,0.99000,0.21337,0.06959,-0.00465,0.99000,-0.61960,-0.88118,-0.00122,0.99000,0.12496,0.00842,0.00544,0.99000,-0.12471,-0.00181,0.00356,0.99000,0.11727,0.45230,0.00101,0.99000,-0.12509,0.43893,0.00186,0.99000,0.11877,0.90573,0.02817,0.99000,-0.12621,0.89634,0.02542,0.99000
5,3.2500,raise_hand,0.19291,-0.49943,0.00380,0.99000,-0.19901,-0.49734,0.00115,0.99000,0.22606,-0.20410,0.00316,0.99000,-0.43413,-0.68453,0.00154,0.99000,0.21320,0.07301,-0.00387,0.99000,-0.67329,-0.82089,-0.00403,0.99000,0.12226,0.00849,-0.00365,0.99000,-0.12044,0.00319,0.00264,0.99000,0.12714,0.45596,0.00319,0.99000,-0.11659,0.45397,0.00392,0.99000,0.12554,0.89492,0.01822,0.99000,-0.12666,0.89788,0.01760,0.99000
5,3.3000,raise_hand,0.20132,-0.49940,0.00980,0.99000,-0.19714,-0.49520,-0.00718,0.99000,0.23015,-0.20350,-0.00035,0.99000,-0.46489,-0.64452,0.00856,0.99000,0.21501,0.07794,0.00438,0.99000,-0.71921,-0.73055,-0.00278,0.99000,0.12146,-0.00268,0.00276,0.99000,-0.12121,0.00150,0.00234,0.99000,0.12794,0.44368,-0.00365,0.99000,-0.12771,0.44986,0.00113,0.99000,0.13252,0.89682,0.02316,0.99000,-0.12745,0.89679,0.02709,0.99000
5,3.3500,raise_hand,0.20058,-0.49760,-0.00210,0.99000,-0.19593,-0.49677,-0.00077,0.99000,0.23233,-0.20266,0.00163,0.99000,-0.48336,-0.58088,-0.00438,0.99000,0.21184,0.06610,0.00299,0.99000,-0.75901,-0.62331,-0.00507,0.99000,0.11915,-0.00529,-0.00293,0.99000,-0.12670,0.00005,0.01121,0.99000,0.12580,0.44813,0.00079,0.99000,-0.12113,0.45530,0.00308,0.99000,0.12562,0.90345,0.01964,0.99000,-0.12591,0.89962,0.01647,0.99000
5,3.4000,raise_hand,0.19806,-0.49767,-0.00366,0.99000,-0.19444,-0.50635,-0.00914,0.99000,0.23349,-0.19827,0.00525,0.99000,-0.50189,-0.52071,0.00357,0.99000,0.22332,0.06860,-0.00536,0.99000,-0.77033,-0.49740,0.00056,0.99000,0.12392,0.00519,0.00202,0.99000,-0.12869,-0.00363,0.00005,0.99000,0.12470,0.44583,0.00426,0.99000,-0.12633,0.45703,0.00533,0.99000,0.12599,0.89488,0.02687,0.99000,-0.11708,0.89845,0.02816,0.99000
5,3.4500,raise_hand,0.20596,-0.50190,-0.00102,0.99000,-0.20083,-0.49972,0.00223,0.99000,0.22358,-0.20762,-0.00125,0.99000,-0.49376,-0.44466,-0.00189,0.99000,0.21540,0.06971,0.00154,0.99000,-0.75337,-0.36454,0.00353,0.99000,0.12546,0.00134,-0.00269,0.99000,-0.12667,0.00139,-0.00670,0.99000,0.13106,0.45325,0.00250,0.99000,-0.12333,0.45330,0.00079,0.99000,0.12102,0.89150,0.02819,0.99000,-0.12369,0.89913,0.02294,0.99000
5,3.5000,raise_hand,0.20226,-0.50028,-0.00308,0.99000,-0.20455,-0.49955,-0.00247,0.99000,0.23382,-0.19725,0.00495,0.99000,-0.47274,-0.38218,-0.00413,0.99000,0.22482,0.07138,0.00731,0.99000,-0.69812,-0.23447,0.00775,0.99000,0.11697,0.00520,-0.00604,0.99000,-0.12447,0.00061,-0.00118,0.99000,0.12773,0.45656,0.00291,0.99000,-0.12427,0.45441,0.00196,0.99000,0.12614,0.90528,0.02262,0.99000,-0.12930,0.89741,0.02232,0.99000
5,3.5500,raise_hand,0.20500,-0.50216,0.00177,0.99000,-0.20067,-0.50167,-0.00821,0.99000,0.22980,-0.20065,0.00645,0.99000,-0.43832,-0.30853,-0.00819,0.99000,0.21782,0.07258,-0.00193,0.99000,-0.62253,-0.12781,0.00055,0.99000,0.12271,-0.00150,-0.00235,0.99000,-0.12724,0.00275,-0.00247,0.99000,0.12070,0.44749,0.00084,0.99000,-0.11883,0.44987,-0.00726,0.99000,0.13033,0.89566,0.01999,0.99000,-0.12966,0.90308,0.01988,0.99000
5,3.6000,raise_hand,0.20315,-0.50551,-0.00035,0.99000,-0.20145,-0.49964,-0.00018,0.99000,0.23088,-0.20051,-0.00671,0.99000,-0.39491,-0.27126,-0.00011,0.99000,0.21981,0.06740,-0.00126,0.99000,-0.54745,-0.04384,-0.00205,0.99000,0.12089,-0.00003,-0.00115,0.99000,-0.12852,-0.00664,-0.00008,0.99000,0.12081,0.44848,0.00463,0.99000,-0.12474,0.45250,-0.00079,0.99000,0.12308,0.89822,0.02833,0.99000,-0.12289,0.89672,0.02303,0.99000
5,3.6500,raise_hand,0.20838,-0.49851,0.00023,0.99000,-0.19971,-0.49865,-0.00843,0.99000,0.23225,-0.19974,0.00503,0.99000,-0.34548,-0.23822,-0.00114,0.99000,0.21334,0.06589,-0.00799,0.99000,-0.43975,0.02120,0.00061,0.99000,0.12700,-0.00012,0.00483,0.99000,-0.12454,-0.00336,-0.00128,0.99000,0.12349,0.44618,-0.00293,0.99000,-0.12734,0.44886,0.00000,0.99000,0.11455,0.89734,0.01809,0.99000,-0.12503,0.90205,0.02050,0.99000
5,3.7000,raise_hand,0.20360,-0.50115,0.00339,0.99000,-0.20251,-0.50294,0.00319,0.99000,0.23005,-0.20376,-0.00453,0.99000,-0.30640,-0.21474,-0.00064,0.99000,0.22501,0.07257,0.00555,0.99000,-0.35789,0.04448,-0.00134,0.99000,0.12852,0.00254,-0.00103,0.99000,-0.12534,-0.00041,-0.00146,0.99000,0.12463,0.44982,-0.00529,0.99000,-0.12306,0.45019,-0.00029,0.99000,0.12000,0.89996,0.01938,0.99000,-0.12492,0.90876,0.02123,0.99000
5,3.7500,raise_hand,0.19470,-0.50111,0.00536,0.99000,-0.19559,-0.49955,-0.00098,0.99000,0.23795,-0.20374,-0.00032,0.99000,-0.26212,-0.20563,0.00238,0.99000,0.21726,0.06993,0.00058,0.99000,-0.27966,0.07066,-0.00376,0.99000,0.12219,-0.00080,-0.00788,0.99000,-0.11933,0.00242,0.00125,0.99000,0.12834,0.45376,-0.00046,0.99000,-0.12143,0.45502,-0.00162,0.99000,0.12685,0.89271,0.02802,0.99000,-0.12527,0.90441,0.02225,0.99000
5,3.8000,raise_hand,0.19592,-0.49828,-0.00016,0.99000,-0.20229,-0.50133,-0.01017,0.99000,0.23495,-0.19968,0.00353,0.99000,-0.23737,-0.20161,0.00017,0.99000,0.21798,0.07319,-0.00592,0.99000,-0.23015,0.06762,0.00553,0.99000,0.12439,-0.00147,-0.00058,0.99000,-0.12660,-0.00089,-0.01268,0.99000,0.12496,0.44567,0.00097,0.99000,-0.12745,0.44991,-0.00653,0.99000,0.12204,0.90283,0.01950,0.99000,-0.12303,0.89899,0.02234,0.99000
5,3.8500,raise_hand,0.19756,-0.50868,-0.00255,0.99000,-0.20222,-0.49544,0.00406,0.99000,0.22973,-0.20477,0.00083,0.99000,-0.22972,-0.20293,-0.00207,0.99000,0.21580,0.06320,-0.00200,0.99000,-0.22316,0.07288,0.00198,0.99000,0.12813,0.00802,0.00389,0.99000,-0.12352,-0.00012,0.00584,0.99000,0.12490,0.45019,0.00126,0.99000,-0.13185,0.45099,-0.00076,0.99000,0.12755,0.89568,0.01919,0.99000,-0.12563,0.90297,0.02175,0.99000
