episode,timestamp,action,lm0_x,lm0_y,lm0_z,lm0_v,lm1_x,lm1_y,lm1_z,lm1_v,lm2_x,lm2_y,lm2_z,lm2_v,lm3_x,lm3_y,lm3_z,lm3_v,lm4_x,lm4_y,lm4_z,lm4_v,lm5_x,lm5_y,lm5_z,lm5_v,lm6_x,lm6_y,lm6_z,lm6_v,lm7_x,lm7_y,lm7_z,lm7_v,lm8_x,lm8_y,lm8_z,lm8_v,lm9_x,lm9_y,lm9_z,lm9_v,lm10_x,lm10_y,lm10_z,lm10_v,lm11_x,lm11_y,lm11_z,lm11_v
0,0.0000,wave,0.19752,-0.50675,-0.00046,0.99000,-0.20003,-0.49927,0.00011,0.99000,0.23004,-0.20227,-0.00720,0.99000,-0.22823,-0.19668,0.00673,0.99000,0.22138,0.06023,-0.00161,0.99000,-0.22284,0.06347,0.00045,0.99000,0.12134,0.00960,-0.00397,0.99000,-0.12809,0.00338,0.00571,0.99000,0.11932,0.45153,-0.00100,0.99000,-0.11726,0.44596,0.00079,0.99000,0.12161,0.89337,0.02276,0.99000,-0.12687,0.89613,0.02664,0.99000
0,0.0500,wave,0.20242,-0.49915,-0.00282,0.99000,-0.19941,-0.49592,0.00050,0.99000,0.23038,-0.19825,-0.00469,0.99000,-0.23439,-0.20358,0.00053,0.99000,0.21211,0.07391,0.00148,0.99000,-0.22443,0.06083,0.00342,0.99000,0.12666,-0.00481,-0.00087,0.99000,-0.12708,0.00253,-0.00383,0.99000,0.12072,0.45244,0.00346,0.99000,-0.11922,0.45274,-0.00199,0.99000,0.11940,0.89940,0.02188,0.99000,-0.12487,0.89504,0.02564,0.99000
0,0.1000,wave,0.20485,-0.50143,-0.00087,0.99000,-0.20293,-0.50013,-0.00003,0.99000,0.23276,-0.19533,-0.00159,0.99000,-0.24389,-0.20469,0.00150,0.99000,0.21790,0.06583,0.00064,0.99000,-0.23274,0.06155,-0.00568,0.99000,0.12608,-0.00580,-0.00187,0.99000,-0.12159,0.00220,-0.00152,0.99000,0.12417,0.45905,-0.00034,0.99000,-0.12475,0.44992,0.00176,0.99000,0.12870,0.90666,0.02717,0.99000,-0.12302,0.90028,0.02558,0.99000
0,0.1500,wave,0.19463,-0.49285,-0.00302,0.99000,-0.19746,-0.49851,-0.00103,0.99000,0.22368,-0.20179,0.00178,0.99000,-0.25478,-0.20345,0.00385,0.99000,0.22123,0.06946,0.00201,0.99000,-0.24706,0.06402,-0.00370,0.99000,0.11990,0.00220,0.00640,0.99000,-0.13217,-0.00570,-0.00412,0.99000,0.12522,0.45574,0.00619,0.99000,-0.12695,0.45391,-0.00488,0.99000,0.12364,0.90477,0.02704,0.99000,-0.12506,0.90215,0.02761,0.99000
0,0.2000,wave,0.19695,-0.50144,-0.00485,0.99000,-0.19550,-0.49910,-0.00588,0.99000,0.23251,-0.20802,-0.00240,0.99000,-0.27332,-0.20787,-0.00414,0.99000,0.21109,0.06661,0.00259,0.99000,-0.26679,0.06016,0.00719,0.99000,0.12786,0.00088,-0.00440,0.99000,-0.12319,-0.00277,-0.00873,0.99000,0.12711,0.44261,0.00463,0.99000,-0.11811,0.45070,-0.00402,0.99000,0.12503,0.89511,0.01979,0.99000,-0.12594,0.89873,0.02044,0.99000
0,0.2500,wave,0.19773,-0.49560,0.00188,0.99000,-0.20283,-0.50311,-0.00892,0.99000,0.23606,-0.20502,0.00079,0.99000,-0.29330,-0.20974,-0.00659,0.99000,0.22155,0.07007,0.00462,0.99000,-0.28969,0.05359,-0.00356,0.99000,0.12124,-0.00795,0.00161,0.99000,-0.12012,-0.00189,-0.00218,0.99000,0.13055,0.45095,0.00492,0.99000,-0.11772,0.44795,0.00381,0.99000,0.12771,0.89580,0.02494,0.99000,-0.12769,0.89397,0.02830,0.99000
0,0.3000,wave,0.20007,-0.49517,-0.00046,0.99000,-0.19887,-0.49841,-0.00272,0.99000,0.23197,-0.19822,0.00009,0.99000,-0.31854,-0.22677,-0.00524,0.99000,0.21883,0.07141,-0.00292,0.99000,-0.31821,0.04515,-0.00268,0.99000,0.12669,-0.00450,-0.00640,0.99000,-0.12874,-0.00413,0.00071,0.99000,0.12546,0.44856,-0.00295,0.99000,-0.12656,0.44983,-0.00307,0.99000,0.12171,0.90601,0.02368,0.99000,-0.12170,0.89618,0.02248,0.99000
0,0.3500,wave,0.19553,-0.49939,-0.00182,0.99000,-0.19998,-0.50054,0.00301,0.99000,0.22522,-0.20072,-0.00042,0.99000,-0.33786,-0.23693,0.00185,0.99000,0.22151,0.07538,0.00050,0.99000,-0.34378,0.03554,-0.00257,0.99000,0.12956,-0.00445,-0.00225,0.99000,-0.12768,-0.00384,0.00031,0.99000,0.12356,0.44889,0.00029,0.99000,-0.12672,0.44624,-0.00525,0.99000,0.13207,0.90015,0.01879,0.99000,-0.12726,0.90160,0.03215,0.99000
0,0.4000,wave,0.20333,-0.49822,0.00125,0.99000,-0.20597,-0.50330,-0.00734,0.99000,0.23285,-0.20729,0.00399,0.99000,-0.36970,-0.25360,-0.00437,0.99000,0.22277,0.06326,-0.00112,0.99000,-0.38089,0.02135,-0.00078,0.99000,0.12363,-0.00489,0.00028,0.99000,-0.12340,-0.00271,-0.00202,0.99000,0.12480,0.45610,-0.00430,0.99000,-0.12442,0.44073,-0.00487,0.99000,0.12539,0.90130,0.02216,0.99000,-0.12636,0.90583,0.02486,0.99000
0,0.4500,wave,0.20357,-0.49352,-0.00214,0.99000,-0.19390,-0.50607,0.00107,0.99000,0.22540,-0.19653,-0.00051,0.99000,-0.39489,-0.27500,-0.00361,0.99000,0.22142,0.07066,-0.00192,0.99000,-0.42045,-0.01141,0.00221,0.99000,0.12462,0.00192,-0.00461,0.99000,-0.12762,0.00421,0.00300,0.99000,0.12890,0.45592,0.00026,0.99000,-0.12259,0.45140,-0.00131,0.99000,0.12703,0.89518,0.02557,0.99000,-0.12889,0.89934,0.01944,0.99000
0,0.5000,wave,0.19428,-0.50514,0.00301,0.99000,-0.19832,-0.50009,-0.00221,0.99000,0.23178,-0.19578,0.00718,0.99000,-0.42125,-0.29507,0.00499,0.99000,0.22491,0.06466,0.00815,0.99000,-0.46501,-0.02561,0.00170,0.99000,0.12546,0.00528,0.00006,0.99000,-0.12405,0.00400,-0.00440,0.99000,0.11692,0.45119,-0.00310,0.99000,-0.12518,0.45188,0.00481,0.99000,0.13063,0.90112,0.01934,0.99000,-0.12065,0.90659,0.02471,0.99000
0,0.5500,wave,0.19953,-0.49691,-0.00213,0.99000,-0.20178,-0.49132,0.00053,0.99000,0.23289,-0.20566,-0.00447,0.99000,-0.44287,-0.32259,0.00016,0.99000,0.22002,0.06096,-0.00508,0.99000,-0.51758,-0.06775,-0.00582,0.99000,0.13085,-0.00585,-0.00016,0.99000,-0.12227,0.00626,-0.00350,0.99000,0.12827,0.45199,0.00290,0.99000,-0.12806,0.45626,-0.00119,0.99000,0.13051,0.89654,0.02094,0.99000,-0.12382,0.89883,0.01271,0.99000
0,0.6000,wave,0.20034,-0.49487,-0.00098,0.99000,-0.20240,-0.49658,0.00048,0.99000,0.22941,-0.19726,0.00352,0.99000,-0.46308,-0.35277,0.00518,0.99000,0.22129,0.06911,-0.00815,0.99000,-0.56872,-0.10550,0.01043,0.99000,0.13135,0.00448,-0.00234,0.99000,-0.12427,-0.00153,0.00166,0.99000,0.12220,0.45148,0.00558,0.99000,-0.12181,0.45185,-0.00093,0.99000,0.11717,0.90171,0.02023,0.99000,-0.12009,0.89787,0.02394,0.99000
0,0.6500,wave,0.20303,-0.49852,-0.00355,0.99000,-0.19454,-0.50296,0.00027,0.99000,0.23093,-0.20323,-0.00389,0.99000,-0.47771,-0.38218,-0.00355,0.99000,0.22158,0.06763,0.00103,0.99000,-0.61628,-0.15430,-0.00391,0.99000,0.12068,0.00039,0.00193,0.99000,-0.12709,0.00161,0.00260,0.99000,0.13274,0.44764,-0.01269,0.99000,-0.12470,0.44294,-0.00100,0.99000,0.12345,0.89745,0.02238,0.99000,-0.11804,0.89593,0.02424,0.99000
0,0.7000,wave,0.20226,-0.49957,-0.00406,0.99000,-0.19745,-0.50788,-0.00346,0.99000,0.22608,-0.20011,-0.00235,0.99000,-0.48176,-0.40894,0.00274,0.99000,0.21793,0.06748,-0.00029,0.99000,-0.66620,-0.20603,-0.00230,0.99000,0.12416,0.00141,0.00305,0.99000,-0.12612,-0.00131,0.00102,0.99000,0.12115,0.44615,-0.00234,0.99000,-0.12711,0.45381,0.00161,0.99000,0.11729,0.89486,0.02137,0.99000,-0.12713,0.90014,0.02629,0.99000
0,0.7500,wave,0.20175,-0.49698,-0.00499,0.99000,-0.20712,-0.49640,0.00150,0.99000,0.22776,-0.20303,0.00323,0.99000,-0.49532,-0.44743,-0.00102,0.99000,0.22233,0.07151,0.00148,0.99000,-0.69349,-0.27058,0.00088,0.99000,0.11799,-0.00204,0.00441,0.99000,-0.12942,-0.00264,0.00307,0.99000,0.12754,0.45371,0.00066,0.99000,-0.13149,0.44978,0.00159,0.99000,0.12022,0.89847,0.01707,0.99000,-0.12276,0.89773,0.02128,0.99000
0,0.8000,wave,0.19905,-0.49677,-0.00325,0.99000,-0.19822,-0.50132,-0.00425,0.99000,0.23055,-0.20522,-0.00102,0.99000,-0.49273,-0.47433,-0.00000,0.99000,0.21844,0.06774,0.00574,0.99000,-0.71476,-0.31083,-0.00243,0.99000,0.12638,-0.00087,-0.00384,0.99000,-0.12717,-0.00266,-0.00447,0.99000,0.12757,0.45158,-0.00229,0.99000,-0.13158,0.45024,0.00064,0.99000,0.12297,0.90637,0.01434,0.99000,-0.13030,0.89849,0.02002,0.99000
0,0.8500,wave,0.19995,-0.49351,-0.00406,0.99000,-0.19771,-0.49832,0.00191,0.99000,0.22799,-0.20002,0.00215,0.99000,-0.50259,-0.49633,0.00871,0.99000,0.21894,0.06804,-0.00391,0.99000,-0.71966,-0.35115,-0.00775,0.99000,0.12384,0.00025,0.00285,0.99000,-0.12309,0.00565,-0.00531,0.99000,0.12749,0.44772,0.00666,0.99000,-0.12694,0.45166,-0.00016,0.99000,0.13021,0.90068,0.01938,0.99000,-0.12281,0.89775,0.02388,0.99000
0,0.9000,wave,0.20995,-0.49920,-0.00077,0.99000,-0.19995,-0.49977,-0.00219,0.99000,0.23716,-0.20043,0.00202,0.99000,-0.49312,-0.52235,-0.00134,0.99000,0.22412,0.06514,-0.00508,0.99000,-0.71605,-0.36100,-0.00496,0.99000,0.11873,-0.00542,0.00025,0.99000,-0.13205,0.00815,0.00383,0.99000,0.11956,0.44873,0.00312,0.99000,-0.11851,0.45252,0.00225,0.99000,0.12288,0.90228,0.02792,0.99000,-0.12186,0.90683,0.02550,0.99000
0,0.9500,wave,0.19902,-0.49932,0.00574,0.99000,-0.19975,-0.49548,0.00198,0.99000,0.22647,-0.20306,0.00291,0.99000,-0.49644,-0.55019,0.00057,0.99000,0.21897,0.06859,-0.00284,0.99000,-0.71465,-0.37226,-0.00042,0.99000,0.11719,0.00104,0.01038,0.99000,-0.12073,-0.00563,-0.00447,0.99000,0.12117,0.45174,0.00467,0.99000,-0.12061,0.44563,-0.00096,0.99000,0.12419,0.90610,0.02095,0.99000,-0.11609,0.90003,0.01631,0.99000
0,1.0000,wave,0.21224,-0.50565,0.00121,0.99000,-0.20052,-0.49791,0.00547,0.99000,0.23887,-0.20018,-0.00446,0.99000,-0.49138,-0.56271,0.00618,0.99000,0.21435,0.06812,-0.00177,0.99000,-0.68210,-0.36117,0.00534,0.99000,0.12268,-0.00338,0.00170,0.99000,-0.12620,0.00326,-0.00578,0.99000,0.12526,0.44627,0.00462,0.99000,-0.12372,0.45027,-0.00086,0.99000,0.12663,0.88381,0.02234,0.99000,-0.12518,0.89910,0.01747,0.99000
0,1.0500,wave,0.19554,-0.50443,-0.00511,0.99000,-0.20555,-0.49356,-0.00343,0.99000,0.23124,-0.20201,0.00320,0.99000,-0.49175,-0.56901,-0.00159,0.99000,0.21915,0.06988,-0.00322,0.99000,-0.64634,-0.35118,0.00650,0.99000,0.13051,-0.00260,0.01095,0.99000,-0.12111,0.00365,-0.00094,0.99000,0.12335,0.45388,0.00312,0.99000,-0.12574,0.44859,0.00991,0.99000,0.12034,0.90503,0.01823,0.99000,-0.12664,0.89908,0.02687,0.99000
0,1.1000,wave,0.19918,-0.50204,0.00382,0.99000,-0.20004,-0.50013,-0.00263,0.99000,0.22544,-0.20063,0.00572,0.99000,-0.49179,-0.58412,0.00282,0.99000,0.21840,0.06755,0.00421,0.99000,-0.61724,-0.33669,-0.00314,0.99000,0.12329,-0.00315,-0.00651,0.99000,-0.12830,0.00237,-0.00183,0.99000,0.13400,0.45285,0.00083,0.99000,-0.12603,0.44818,0.00795,0.99000,0.12541,0.89074,0.01250,0.99000,-0.12557,0.89961,0.02901,0.99000
0,1.1500,wave,0.19766,-0.50402,0.00164,0.99000,-0.20663,-0.49923,-0.00536,0.99000,0.22846,-0.20346,0.00205,0.99000,-0.49071,-0.58700,-0.01091,0.99000,0.21997,0.06789,0.00143,0.99000,-0.57526,-0.32317,0.00741,0.99000,0.12237,0.00021,-0.00109,0.99000,-0.12527,0.00025,-0.00214,0.99000,0.12739,0.45332,0.00431,0.99000,-0.12297,0.45250,0.00205,0.99000,0.13179,0.90602,0.01989,0.99000,-0.12420,0.89651,0.02016,0.99000
0,1.2000,wave,0.19953,-0.50409,-0.00383,0.99000,-0.19368,-0.49691,0.00656,0.99000,0.22931,-0.19764,-0.00326,0.99000,-0.48888,-0.57954,-0.00092,0.99000,0.21666,0.06231,-0.00300,0.99000,-0.55615,-0.31542,0.00066,0.99000,0.13325,0.00642,-0.00005,0.99000,-0.12949,-0.00114,-0.00957,0.99000,0.12017,0.44847,0.00380,0.99000,-0.13207,0.45038,-0.00263,0.99000,0.13021,0.89967,0.02506,0.99000,-0.12477,0.89798,0.02210,0.99000
0,1.2500,wave,0.19856,-0.49680,-0.00011,0.99000,-0.20048,-0.50328,-0.00180,0.99000,0.23028,-0.19437,-0.00785,0.99000,-0.48167,-0.58177,0.00227,0.99000,0.22480,0.06595,0.00355,0.99000,-0.54587,-0.32041,0.00288,0.99000,0.12835,-0.00209,-0.00209,0.99000,-0.12435,-0.00096,-0.00309,0.99000,0.12257,0.44532,0.00045,0.99000,-0.12923,0.45327,0.00665,0.99000,0.12382,0.90471,0.02574,0.99000,-0.12228,0.89209,0.02768,0.99000
0,1.3000,wave,0.19927,-0.50146,-0.00860,0.99000,-0.19900,-0.49423,-0.00464,0.99000,0.22704,-0.20268,-0.00012,0.99000,-0.48684,-0.58852,0.00351,0.99000,0.22423,0.07281,0.00192,0.99000,-0.55506,-0.30868,0.00737,0.99000,0.12923,0.00042,0.00084,0.99000,-0.12627,0.00272,0.00909,0.99000,0.12553,0.44553,-0.00053,0.99000,-0.12679,0.45068,-0.00238,0.99000,0.12813,0.89824,0.02295,0.99000,-0.12693,0.90153,0.01291,0.99000
0,1.3500,wave,0.20120,-0.49413,-0.00342,0.99000,-0.19912,-0.49678,-0.00609,0.99000,0.23321,-0.19737,0.00458,0.99000,-0.48803,-0.58590,0.00077,0.99000,0.21988,0.07171,0.00208,0.99000,-0.57504,-0.32476,-0.00241,0.99000,0.12499,0.00386,0.00768,0.99000,-0.12531,-0.00162,0.00190,0.99000,0.12147,0.44639,0.00306,0.99000,-0.11451,0.45220,-0.00136,0.99000,0.12912,0.90293,0.02064,0.99000,-0.12231,0.89654,0.02151,0.99000
0,1.4000,wave,0.19131,-0.49426,-0.00426,0.99000,-0.20061,-0.49581,-0.00038,0.99000,0.23161,-0.20577,-0.00259,0.99000,-0.49249,-0.58694,0.01389,0.99000,0.21895,0.06583,-0.00077,0.99000,-0.60420,-0.34515,-0.00426,0.99000,0.11775,-0.00043,0.00382,0.99000,-0.12622,-0.00755,-0.00433,0.99000,0.12586,0.45389,0.00501,0.99000,-0.12070,0.44938,-0.00037,0.99000,0.12255,0.89684,0.02254,0.99000,-0.13066,0.89940,0.02154,0.99000
0,1.4500,wave,0.19984,-0.50079,-0.00018,0.99000,-0.19395,-0.50577,0.00169,0.99000,0.21916,-0.20160,0.00603,0.99000,-0.49565,-0.57861,0.00389,0.99000,0.22252,0.07384,-0.00183,0.99000,-0.63842,-0.35642,-0.00099,0.99000,0.12000,0.00515,0.00192,0.99000,-0.12628,0.00508,0.00520,0.99000,0.12378,0.46029,-0.00376,0.99000,-0.12196,0.44788,-0.00278,0.99000,0.12244,0.89711,0.02659,0.99000,-0.12864,0.89764,0.02102,0.99000
0,1.5000,wave,0.19739,-0.50101,-0.00193,0.99000,-0.20797,-0.50623,0.00546,0.99000,0.23296,-0.19812,0.00234,0.99000,-0.49116,-0.58172,0.00604,0.99000,0.22653,0.06449,-0.00592,0.99000,-0.67840,-0.38587,-0.00580,0.99000,0.12269,0.00023,0.00681,0.99000,-0.12389,0.00033,0.00208,0.99000,0.12674,0.44896,0.00204,0.99000,-0.12808,0.44391,0.00139,0.99000,0.12214,0.89429,0.01633,0.99000,-0.12300,0.89444,0.02140,0.99000
0,1.5500,wave,0.20391,-0.49305,0.00057,0.99000,-0.19729,-0.50216,-0.00168,0.99000,0.23324,-0.20608,-0.00118,0.99000,-0.48526,-0.57970,-0.00607,0.99000,0.22109,0.06612,-0.00685,0.99000,-0.70325,-0.41587,0.00020,0.99000,0.13032,0.00649,-0.00086,0.99000,-0.12408,-0.00692,-0.00180,0.99000,0.12383,0.45610,0.00285,0.99000,-0.12918,0.45118,-0.00180,0.99000,0.11848,0.90413,0.02558,0.99000,-0.12560,0.90649,0.02078,0.99000
0,1.6000,wave,0.20284,-0.50032,0.00027,0.99000,-0.20092,-0.50042,-0.00209,0.99000,0.23296,-0.20861,-0.00606,0.99000,-0.49574,-0.57525,-0.00093,0.99000,0.21164,0.07410,0.00810,0.99000,-0.72519,-0.45296,0.00689,0.99000,0.12460,0.00094,0.00031,0.99000,-0.12923,0.00934,0.00207,0.99000,0.12584,0.44213,-0.00481,0.99000,-0.12495,0.44818,-0.00469,0.99000,0.11833,0.89575,0.01969,0.99000,-0.12538,0.90372,0.02510,0.99000
0,1.6500,wave,0.20272,-0.50348,0.00073,0.99000,-0.19527,-0.50098,0.00259,0.99000,0.23323,-0.20674,-0.00331,0.99000,-0.49239,-0.58205,0.00046,0.99000,0.21992,0.07272,0.00474,0.99000,-0.72969,-0.46884,0.00011,0.99000,0.13560,0.00516,0.00239,0.99000,-0.12674,-0.00297,0.00319,0.99000,0.12194,0.44654,-0.00189,0.99000,-0.12622,0.44532,-0.00698,0.99000,0.12168,0.89815,0.02068,0.99000,-0.12918,0.89551,0.02299,0.99000
0,1.7000,wave,0.19966,-0.50126,-0.00611,0.99000,-0.19551,-0.49842,-0.00618,0.99000,0.23237,-0.19445,-0.00167,0.99000,-0.49125,-0.57863,-0.01364,0.99000,0.22271,0.07335,0.00419,0.99000,-0.73506,-0.47939,-0.00379,0.99000,0.13079,0.00423,-0.00396,0.99000,-0.13462,-0.00291,0.00108,0.99000,0.12195,0.45495,-0.00356,0.99000,-0.12229,0.44373,0.00004,0.99000,0.12796,0.90127,0.02021,0.99000,-0.12150,0.89611,0.02476,0.99000
0,1.7500,wave,0.20560,-0.50394,0.00173,0.99000,-0.20345,-0.49758,0.00532,0.99000,0.23500,-0.19552,-0.00181,0.99000,-0.49521,-0.58427,-0.00190,0.99000,0.21670,0.06330,-0.00179,0.99000,-0.73468,-0.47714,-0.00388,0.99000,0.12518,-0.00224,-0.00289,0.99000,-0.12339,0.01058,0.00173,0.99000,0.11272,0.45172,0.00404,0.99000,-0.12340,0.45030,-0.00462,0.99000,0.12382,0.89492,0.03016,0.99000,-0.12165,0.89683,0.02455,0.99000
0,1.8000,wave,0.20315,-0.50202,0.00006,0.99000,-0.20243,-0.49335,0.00588,0.99000,0.22386,-0.20635,-0.00400,0.99000,-0.49472,-0.57871,-0.00152,0.99000,0.22002,0.06414,0.00731,0.99000,-0.72124,-0.45509,0.00163,0.99000,0.12205,0.00071,0.00251,0.99000,-0.12925,0.00152,-0.00434,0.99000,0.12587,0.45350,0.00281,0.99000,-0.11940,0.45139,0.00622,0.99000,0.12779,0.88981,0.02140,0.99000,-0.11705,0.89884,0.02905,0.99000
0,1.8500,wave,0.20092,-0.49918,-0.00364,0.99000,-0.20409,-0.49854,-0.00290,0.99000,0.22856,-0.20085,0.00136,0.99000,-0.48038,-0.57366,-0.00326,0.99000,0.21587,0.07245,-0.00483,0.99000,-0.69826,-0.42423,0.00085,0.99000,0.12628,0.01276,-0.00089,0.99000,-0.12156,-0.00717,0.00623,0.99000,0.13254,0.45097,0.00134,0.99000,-0.12140,0.45118,0.00034,0.99000,0.13074,0.90792,0.02281,0.99000,-0.11980,0.89780,0.02140,0.99000
0,1.9000,wave,0.19545,-0.49818,0.00007,0.99000,-0.19759,-0.50333,-0.00159,0.99000,0.22637,-0.20588,-0.00351,0.99000,-0.49664,-0.58034,0.00330,0.99000,0.21733,0.06556,0.00037,0.99000,-0.68399,-0.39050,-0.00335,0.99000,0.12823,-0.00221,0.01146,0.99000,-0.12455,0.00138,-0.00076,0.99000,0.12577,0.44456,0.00376,0.99000,-0.12614,0.45237,-0.00494,0.99000,0.13095,0.90156,0.01598,0.99000,-0.12237,0.89941,0.02621,0.99000
0,1.9500,wave,0.20349,-0.50671,-0.00154,0.99000,-0.20070,-0.49686,-0.00184,0.99000,0.23087,-0.20505,0.00670,0.99000,-0.48869,-0.58396,0.00180,0.99000,0.21692,0.06979,-0.00263,0.99000,-0.65036,-0.36042,-0.00221,0.99000,0.12011,-0.00284,0.00295,0.99000,-0.12695,-0.00470,-0.00569,0.99000,0.12431,0.45372,-0.00274,0.99000,-0.12364,0.44816,-0.00347,0.99000,0.11790,0.90648,0.02460,0.99000,-0.12752,0.89890,0.02328,0.99000
0,2.0000,wave,0.20259,-0.49422,0.00660,0.99000,-0.20415,-0.50068,0.00061,0.99000,0.23527,-0.19461,-0.00037,0.99000,-0.48288,-0.57734,-0.00119,0.99000,0.21543,0.06375,0.00169,0.99000,-0.60753,-0.33080,0.00403,0.99000,0.12605,-0.00802,-0.01370,0.99000,-0.12423,0.00295,0.00107,0.99000,0.12962,0.44180,-0.00310,0.99000,-0.12496,0.45821,-0.00145,0.99000,0.12562,0.90045,0.02808,0.99000,-0.12971,0.89969,0.02282,0.99000
0,2.0500,wave,0.20763,-0.49604,-0.00155,0.99000,-0.19520,-0.49986,0.00491,0.99000,0.23259,-0.20180,0.00185,0.99000,-0.48359,-0.57673,0.00737,0.99000,0.22015,0.06750,-0.00281,0.99000,-0.57918,-0.32254,-0.00262,0.99000,0.12833,0.00313,0.00249,0.99000,-0.13311,-0.00242,0.00313,0.99000,0.13435,0.44588,-0.00473,0.99000,-0.12320,0.44281,0.00298,0.99000,0.12303,0.89206,0.02652,0.99000,-0.12694,0.89862,0.02072,0.99000
0,2.1000,wave,0.20158,-0.50051,-0.00276,0.99000,-0.19227,-0.49471,-0.00600,0.99000,0.23040,-0.19728,-0.00289,0.99000,-0.48409,-0.57307,-0.00043,0.99000,0.22757,0.06757,0.00053,0.99000,-0.55660,-0.31302,0.00308,0.99000,0.11684,-0.00384,-0.00572,0.99000,-0.12419,0.00334,0.00396,0.99000,0.12664,0.44924,-0.00318,0.99000,-0.12956,0.44543,-0.00267,0.99000,0.12347,0.90610,0.02102,0.99000,-0.13064,0.90333,0.02717,0.99000
0,2.1500,wave,0.19649,-0.50026,-0.00101,0.99000,-0.19604,-0.50106,-0.00156,0.99000,0.22644,-0.19677,0.00458,0.99000,-0.49120,-0.58133,-0.00319,0.99000,0.21635,0.07398,0.01073,0.99000,-0.55050,-0.32259,0.00022,0.99000,0.12456,-0.00162,-0.00287,0.99000,-0.11569,0.00406,0.00552,0.99000,0.12330,0.44547,0.00108,0.99000,-0.12724,0.44860,0.00268,0.99000,0.12511,0.89962,0.02099,0.99000,-0.12105,0.90011,0.02565,0.99000
0,2.2000,wave,0.20439,-0.50411,0.00026,0.99000,-0.19924,-0.50708,-0.00780,0.99000,0.23034,-0.20848,0.00003,0.99000,-0.48515,-0.58178,-0.00025,0.99000,0.21744,0.06788,0.00052,0.99000,-0.55684,-0.31518,-0.00118,0.99000,0.12733,-0.00740,0.00149,0.99000,-0.12104,-0.00669,0.00276,0.99000,0.12080,0.44897,-0.00860,0.99000,-0.12669,0.45200,0.00054,0.99000,0.12385,0.90226,0.02862,0.99000,-0.12600,0.90211,0.02102,0.99000
0,2.2500,wave,0.20138,-0.50035,0.00252,0.99000,-0.20184,-0.50030,-0.00225,0.99000,0.23641,-0.20039,-0.00722,0.99000,-0.48859,-0.58334,-0.00404,0.99000,0.22079,0.06340,0.00172,0.99000,-0.57639,-0.33159,-0.00020,0.99000,0.12477,-0.00028,-0.00021,0.99000,-0.11931,0.00263,0.00289,0.99000,0.12770,0.45487,0.00915,0.99000,-0.12453,0.45131,-0.00043,0.99000,0.12558,0.90271,0.02465,0.99000,-0.11957,0.89751,0.01239,0.99000
0,2.3000,wave,0.20166,-0.50054,0.00099,0.99000,-0.19982,-0.49539,-0.00621,0.99000,0.22516,-0.20408,0.00492,0.99000,-0.49610,-0.57603,-0.00205,0.99000,0.21978,0.07414,-0.00409,0.99000,-0.59908,-0.34013,0.00027,0.99000,0.12215,-0.00318,-0.00750,0.99000,-0.12068,-0.00541,-0.00447,0.99000,0.13073,0.45488,0.00185,0.99000,-0.12815,0.44967,0.00382,0.99000,0.11812,0.89239,0.02671,0.99000,-0.12597,0.89945,0.02312,0.99000
0,2.3500,wave,0.19935,-0.49456,-0.00272,0.99000,-0.19613,-0.49760,0.00029,0.99000,0.23171,-0.20396,-0.00239,0.99000,-0.49176,-0.58023,-0.00476,0.99000,0.21691,0.06750,0.00047,0.99000,-0.64602,-0.35014,-0.00279,0.99000,0.12224,-0.00234,0.01075,0.99000,-0.12326,-0.00301,-0.00156,0.99000,0.12803,0.44907,-0.00044,0.99000,-0.11950,0.44920,-0.00362,0.99000,0.12848,0.89543,0.03153,0.99000,-0.12139,0.89942,0.01813,0.99000
0,2.4000,wave,0.19580,-0.49802,0.00013,0.99000,-0.19878,-0.49698,0.00676,0.99000,0.23009,-0.20175,-0.00057,0.99000,-0.48248,-0.57968,0.00420,0.99000,0.21681,0.07270,0.00400,0.99000,-0.67701,-0.38610,-0.01576,0.99000,0.13198,0.00197,0.00260,0.99000,-0.12728,-0.00526,-0.00433,0.99000,0.12976,0.45517,0.00052,0.99000,-0.12397,0.45843,-0.00359,0.99000,0.12528,0.89742,0.02322,0.99000,-0.11759,0.89430,0.02139,0.99000
0,2.4500,wave,0.19313,-0.50347,-0.00090,0.99000,-0.19608,-0.49582,0.00242,0.99000,0.23374,-0.19703,0.00740,0.99000,-0.48454,-0.57429,0.00620,0.99000,0.22132,0.06793,-0.00004,0.99000,-0.71048,-0.41418,0.00011,0.99000,0.12990,0.00238,0.00590,0.99000,-0.11984,-0.00411,-0.00005,0.99000,0.12916,0.45044,0.00001,0.99000,-0.12219,0.45970,0.00610,0.99000,0.11729,0.89987,0.02404,0.99000,-0.12769,0.90066,0.02646,0.99000
0,2.5000,wave,0.19494,-0.50481,0.00136,0.99000,-0.20214,-0.50456,0.00675,0.99000,0.22583,-0.20308,-0.00065,0.99000,-0.49027,-0.57544,-0.00211,0.99000,0.21185,0.07202,0.00785,0.99000,-0.71684,-0.44876,0.00181,0.99000,0.12603,-0.00148,0.00150,0.99000,-0.12652,0.00085,0.00127,0.99000,0.12556,0.45199,0.00274,0.99000,-0.11960,0.45299,0.00234,0.99000,0.12887,0.89633,0.02198,0.99000,-0.13137,0.89937,0.02303,0.99000
0,2.5500,wave,0.19482,-0.49599,-0.00462,0.99000,-0.19859,-0.49929,-0.00188,0.99000,0.23168,-0.20035,-0.00744,0.99000,-0.48899,-0.58470,0.00225,0.99000,0.22043,0.06498,0.00807,0.99000,-0.73356,-0.46649,0.00327,0.99000,0.13409,-0.00589,0.00644,0.99000,-0.12156,0.00268,-0.00068,0.99000,0.12485,0.44978,-0.00103,0.99000,-0.12556,0.44518,0.00305,0.99000,0.12445,0.89956,0.02445,0.99000,-0.12726,0.89487,0.01810,0.99000
0,2.6000,wave,0.20528,-0.49785,0.00903,0.99000,-0.20240,-0.49594,-0.00066,0.99000,0.22452,-0.19665,0.00369,0.99000,-0.48848,-0.58062,-0.00012,0.99000,0.21885,0.06301,-0.00720,0.99000,-0.73905,-0.48081,0.00375,0.99000,0.12638,0.00050,0.00422,0.99000,-0.12230,0.00342,0.00577,0.99000,0.12961,0.45075,-0.00143,0.99000,-0.13274,0.45401,-0.00691,0.99000,0.11909,0.89802,0.02782,0.99000,-0.11887,0.89624,0.01643,0.99000
0,2.6500,wave,0.19814,-0.50118,-0.00393,0.99000,-0.19877,-0.49308,-0.00402,0.99000,0.22714,-0.20066,0.00414,0.99000,-0.49240,-0.57665,0.00437,0.99000,0.21833,0.06431,0.00457,0.99000,-0.73781,-0.46694,-0.00131,0.99000,0.12155,0.00097,-0.00177,0.99000,-0.12969,0.00890,-0.00047,0.99000,0.12478,0.44724,0.00293,0.99000,-0.12469,0.44650,0.00289,0.99000,0.12178,0.90309,0.02438,0.99000,-0.12591,0.89975,0.02087,0.99000
0,2.7000,wave,0.19606,-0.50608,-0.01107,0.99000,-0.20646,-0.49866,-0.00572,0.99000,0.22511,-0.20436,-0.00052,0.99000,-0.48987,-0.58307,0.00518,0.99000,0.21738,0.07142,-0.00231,0.99000,-0.73147,-0.45292,0.00513,0.99000,0.12282,0.00209,0.00345,0.99000,-0.12280,-0.00610,0.00153,0.99000,0.12044,0.44922,-0.00519,0.99000,-0.12397,0.45736,0.00178,0.99000,0.12532,0.89958,0.01697,0.99000,-0.12640,0.89325,0.02368,0.99000
0,2.7500,wave,0.19821,-0.51019,0.00394,0.99000,-0.18989,-0.50067,-0.00064,0.99000,0.22514,-0.20575,-0.00011,0.99000,-0.49320,-0.57503,0.00188,0.99000,0.21719,0.07038,0.00017,0.99000,-0.70594,-0.42282,-0.00269,0.99000,0.12534,-0.00381,-0.00153,0.99000,-0.12351,0.00412,-0.00173,0.99000,0.12290,0.45027,0.00372,0.99000,-0.12032,0.44798,0.00736,0.99000,0.12361,0.89908,0.01544,0.99000,-0.12383,0.90411,0.02631,0.99000
0,2.8000,wave,0.20363,-0.50640,-0.00429,0.99000,-0.19839,-0.50858,0.00234,0.99000,0.23220,-0.20358,-0.00091,0.99000,-0.49143,-0.58524,-0.00664,0.99000,0.21140,0.07268,0.00097,0.99000,-0.68289,-0.38153,-0.00389,0.99000,0.12337,0.00504,-0.00638,0.99000,-0.12429,-0.00631,-0.00723,0.99000,0.12743,0.44916,0.00550,0.99000,-0.12403,0.45671,-0.00506,0.99000,0.12123,0.90515,0.02593,0.99000,-0.12562,0.89782,0.01620,0.99000
0,2.8500,wave,0.20378,-0.49933,0.00127,0.99000,-0.20717,-0.50286,-0.00052,0.99000,0.23069,-0.20594,-0.00118,0.99000,-0.48593,-0.57894,-0.00319,0.99000,0.21922,0.07109,0.00280,0.99000,-0.65452,-0.35848,0.00121,0.99000,0.12897,-0.00395,-0.00233,0.99000,-0.12504,-0.00207,-0.00388,0.99000,0.12061,0.44662,0.00211,0.99000,-0.13237,0.45190,-0.00304,0.99000,0.12525,0.89976,0.02242,0.99000,-0.12143,0.89910,0.02488,0.99000
0,2.9000,wave,0.20580,-0.50239,0.00347,0.99000,-0.20121,-0.49930,-0.00712,0.99000,0.22548,-0.19489,0.00886,0.99000,-0.48803,-0.57769,0.00438,0.99000,0.22157,0.06471,-0.00211,0.99000,-0.60319,-0.34157,-0.00143,0.99000,0.12768,-0.00148,0.00259,0.99000,-0.11989,-0.00224,0.00454,0.99000,0.12236,0.44615,-0.00454,0.99000,-0.12071,0.44872,-0.00155,0.99000,0.12925,0.89672,0.01896,0.99000,-0.12560,0.89878,0.02498,0.99000
0,2.9500,wave,0.19708,-0.49569,0.00033,0.99000,-0.20033,-0.50080,0.00453,0.99000,0.23055,-0.19678,-0.00301,0.99000,-0.48650,-0.57711,0.00429,0.99000,0.21545,0.06823,-0.00355,0.99000,-0.57816,-0.32721,0.00062,0.99000,0.13322,0.00816,0.00765,0.99000,-0.12616,-0.00343,0.00401,0.99000,0.12140,0.45602,-0.00681,0.99000,-0.12878,0.45259,0.00117,0.99000,0.12969,0.89887,0.01711,0.99000,-0.12208,0.90497,0.01671,0.99000
0,3.0000,wave,0.20092,-0.50629,0.00851,0.99000,-0.20135,-0.49821,-0.00010,0.99000,0.23877,-0.20100,-0.00194,0.99000,-0.49379,-0.57832,0.00162,0.99000,0.22473,0.06889,-0.00237,0.99000,-0.55890,-0.31639,-0.00109,0.99000,0.12857,0.00086,0.00094,0.99000,-0.12073,0.00081,0.00347,0.99000,0.12434,0.45682,-0.00303,0.99000,-0.12346,0.44616,0.00455,0.99000,0.12925,0.89695,0.01813,0.99000,-0.12777,0.89389,0.01687,0.99000
0,3.0500,wave,0.20425,-0.50270,-0.00096,0.99000,-0.20420,-0.50665,0.00222,0.99000,0.22780,-0.19440,0.00405,0.99000,-0.49658,-0.58460,-0.00095,0.99000,0.21764,0.06246,0.00431,0.99000,-0.54435,-0.30939,0.00177,0.99000,0.12739,0.00519,0.00079,0.99000,-0.12653,-0.00332,0.00162,0.99000,0.11936,0.44710,0.00224,0.99000,-0.12925,0.44775,-0.00624,0.99000,0.12209,0.89818,0.02409,0.99000,-0.12231,0.89862,0.02477,0.99000
0,3.1000,wave,0.19481,-0.49949,-0.00254,0.99000,-0.20180,-0.49460,0.00056,0.99000,0.23191,-0.20315,-0.00169,0.99000,-0.48640,-0.57303,-0.00573,0.99000,0.21467,0.07327,0.00330,0.99000,-0.55938,-0.31581,-0.00159,0.99000,0.12233,-0.00254,-0.00044,0.99000,-0.12501,-0.00614,-0.00570,0.99000,0.12633,0.45465,0.00116,0.99000,-0.12907,0.45016,-0.00509,0.99000,0.12367,0.89417,0.02228,0.99000,-0.13448,0.89829,0.02658,0.99000
0,3.1500,wave,0.19630,-0.49527,0.00331,0.99000,-0.19833,-0.50226,0.00208,0.99000,0.22751,-0.19931,0.00323,0.99000,-0.49475,-0.58125,0.00280,0.99000,0.21994,0.07203,-0.00831,0.99000,-0.57271,-0.32804,-0.00186,0.99000,0.12273,0.00405,-0.00170,0.99000,-0.12430,0.00430,-0.00508,0.99000,0.12587,0.45539,-0.00085,0.99000,-0.12610,0.45040,0.00504,0.99000,0.12361,0.89676,0.03347,0.99000,-0.12419,0.90247,0.02703,0.99000
0,3.2000,wave,0.20594,-0.50292,0.00036,0.99000,-0.19525,-0.50398,-0.00250,0.99000,0.23041,-0.20784,0.01140,0.99000,-0.49367,-0.57747,-0.00131,0.99000,0.22416,0.06973,0.00229,0.99000,-0.60635,-0.33529,0.00104,0.99000,0.12920,-0.00069,0.00504,0.99000,-0.12137,-0.00703,-0.00455,0.99000,0.13242,0.45148,0.00496,0.99000,-0.12399,0.44517,-0.01214,0.99000,0.12194,0.90009,0.02397,0.99000,-0.12474,0.89579,0.02369,0.99000
0,3.2500,wave,0.19866,-0.50107,-0.00273,0.99000,-0.20705,-0.50497,0.00210,0.99000,0.23129,-0.20465,-0.00458,0.99000,-0.48734,-0.57878,0.00216,0.99000,0.22367,0.06797,0.00149,0.99000,-0.63781,-0.35111,0.00285,0.99000,0.13000,-0.01068,0.00238,0.99000,-0.12357,-0.00220,0.00601,0.99000,0.11873,0.45179,-0.00320,0.99000,-0.12108,0.45709,0.00095,0.99000,0.12353,0.90215,0.03002,0.99000,-0.12626,0.89755,0.02272,0.99000
0,3.3000,wave,0.19943,-0.49835,0.00444,0.99000,-0.19458,-0.50380,0.00127,0.99000,0.22509,-0.19957,-0.00609,0.99000,-0.48747,-0.57390,-0.00138,0.99000,0.21813,0.07185,0.00854,0.99000,-0.68169,-0.38941,-0.00504,0.99000,0.12034,-0.00629,0.00551,0.99000,-0.12060,-0.00325,-0.00190,0.99000,0.12333,0.44918,0.00039,0.99000,-0.12193,0.45043,0.00157,0.99000,0.12622,0.89415,0.02070,0.99000,-0.12394,0.89525,0.01939,0.99000
0,3.3500,wave,0.20144,-0.49494,-0.00034,0.99000,-0.19861,-0.49459,0.00155,0.99000,0.23168,-0.20589,0.00034,0.99000,-0.49303,-0.57804,-0.00391,0.99000,0.22217,0.06655,-0.00349,0.99000,-0.70523,-0.41965,0.00049,0.99000,0.12783,0.00363,0.00553,0.99000,-0.12587,-0.00763,-0.00291,0.99000,0.12242,0.45326,-0.00070,0.99000,-0.12603,0.44639,-0.00414,0.99000,0.12219,0.90133,0.02830,0.99000,-0.12351,0.89848,0.02517,0.99000
0,3.4000,wave,0.20321,-0.49659,-0.00134,0.99000,-0.20013,-0.49685,0.00586,0.99000,0.23823,-0.20250,-0.00407,0.99000,-0.48462,-0.58302,-0.00152,0.99000,0.22133,0.06878,-0.00340,0.99000,-0.72576,-0.45594,-0.00196,0.99000,0.13632,-0.00021,-0.00248,0.99000,-0.12731,-0.00533,0.00174,0.99000,0.12779,0.44883,-0.00050,0.99000,-0.12537,0.44351,0.00367,0.99000,0.12841,0.89362,0.02399,0.99000,-0.13004,0.89626,0.02278,0.99000
0,3.4500,wave,0.19856,-0.50323,-0.00298,0.99000,-0.20131,-0.49828,0.00140,0.99000,0.23355,-0.20055,0.00273,0.99000,-0.49246,-0.57637,0.00326,0.99000,0.21891,0.06828,0.00382,0.99000,-0.74020,-0.46630,0.00035,0.99000,0.12405,0.00152,0.00385,0.99000,-0.13282,-0.00041,0.00646,0.99000,0.11952,0.44575,0.00185,0.99000,-0.12515,0.44511,0.00405,0.99000,0.12890,0.89213,0.01229,0.99000,-0.13226,0.89699,0.01855,0.99000
0,3.5000,wave,0.20763,-0.50158,-0.00347,0.99000,-0.19788,-0.50113,-0.00555,0.99000,0.22633,-0.20249,0.00217,0.99000,-0.49490,-0.57886,0.00352,0.99000,0.21941,0.06589,0.00457,0.99000,-0.74486,-0.47282,0.01431,0.99000,0.12447,-0.00439,-0.00002,0.99000,-0.12668,-0.00373,0.00229,0.99000,0.12309,0.44786,0.00254,0.99000,-0.12005,0.44891,0.00378,0.99000,0.12691,0.90133,0.03070,0.99000,-0.12461,0.89619,0.02234,0.99000
0,3.5500,wave,0.19745,-0.49970,-0.00214,0.99000,-0.19939,-0.49756,-0.00129,0.99000,0.23523,-0.20306,0.00664,0.99000,-0.49122,-0.57470,0.00218,0.99000,0.21962,0.05753,-0.00110,0.99000,-0.73352,-0.46432,-0.00549,0.99000,0.12944,0.00722,0.00552,0.99000,-0.12447,-0.00026,0.00273,0.99000,0.13086,0.46160,-0.00857,0.99000,-0.13060,0.44822,0.00255,0.99000,0.12141,0.89932,0.02884,0.99000,-0.11983,0.89519,0.02332,0.99000
0,3.6000,wave,0.19413,-0.50183,-0.00916,0.99000,-0.19554,-0.49696,-0.00410,0.99000,0.22842,-0.19952,0.00053,0.99000,-0.49244,-0.58188,-0.00232,0.99000,0.22352,0.07142,-0.00188,0.99000,-0.72943,-0.44752,0.00166,0.99000,0.12330,0.00159,0.00357,0.99000,-0.12757,0.00107,-0.00230,0.99000,0.13182,0.44943,0.00030,0.99000,-0.12040,0.45783,0.00363,0.99000,0.12141,0.90258,0.01901,0.99000,-0.12141,0.89752,0.02553,0.99000
0,3.6500,wave,0.20196,-0.50033,-0.00534,0.99000,-0.20527,-0.50298,0.01325,0.99000,0.23257,-0.19984,0.00761,0.99000,-0.49062,-0.57733,0.00429,0.99000,0.22241,0.06419,0.00133,0.99000,-0.71419,-0.42271,-0.00330,0.99000,0.12328,0.00194,0.00717,0.99000,-0.13254,0.00161,-0.00154,0.99000,0.13182,0.43969,0.00350,0.99000,-0.12044,0.44471,-0.00278,0.99000,0.12377,0.89585,0.02651,0.99000,-0.13537,0.89181,0.02800,0.99000
0,3.7000,wave,0.20075,-0.49721,0.00125,0.99000,-0.20151,-0.50154,-0.00599,0.99000,0.23468,-0.20993,-0.00197,0.99000,-0.48096,-0.57647,-0.00004,0.99000,0.21509,0.06689,-0.00099,0.99000,-0.68065,-0.38687,-0.00193,0.99000,0.12683,-0.00447,0.00616,0.99000,-0.12371,-0.00488,0.00288,0.99000,0.12592,0.44750,-0.00377,0.99000,-0.12197,0.45182,-0.00780,0.99000,0.12450,0.89981,0.01487,0.99000,-0.12302,0.89982,0.02023,0.99000
0,3.7500,wave,0.19911,-0.50276,0.00066,0.99000,-0.20066,-0.50050,0.00154,0.99000,0.22900,-0.20088,0.00141,0.99000,-0.48549,-0.58880,0.00361,0.99000,0.22548,0.06805,0.01050,0.99000,-0.65140,-0.36860,-0.00965,0.99000,0.12615,0.00376,0.00268,0.99000,-0.13171,-0.00015,-0.00128,0.99000,0.12531,0.44792,0.00085,0.99000,-0.12273,0.45058,-0.00435,0.99000,0.12326,0.89778,0.02629,0.99000,-0.11870,0.90069,0.02361,0.99000
0,3.8000,wave,0.19384,-0.49348,0.00349,0.99000,-0.19859,-0.50755,0.00376,0.99000,0.23369,-0.20015,0.00595,0.99000,-0.48977,-0.58738,-0.00376,0.99000,0.21534,0.06920,0.00096,0.99000,-0.61019,-0.34107,-0.00140,0.99000,0.11829,-0.00070,-0.00238,0.99000,-0.12894,-0.00782,-0.00039,0.99000,0.12564,0.45165,0.00150,0.99000,-0.11546,0.44848,0.00031,0.99000,0.12435,0.88701,0.02286,0.99000,-0.12237,0.89700,0.02146,0.99000
0,3.8500,wave,0.20682,-0.49643,0.00037,0.99000,-0.20794,-0.50307,0.00262,0.99000,0.23062,-0.19692,-0.00432,0.99000,-0.48649,-0.57938,0.00165,0.99000,0.22640,0.07690,0.00336,0.99000,-0.57938,-0.32016,0.00057,0.99000,0.12712,0.00001,-0.00326,0.99000,-0.12134,-0.00596,0.00222,0.99000,0.12003,0.45104,0.00515,0.99000,-0.12591,0.45383,0.00089,0.99000,0.13350,0.90132,0.02088,0.99000,-0.12931,0.89630,0.02054,0.99000
0,3.9000,wave,0.19855,-0.49824,-0.00058,0.99000,-0.19591,-0.50258,0.00277,0.99000,0.22297,-0.20181,-0.00336,0.99000,-0.48622,-0.55905,-0.00297,0.99000,0.21919,0.06072,0.00042,0.99000,-0.55970,-0.30090,0.00175,0.99000,0.13125,0.00191,0.00319,0.99000,-0.12956,-0.00009,-0.00306,0.99000,0.12368,0.44589,0.00010,0.99000,-0.11901,0.44735,0.00017,0.99000,0.12300,0.89577,0.02023,0.99000,-0.12137,0.90019,0.02421,0.99000
0,3.9500,wave,0.19953,-0.49205,0.00066,0.99000,-0.19570,-0.50050,-0.00188,0.99000,0.23560,-0.20075,0.00347,0.99000,-0.50756,-0.53017,0.00177,0.99000,0.21364,0.07270,-0.00064,0.99000,-0.55123,-0.27366,-0.00139,0.99000,0.11186,-0.00239,0.00503,0.99000,-0.13138,0.00389,-0.00365,0.99000,0.12431,0.44960,0.00139,0.99000,-0.12525,0.45310,0.00305,0.99000,0.12507,0.90887,0.02736,0.99000,-0.12037,0.89900,0.02056,0.99000
0,4.0000,wave,0.20330,-0.49371,-0.00108,0.99000,-0.19919,-0.48940,-0.00437,0.99000,0.22701,-0.20557,-0.00975,0.99000,-0.49756,-0.49418,-0.00074,0.99000,0.22473,0.05718,-0.00059,0.99000,-0.54858,-0.23436,-0.00648,0.99000,0.11812,0.00002,-0.00523,0.99000,-0.12050,-0.00502,-0.00178,0.99000,0.12922,0.44614,0.00356,0.99000,-0.12540,0.45109,0.00088,0.99000,0.12127,0.89777,0.02396,0.99000,-0.12775,0.89877,0.02786,0.99000
0,4.0500,wave,0.20262,-0.49480,0.00541,0.99000,-0.19643,-0.50066,0.00690,0.99000,0.22671,-0.19593,-0.00839,0.99000,-0.50030,-0.44881,0.00900,0.99000,0.21576,0.06778,-0.00139,0.99000,-0.55937,-0.18088,0.00176,0.99000,0.13308,0.00203,-0.00533,0.99000,-0.12020,0.00614,-0.00075,0.99000,0.12437,0.45986,0.00711,0.99000,-0.11946,0.44754,-0.00064,0.99000,0.12445,0.90484,0.02746,0.99000,-0.12002,0.90547,0.01980,0.99000
0,4.1000,wave,0.19710,-0.49795,0.00271,0.99000,-0.19839,-0.49537,-0.00181,0.99000,0.22772,-0.19680,-0.00165,0.99000,-0.48161,-0.38717,-0.00724,0.99000,0.21825,0.06860,0.00597,0.99000,-0.55289,-0.13044,-0.00286,0.99000,0.12429,-0.00534,-0.00481,0.99000,-0.12080,0.00119,0.00344,0.99000,0.12782,0.44425,-0.00179,0.99000,-0.12124,0.45600,-0.00389,0.99000,0.12371,0.89790,0.01771,0.99000,-0.12556,0.88826,0.01064,0.99000
0,4.1500,wave,0.19659,-0.50469,-0.00441,0.99000,-0.20369,-0.50086,-0.00190,0.99000,0.22968,-0.19555,-0.00302,0.99000,-0.45597,-0.34332,0.00510,0.99000,0.22182,0.06848,0.00625,0.99000,-0.53093,-0.09059,0.00368,0.99000,0.12218,0.00339,-0.00030,0.99000,-0.13249,-0.01205,-0.00164,0.99000,0.12040,0.44792,0.00114,0.99000,-0.12834,0.45701,-0.00068,0.99000,0.12546,0.90006,0.02009,0.99000,-0.12460,0.89432,0.02298,0.99000
0,4.2000,wave,0.20352,-0.50128,0.00166,0.99000,-0.19835,-0.49894,0.00740,0.99000,0.23054,-0.19731,0.00205,0.99000,-0.41995,-0.30054,-0.00860,0.99000,0.23011,0.06836,0.00083,0.99000,-0.49820,-0.03640,0.00287,0.99000,0.12272,0.00272,-0.00119,0.99000,-0.12979,-0.00350,0.00249,0.99000,0.12684,0.44785,-0.00326,0.99000,-0.12720,0.44805,-0.00642,0.99000,0.12150,0.89287,0.02331,0.99000,-0.12491,0.89901,0.02050,0.99000
0,4.2500,wave,0.19883,-0.49469,-0.00358,0.99000,-0.20380,-0.50097,-0.00505,0.99000,0.23210,-0.19948,0.00040,0.99000,-0.38937,-0.25949,0.00107,0.99000,0.21884,0.07456,-0.00042,0.99000,-0.44718,-0.00635,0.00551,0.99000,0.12241,-0.00675,-0.00263,0.99000,-0.12916,0.00222,-0.00084,0.99000,0.12659,0.45107,0.00990,0.99000,-0.12309,0.45008,-0.00055,0.99000,0.12946,0.90013,0.02571,0.99000,-0.12627,0.90036,0.02433,0.99000
0,4.3000,wave,0.20046,-0.50313,0.00188,0.99000,-0.20412,-0.49959,0.00034,0.99000,0.23126,-0.19949,-0.00200,0.99000,-0.33267,-0.23078,-0.00924,0.99000,0.21466,0.07389,-0.00021,0.99000,-0.38213,0.03146,0.00460,0.99000,0.12521,-0.00180,0.00344,0.99000,-0.12771,-0.00073,0.00152,0.99000,0.12437,0.44637,0.00187,0.99000,-0.12587,0.44537,0.00133,0.99000,0.11968,0.89837,0.01955,0.99000,-0.11774,0.89635,0.01340,0.99000
0,4.3500,wave,0.20109,-0.50498,0.00008,0.99000,-0.19920,-0.49425,-0.00353,0.99000,0.22877,-0.19162,0.00310,0.99000,-0.29613,-0.21327,-0.00539,0.99000,0.22387,0.06862,-0.00319,0.99000,-0.31815,0.05129,0.00209,0.99000,0.13169,-0.00004,0.00134,0.99000,-0.12726,0.00405,-0.00469,0.99000,0.12807,0.45307,0.00394,0.99000,-0.12816,0.44972,-0.00096,0.99000,0.12738,0.89950,0.02239,0.99000,-0.12751,0.89903,0.02587,0.99000
0,4.4000,wave,0.20409,-0.49779,0.00214,0.99000,-0.20653,-0.49888,-0.00261,0.99000,0.22544,-0.19793,0.00053,0.99000,-0.25948,-0.20956,0.00013,0.99000,0.21615,0.07012,-0.00024,0.99000,-0.26399,0.06099,-0.00159,0.99000,0.12310,0.00277,0.00103,0.99000,-0.12792,0.00020,0.00366,0.99000,0.12482,0.45035,-0.00334,0.99000,-0.12796,0.44869,-0.00263,0.99000,0.12760,0.90143,0.02599,0.99000,-0.12347,0.89019,0.01837,0.99000
0,4.4500,wave,0.20238,-0.50139,-0.00810,0.99000,-0.20031,-0.50533,0.00327,0.99000,0.22995,-0.19774,-0.00279,0.99000,-0.23154,-0.20177,-0.00224,0.99000,0.21720,0.05518,-0.00026,0.99000,-0.22512,0.07012,0.00339,0.99000,0.12493,-0.00174,-0.00648,0.99000,-0.12736,0.00142,-0.00139,0.99000,0.12329,0.45060,0.00643,0.99000,-0.11754,0.45105,0.00446,0.99000,0.12277,0.90218,0.01211,0.99000,-0.12707,0.90062,0.02081,0.99000
0,4.5000,wave,0.20298,-0.50245,-0.00263,0.99000,-0.20124,-0.49937,-0.00044,0.99000,0.22680,-0.20533,0.00442,0.99000,-0.23097,-0.20017,0.00248,0.99000,0.22162,0.06720,-0.00021,0.99000,-0.22465,0.07340,0.00272,0.99000,0.11989,-0.00257,-0.00216,0.99000,-0.12908,0.00133,0.00302,0.99000,0.12332,0.44876,0.00226,0.99000,-0.12194,0.45108,0.00135,0.99000,0.12706,0.90806,0.02963,0.99000,-0.12500,0.89485,0.02449,0.99000
1,0.0000,wave,0.20360,-0.49574,-0.00325,0.99000,-0.19914,-0.50612,-0.00040,0.99000,0.23040,-0.20323,0.00127,0.99000,-0.22928,-0.20487,0.00134,0.99000,0.22023,0.06273,0.00159,0.99000,-0.21562,0.07516,-0.00005,0.99000,0.12281,-0.00171,0.00352,0.99000,-0.12096,0.00143,-0.00351,0.99000,0.12629,0.44946,0.00204,0.99000,-0.12610,0.45038,-0.00825,0.99000,0.12156,0.90006,0.01895,0.99000,-0.12415,0.89394,0.02146,0.99000
1,0.0500,wave,0.20420,-0.50637,0.00467,0.99000,-0.19920,-0.49643,-0.00148,0.99000,0.22997,-0.20304,-0.00313,0.99000,-0.23507,-0.20219,-0.00047,0.99000,0.21206,0.06741,0.00760,0.99000,-0.22078,0.07883,0.00101,0.99000,0.12932,-0.00054,-0.01136,0.99000,-0.12877,-0.00126,0.00371,0.99000,0.12834,0.45157,0.00519,0.99000,-0.11824,0.45344,-0.00314,0.99000,0.12724,0.89371,0.02768,0.99000,-0.12558,0.89615,0.02270,0.99000
1,0.1000,wave,0.19399,-0.49820,-0.00066,0.99000,-0.20027,-0.50222,0.00267,0.99000,0.22592,-0.19446,-0.01109,0.99000,-0.24929,-0.20384,-0.00080,0.99000,0.21749,0.07224,0.00191,0.99000,-0.23498,0.06580,-0.00430,0.99000,0.13075,-0.00074,-0.00116,0.99000,-0.12708,-0.00177,-0.00616,0.99000,0.12311,0.45690,0.00593,0.99000,-0.12508,0.44928,0.00363,0.99000,0.12668,0.89668,0.01152,0.99000,-0.12564,0.89977,0.01914,0.99000
1,0.1500,wave,0.20714,-0.50289,-0.00526,0.99000,-0.19944,-0.50216,0.00001,0.99000,0.23163,-0.20091,0.00312,0.99000,-0.26315,-0.20908,0.00211,0.99000,0.21598,0.06615,0.00301,0.99000,-0.26758,0.06459,0.00098,0.99000,0.12966,-0.00067,0.00330,0.99000,-0.12494,-0.00211,0.00262,0.99000,0.12320,0.44663,0.00194,0.99000,-0.12568,0.45393,0.00398,0.99000,0.12946,0.89827,0.02317,0.99000,-0.13032,0.90295,0.02485,0.99000
1,0.2000,wave,0.19850,-0.50000,0.00084,0.99000,-0.19974,-0.50060,0.00059,0.99000,0.22862,-0.20023,0.00407,0.99000,-0.28096,-0.21185,-0.00318,0.99000,0.22126,0.06996,0.00082,0.99000,-0.29389,0.05725,-0.00274,0.99000,0.12592,0.00173,-0.00031,0.99000,-0.12018,0.00014,0.00231,0.99000,0.12642,0.44929,-0.00010,0.99000,-0.12275,0.44522,-0.00461,0.99000,0.12201,0.90160,0.02282,0.99000,-0.12331,0.89554,0.02138,0.99000
1,0.2500,wave,0.19719,-0.50202,0.00322,0.99000,-0.19928,-0.49769,-0.00644,0.99000,0.23917,-0.20742,-0.00235,0.99000,-0.30245,-0.22440,0.00138,0.99000,0.22372,0.06815,-0.00007,0.99000,-0.33208,0.05607,-0.00323,0.99000,0.12376,0.00586,0.00249,0.99000,-0.12273,0.00173,0.00169,0.99000,0.11937,0.44645,0.00227,0.99000,-0.12682,0.43976,-0.00184,0.99000,0.12497,0.89783,0.02221,0.99000,-0.12073,0.90467,0.02468,0.99000
1,0.3000,wave,0.20034,-0.49546,0.00445,0.99000,-0.19895,-0.50541,-0.00485,0.99000,0.23205,-0.20282,-0.00335,0.99000,-0.33244,-0.23680,-0.00043,0.99000,0.22178,0.06802,0.00228,0.99000,-0.38230,0.03692,0.00017,0.99000,0.13184,0.00053,0.00549,0.99000,-0.12051,0.00622,0.00547,0.99000,0.12230,0.45236,-0.00160,0.99000,-0.12495,0.45571,0.00156,0.99000,0.11901,0.90026,0.02858,0.99000,-0.12103,0.89920,0.01859,0.99000
1,0.3500,wave,0.20129,-0.50458,-0.00562,0.99000,-0.20358,-0.50019,0.00323,0.99000,0.22572,-0.19948,-0.00304,0.99000,-0.35927,-0.24364,-0.00303,0.99000,0.21564,0.07004,-0.00056,0.99000,-0.41864,0.01789,-0.00126,0.99000,0.12273,-0.00060,0.00005,0.99000,-0.12292,-0.00074,-0.00335,0.99000,0.11964,0.44289,0.00476,0.99000,-0.12678,0.45299,0.00248,0.99000,0.12262,0.90523,0.02568,0.99000,-0.13089,0.89924,0.02277,0.99000
1,0.4000,wave,0.19709,-0.50461,0.00207,0.99000,-0.20110,-0.49615,-0.00293,0.99000,0.22911,-0.19909,0.00394,0.99000,-0.38418,-0.26343,-0.00427,0.99000,0.21206,0.06965,-0.00087,0.99000,-0.43771,0.00123,-0.00497,0.99000,0.12534,-0.00255,0.00290,0.99000,-0.12650,-0.00184,0.00035,0.99000,0.13080,0.44855,-0.00282,0.99000,-0.12504,0.44467,-0.00106,0.99000,0.12215,0.90155,0.02135,0.99000,-0.11681,0.89593,0.02229,0.99000
1,0.4500,wave,0.20120,-0.50918,-0.00008,0.99000,-0.20199,-0.50587,0.00350,0.99000,0.23228,-0.20490,0.00181,0.99000,-0.41696,-0.28683,-0.00330,0.99000,0.22430,0.06878,0.00179,0.99000,-0.46044,-0.02107,0.00067,0.99000,0.12292,-0.00834,0.00075,0.99000,-0.12748,-0.00334,-0.00764,0.99000,0.11435,0.44708,0.00018,0.99000,-0.12673,0.45085,0.00060,0.99000,0.12380,0.90514,0.01884,0.99000,-0.13140,0.90054,0.02188,0.99000
1,0.5000,wave,0.20069,-0.49887,-0.00375,0.99000,-0.20584,-0.49731,-0.00107,0.99000,0.23351,-0.19962,-0.00173,0.99000,-0.43901,-0.31586,-0.00259,0.99000,0.21839,0.06876,0.00206,0.99000,-0.47479,-0.04970,0.00023,0.99000,0.12042,0.00205,-0.00129,0.99000,-0.12601,0.00288,-0.00509,0.99000,0.13049,0.45461,-0.00015,0.99000,-0.12676,0.44492,-0.00083,0.99000,0.11615,0.90871,0.02126,0.99000,-0.11950,0.90056,0.02234,0.99000
1,0.5500,wave,0.19474,-0.50427,0.00117,0.99000,-0.20064,-0.50194,0.00056,0.99000,0.23295,-0.20596,0.00220,0.99000,-0.46087,-0.34519,0.00263,0.99000,0.21892,0.07162,-0.00333,0.99000,-0.48630,-0.07439,-0.00472,0.99000,0.12293,-0.00588,-0.00011,0.99000,-0.13188,0.00580,-0.00077,0.99000,0.12935,0.44866,0.00422,0.99000,-0.12463,0.44909,0.00043,0.99000,0.12898,0.90495,0.02540,0.99000,-0.11872,0.89922,0.01489,0.99000
1,0.6000,wave,0.19625,-0.50152,0.00471,0.99000,-0.19984,-0.50020,0.00005,0.99000,0.23808,-0.19894,-0.00367,0.99000,-0.47588,-0.37777,-0.00033,0.99000,0.21930,0.07358,-0.00122,0.99000,-0.47949,-0.11225,0.00013,0.99000,0.12544,-0.00002,0.00293,0.99000,-0.13112,-0.00203,0.00199,0.99000,0.12454,0.45415,-0.00333,0.99000,-0.11853,0.45494,-0.00222,0.99000,0.12977,0.90132,0.02977,0.99000,-0.12609,0.90577,0.02301,0.99000
1,0.6500,wave,0.19210,-0.49979,0.00199,0.99000,-0.20116,-0.50480,-0.00514,0.99000,0.23672,-0.20245,-0.00159,0.99000,-0.48667,-0.40864,-0.00204,0.99000,0.22400,0.06602,-0.00758,0.99000,-0.51113,-0.13884,0.00331,0.99000,0.12483,0.00379,0.00111,0.99000,-0.12947,-0.00267,0.00102,0.99000,0.12706,0.45054,-0.00164,0.99000,-0.12516,0.44690,0.00367,0.99000,0.12395,0.89917,0.02073,0.99000,-0.13011,0.89481,0.02064,0.99000
1,0.7000,wave,0.19956,-0.49875,-0.00022,0.99000,-0.19608,-0.49673,0.00085,0.99000,0.22986,-0.19994,0.00207,0.99000,-0.50010,-0.43953,-0.00357,0.99000,0.21851,0.06814,-0.00415,0.99000,-0.52744,-0.16837,0.00226,0.99000,0.13261,0.00311,0.00411,0.99000,-0.12013,-0.00238,-0.00143,0.99000,0.12996,0.44403,-0.00236,0.99000,-0.12386,0.45030,-0.00198,0.99000,0.12154,0.89715,0.02237,0.99000,-0.12194,0.89591,0.02485,0.99000
1,0.7500,wave,0.20230,-0.49130,-0.00450,0.99000,-0.19765,-0.50126,-0.00454,0.99000,0.22995,-0.19809,0.00467,0.99000,-0.50011,-0.46985,0.00001,0.99000,0.21966,0.07175,0.00090,0.99000,-0.56685,-0.19933,-0.00293,0.99000,0.12078,0.00340,-0.00042,0.99000,-0.12426,0.00300,-0.00113,0.99000,0.12337,0.44757,-0.00760,0.99000,-0.12540,0.44744,-0.00166,0.99000,0.12612,0.90368,0.01515,0.99000,-0.12430,0.90057,0.01508,0.99000
1,0.8000,wave,0.20193,-0.50469,-0.00139,0.99000,-0.20105,-0.49844,0.00421,0.99000,0.22851,-0.19868,-0.00741,0.99000,-0.50356,-0.49161,0.00026,0.99000,0.22197,0.06354,-0.00433,0.99000,-0.60747,-0.24020,0.00847,0.99000,0.12649,0.00269,0.00433,0.99000,-0.12466,-0.00372,0.00083,0.99000,0.12591,0.44950,0.00467,0.99000,-0.12986,0.44824,0.00718,0.99000,0.12937,0.89966,0.01881,0.99000,-0.12945,0.89952,0.02567,0.99000
1,0.8500,wave,0.20289,-0.50383,0.00034,0.99000,-0.19804,-0.50844,0.00627,0.99000,0.22623,-0.20342,0.00472,0.99000,-0.50513,-0.49873,0.00783,0.99000,0.22364,0.07157,0.00680,0.99000,-0.65384,-0.28386,-0.00146,0.99000,0.12842,-0.00016,0.00321,0.99000,-0.11870,-0.00018,0.00864,0.99000,0.12368,0.45711,-0.00200,0.99000,-0.12886,0.45542,0.00315,0.99000,0.12479,0.90146,0.02517,0.99000,-0.12509,0.89954,0.02173,0.99000
1,0.9000,wave,0.20164,-0.50693,-0.00134,0.99000,-0.20075,-0.50151,-0.00287,0.99000,0.23658,-0.19989,-0.00413,0.99000,-0.49387,-0.52392,-0.00081,0.99000,0.21722,0.06125,0.00008,0.99000,-0.68230,-0.32952,-0.00800,0.99000,0.12428,0.00479,0.00268,0.99000,-0.13271,0.00318,0.00471,0.99000,0.12656,0.45298,-0.00496,0.99000,-0.12596,0.44960,0.00249,0.99000,0.12846,0.90957,0.02232,0.99000,-0.12412,0.90096,0.02032,0.99000
1,0.9500,wave,0.20253,-0.49940,-0.00126,0.99000,-0.20128,-0.49469,0.00044,0.99000,0.23130,-0.20663,-0.00409,0.99000,-0.49657,-0.52678,0.00602,0.99000,0.21780,0.07688,-0.00402,0.99000,-0.70299,-0.36788,0.00263,0.99000,0.11815,0.00640,-0.00593,0.99000,-0.11894,0.00734,-0.00144,0.99000,0.12606,0.44558,-0.00037,0.99000,-0.12444,0.45076,0.00340,0.99000,0.12861,0.90229,0.02187,0.99000,-0.11777,0.90356,0.02989,0.99000
1,1.0000,wave,0.19902,-0.49611,-0.00179,0.99000,-0.20780,-0.49847,0.00366,0.99000,0.22913,-0.19706,-0.00155,0.99000,-0.49801,-0.52574,-0.00149,0.99000,0.22325,0.06872,-0.00128,0.99000,-0.72658,-0.37438,0.00328,0.99000,0.12118,0.00286,-0.00133,0.99000,-0.12669,-0.00061,-0.00539,0.99000,0.12724,0.45704,0.00042,0.99000,-0.12718,0.44602,0.00061,0.99000,0.11456,0.89991,0.02981,0.99000,-0.12130,0.90076,0.02531,0.99000
1,1.0500,wave,0.20252,-0.50339,-0.00113,0.99000,-0.19665,-0.50468,-0.00140,0.99000,0.23496,-0.20056,0.00031,0.99000,-0.50151,-0.52479,0.00205,0.99000,0.22482,0.06934,0.00055,0.99000,-0.72221,-0.37649,0.00211,0.99000,0.12750,0.00076,-0.00158,0.99000,-0.12117,-0.00285,-0.00089,0.99000,0.13014,0.45677,-0.00208,0.99000,-0.12858,0.45157,0.00452,0.99000,0.12677,0.89796,0.02013,0.99000,-0.12628,0.90271,0.01691,0.99000
1,1.1000,wave,0.20691,-0.50528,-0.00419,0.99000,-0.20160,-0.49883,0.00012,0.99000,0.23292,-0.19908,0.00090,0.99000,-0.49669,-0.53645,-0.00336,0.99000,0.21666,0.06612,0.00204,0.99000,-0.71364,-0.35547,0.00099,0.99000,0.12168,-0.00683,-0.00469,0.99000,-0.12338,0.00035,0.00683,0.99000,0.12250,0.44592,0.00297,0.99000,-0.12631,0.44062,0.00118,0.99000,0.12583,0.89853,0.01913,0.99000,-0.12485,0.89716,0.02393,0.99000
1,1.1500,wave,0.20183,-0.49529,0.00783,0.99000,-0.19862,-0.49625,0.00166,0.99000,0.23069,-0.19960,-0.00707,0.99000,-0.50253,-0.53025,-0.00542,0.99000,0.22667,0.06397,0.00569,0.99000,-0.68389,-0.32288,-0.00184,0.99000,0.13125,-0.00099,0.00224,0.99000,-0.12777,0.00226,-0.00053,0.99000,0.12345,0.44702,-0.00438,0.99000,-0.12130,0.44445,-0.00104,0.99000,0.12597,0.89969,0.02609,0.99000,-0.12474,0.89943,0.02529,0.99000
1,1.2000,wave,0.20046,-0.49324,-0.00141,0.99000,-0.19674,-0.49636,-0.00006,0.99000,0.23315,-0.19904,0.00037,0.99000,-0.50024,-0.53041,0.00503,0.99000,0.22173,0.06604,-0.00309,0.99000,-0.64500,-0.30739,-0.00283,0.99000,0.13233,0.00308,0.00344,0.99000,-0.12533,-0.00057,0.00251,0.99000,0.12114,0.44742,0.00406,0.99000,-0.12025,0.45055,0.00460,0.99000,0.12693,0.89503,0.02249,0.99000,-0.12570,0.90044,0.01873,0.99000
1,1.2500,wave,0.20386,-0.50460,-0.00659,0.99000,-0.19770,-0.50600,-0.00521,0.99000,0.22876,-0.20144,-0.00043,0.99000,-0.50126,-0.52971,0.00053,0.99000,0.22176,0.07224,-0.00063,0.99000,-0.60695,-0.28710,-0.00228,0.99000,0.11949,0.00146,0.00819,0.99000,-0.12456,0.00128,0.00127,0.99000,0.11639,0.45447,-0.00530,0.99000,-0.12857,0.45204,0.00014,0.99000,0.12420,0.89687,0.01946,0.99000,-0.12617,0.89264,0.02212,0.99000
1,1.3000,wave,0.19923,-0.50242,-0.00250,0.99000,-0.20300,-0.50282,0.00045,0.99000,0.22787,-0.20050,-0.00241,0.99000,-0.50030,-0.52631,-0.00321,0.99000,0.21326,0.06970,-0.00214,0.99000,-0.56276,-0.26735,-0.00274,0.99000,0.13003,0.00005,-0.00098,0.99000,-0.12105,-0.00399,-0.00142,0.99000,0.12069,0.44337,-0.00052,0.99000,-0.12206,0.44927,-0.00123,0.99000,0.12118,0.90235,0.02760,0.99000,-0.12363,0.89834,0.01892,0.99000
1,1.3500,wave,0.19945,-0.50499,0.00792,0.99000,-0.20166,-0.50228,-0.00758,0.99000,0.22987,-0.20334,-0.00205,0.99000,-0.51359,-0.52801,-0.00281,0.99000,0.21954,0.07075,-0.00001,0.99000,-0.53175,-0.26925,-0.00047,0.99000,0.12523,0.00719,-0.00254,0.99000,-0.11976,0.00091,0.00333,0.99000,0.12567,0.44946,-0.00637,0.99000,-0.12271,0.45019,0.00162,0.99000,0.12186,0.89982,0.02072,0.99000,-0.12301,0.90387,0.01992,0.99000
1,1.4000,wave,0.20226,-0.49916,0.01125,0.99000,-0.19909,-0.49252,0.00006,0.99000,0.23236,-0.19895,-0.00235,0.99000,-0.50307,-0.53415,-0.00025,0.99000,0.22291,0.06348,0.00560,0.99000,-0.52464,-0.25674,-0.00619,0.99000,0.12295,-0.00194,0.00433,0.99000,-0.12250,0.00160,-0.00147,0.99000,0.12351,0.45303,0.00351,0.99000,-0.13070,0.44214,0.00093,0.99000,0.12437,0.90529,0.02854,0.99000,-0.12559,0.89280,0.02851,0.99000
1,1.4500,wave,0.20664,-0.49813,-0.00383,0.99000,-0.20269,-0.49929,-0.00470,0.99000,0.23382,-0.20166,0.00515,0.99000,-0.49697,-0.53359,-0.00377,0.99000,0.21407,0.06157,-0.00066,0.99000,-0.52678,-0.26148,0.00057,0.99000,0.12323,-0.00150,0.00078,0.99000,-0.11942,-0.00339,-0.00352,0.99000,0.12484,0.44960,0.00184,0.99000,-0.12878,0.45064,0.00167,0.99000,0.12348,0.89239,0.01764,0.99000,-0.12284,0.90193,0.02629,0.99000
1,1.5000,wave,0.20619,-0.50393,0.00630,0.99000,-0.20811,-0.50193,0.00095,0.99000,0.22724,-0.19176,-0.00437,0.99000,-0.49992,-0.52618,-0.00107,0.99000,0.21865,0.06918,0.00431,0.99000,-0.54953,-0.25766,0.00270,0.99000,0.12844,-0.00677,-0.00107,0.99000,-0.12171,0.00098,0.00597,0.99000,0.12906,0.44498,0.00105,0.99000,-0.12576,0.45078,-0.00317,0.99000,0.11975,0.90203,0.02791,0.99000,-0.12847,0.89588,0.01991,0.99000
1,1.5500,wave,0.19753,-0.50421,0.00551,0.99000,-0.19962,-0.49652,-0.00303,0.99000,0.23586,-0.19597,-0.00543,0.99000,-0.50000,-0.53507,0.00455,0.99000,0.21967,0.07451,0.00254,0.99000,-0.58337,-0.27484,-0.00279,0.99000,0.12395,0.00099,0.00004,0.99000,-0.13050,0.00227,0.00032,0.99000,0.11986,0.45362,-0.00189,0.99000,-0.12878,0.45239,-0.00068,0.99000,0.12126,0.90120,0.02485,0.99000,-0.12273,0.89797,0.02545,0.99000
1,1.6000,wave,0.19759,-0.50176,-0.00080,0.99000,-0.19781,-0.49712,-0.00651,0.99000,0.23282,-0.20219,0.00157,0.99000,-0.49796,-0.52453,-0.00291,0.99000,0.20490,0.07821,-0.00167,0.99000,-0.63200,-0.29367,0.00055,0.99000,0.11449,0.00221,0.00443,0.99000,-0.12170,-0.00545,0.00457,0.99000,0.12880,0.44938,0.00039,0.99000,-0.12992,0.45271,-0.00270,0.99000,0.12702,0.89000,0.02049,0.99000,-0.13110,0.90882,0.01432,0.99000
1,1.6500,wave,0.20410,-0.50340,-0.00159,0.99000,-0.19945,-0.50131,0.00105,0.99000,0.22597,-0.20570,0.00735,0.99000,-0.49953,-0.53059,0.00510,0.99000,0.22041,0.06682,0.00460,0.99000,-0.66957,-0.32389,0.00114,0.99000,0.11782,0.00183,-0.00460,0.99000,-0.12644,-0.00296,0.00027,0.99000,0.11825,0.44708,0.00323,0.99000,-0.12000,0.44577,-0.00270,0.99000,0.12093,0.89932,0.02185,0.99000,-0.12708,0.89650,0.01926,0.99000
1,1.7000,wave,0.20692,-0.50467,0.00698,0.99000,-0.19774,-0.49436,-0.00260,0.99000,0.22791,-0.19988,0.00521,0.99000,-0.50476,-0.52754,0.00008,0.99000,0.21952,0.06888,0.00588,0.99000,-0.69391,-0.35102,0.00295,0.99000,0.12859,-0.00081,0.00053,0.99000,-0.12343,-0.00794,0.01030,0.99000,0.11787,0.45238,-0.00685,0.99000,-0.11639,0.44943,-0.00348,0.99000,0.12116,0.90282,0.01745,0.99000,-0.12794,0.89432,0.02461,0.99000
1,1.7500,wave,0.19349,-0.49688,0.00280,0.99000,-0.19750,-0.49198,0.00243,0.99000,0.22391,-0.20071,0.00079,0.99000,-0.50219,-0.52757,-0.00244,0.99000,0.22118,0.07026,0.00507,0.99000,-0.71688,-0.37283,-0.00054,0.99000,0.12295,0.00128,-0.00111,0.99000,-0.11891,-0.00192,-0.00616,0.99000,0.12368,0.45391,0.00544,0.99000,-0.12189,0.44980,0.00175,0.99000,0.12486,0.90393,0.02171,0.99000,-0.12306,0.90047,0.02279,0.99000
1,1.8000,wave,0.20446,-0.49999,0.00349,0.99000,-0.20186,-0.49906,-0.00389,0.99000,0.23539,-0.20726,-0.00303,0.99000,-0.49830,-0.53137,-0.00034,0.99000,0.22806,0.06448,0.00132,0.99000,-0.72092,-0.38073,0.00702,0.99000,0.12815,0.00526,0.00212,0.99000,-0.12727,0.00385,0.00706,0.99000,0.13216,0.44843,0.00459,0.99000,-0.12602,0.44980,0.00019,0.99000,0.12429,0.89653,0.01860,0.99000,-0.11921,0.90078,0.01837,0.99000
1,1.8500,wave,0.19978,-0.50950,0.00109,0.99000,-0.19826,-0.49644,-0.00247,0.99000,0.23014,-0.21140,0.00375,0.99000,-0.49898,-0.52488,0.00431,0.99000,0.22254,0.07238,-0.00134,0.99000,-0.71597,-0.36490,0.00721,0.99000,0.12890,-0.00148,0.00254,0.99000,-0.11829,-0.00362,0.00759,0.99000,0.12258,0.44993,0.00070,0.99000,-0.12986,0.45123,0.00398,0.99000,0.12846,0.90279,0.02023,0.99000,-0.12596,0.89921,0.03017,0.99000
1,1.9000,wave,0.19680,-0.50239,0.00501,0.99000,-0.19353,-0.49855,-0.00444,0.99000,0.23688,-0.20157,-0.00069,0.99000,-0.50030,-0.52707,-0.00194,0.99000,0.22015,0.06798,0.00123,0.99000,-0.70121,-0.34038,0.00361,0.99000,0.12725,-0.00324,-0.00033,0.99000,-0.12635,-0.00193,-0.00324,0.99000,0.12425,0.45107,0.00291,0.99000,-0.12677,0.44621,-0.00264,0.99000,0.13002,0.90849,0.02201,0.99000,-0.12077,0.90605,0.02331,0.99000
1,1.9500,wave,0.20336,-0.49594,0.00051,0.99000,-0.19898,-0.49283,-0.00493,0.99000,0.23262,-0.19953,-0.00416,0.99000,-0.49499,-0.53278,0.00510,0.99000,0.22627,0.07355,0.00055,0.99000,-0.67054,-0.31647,-0.00374,0.99000,0.12532,0.00182,0.00045,0.99000,-0.12920,-0.00467,0.00139,0.99000,0.12128,0.45279,-0.00305,0.99000,-0.12471,0.45497,-0.00045,0.99000,0.12832,0.90120,0.02661,0.99000,-0.12296,0.90051,0.01638,0.99000
1,2.0000,wave,0.20248,-0.50317,0.00189,0.99000,-0.20269,-0.49595,0.00377,0.99000,0.22632,-0.20522,0.00142,0.99000,-0.49985,-0.53316,-0.00757,0.99000,0.22969,0.06585,0.00594,0.99000,-0.63071,-0.28927,0.00240,0.99000,0.12563,-0.00698,-0.00271,0.99000,-0.12852,0.00051,-0.00538,0.99000,0.12035,0.44765,0.00280,0.99000,-0.13078,0.44935,0.00478,0.99000,0.12757,0.89679,0.02639,0.99000,-0.13057,0.90186,0.02384,0.99000
1,2.0500,wave,0.19918,-0.49240,-0.00150,0.99000,-0.19276,-0.49394,-0.00095,0.99000,0.22784,-0.20230,-0.00557,0.99000,-0.49728,-0.52894,0.00183,0.99000,0.22489,0.07465,0.00220,0.99000,-0.58710,-0.27179,-0.00323,0.99000,0.13294,-0.00119,0.00621,0.99000,-0.13041,0.00033,0.00493,0.99000,0.12216,0.46193,-0.00436,0.99000,-0.13118,0.45011,-0.00180,0.99000,0.12477,0.90624,0.02472,0.99000,-0.12748,0.90530,0.02650,0.99000
1,2.1000,wave,0.20417,-0.50049,-0.00507,0.99000,-0.20423,-0.50884,0.00191,0.99000,0.23317,-0.19903,-0.00185,0.99000,-0.49568,-0.53725,-0.00062,0.99000,0.21537,0.06995,-0.00406,0.99000,-0.55543,-0.26779,-0.00334,0.99000,0.11979,-0.00142,0.00317,0.99000,-0.12102,-0.00747,-0.00001,0.99000,0.12632,0.44654,0.00184,0.99000,-0.13044,0.45561,0.00453,0.99000,0.12408,0.90024,0.01430,0.99000,-0.11964,0.90909,0.01633,0.99000
1,2.1500,wave,0.20197,-0.50260,-0.00159,0.99000,-0.19913,-0.50004,-0.00517,0.99000,0.22558,-0.20641,0.01039,0.99000,-0.49191,-0.52196,-0.00496,0.99000,0.21405,0.07476,-0.00090,0.99000,-0.53025,-0.26033,0.00044,0.99000,0.13281,-0.00213,0.00100,0.99000,-0.12102,-0.00180,-0.00025,0.99000,0.11788,0.45433,0.00187,0.99000,-0.12381,0.45133,-0.00280,0.99000,0.11738,0.89394,0.02588,0.99000,-0.12568,0.90031,0.02251,0.99000
1,2.2000,wave,0.20176,-0.50361,0.00904,0.99000,-0.20710,-0.50522,-0.00202,0.99000,0.23154,-0.19152,-0.00334,0.99000,-0.49765,-0.52576,0.00204,0.99000,0.21906,0.06701,0.00092,0.99000,-0.51762,-0.26069,-0.00768,0.99000,0.12142,0.00502,-0.00389,0.99000,-0.12701,0.00004,0.00097,0.99000,0.12628,0.44428,-0.00099,0.99000,-0.11525,0.44933,-0.00016,0.99000,0.12354,0.90038,0.02016,0.99000,-0.12251,0.89986,0.02638,0.99000
1,2.2500,wave,0.19446,-0.50538,-0.00240,0.99000,-0.20187,-0.50012,0.00329,0.99000,0.23484,-0.20087,-0.00271,0.99000,-0.49872,-0.52610,0.00290,0.99000,0.21881,0.06735,-0.00360,0.99000,-0.54171,-0.26695,0.00306,0.99000,0.12129,-0.00382,0.00513,0.99000,-0.12639,-0.00066,-0.00178,0.99000,0.12545,0.45483,0.00393,0.99000,-0.11983,0.45249,0.00603,0.99000,0.12129,0.90609,0.02919,0.99000,-0.12325,0.89418,0.02809,0.99000
1,2.3000,wave,0.19729,-0.49702,0.00298,0.99000,-0.20430,-0.50332,-0.00326,0.99000,0.22782,-0.20689,0.00265,0.99000,-0.50016,-0.52854,-0.00149,0.99000,0.21951,0.06922,-0.00129,0.99000,-0.56724,-0.26988,-0.00548,0.99000,0.12394,0.00162,-0.00443,0.99000,-0.12640,-0.00135,-0.00296,0.99000,0.12587,0.45160,-0.00052,0.99000,-0.12809,0.45612,0.00600,0.99000,0.12635,0.89511,0.02005,0.99000,-0.12245,0.90193,0.02368,0.99000
1,2.3500,wave,0.20384,-0.50357,-0.00021,0.99000,-0.20373,-0.49799,0.00015,0.99000,0.23229,-0.20328,0.00245,0.99000,-0.49673,-0.53782,0.00438,0.99000,0.22578,0.06648,-0.00038,0.99000,-0.59913,-0.28737,-0.00453,0.99000,0.12505,0.00182,-0.00299,0.99000,-0.12368,-0.00275,-0.00293,0.99000,0.13110,0.45287,-0.00176,0.99000,-0.12559,0.44649,-0.00668,0.99000,0.12842,0.90809,0.03061,0.99000,-0.12890,0.90072,0.02408,0.99000
1,2.4000,wave,0.20550,-0.49864,0.00234,0.99000,-0.20295,-0.49796,0.00405,0.99000,0.22477,-0.20018,-0.00661,0.99000,-0.50508,-0.52832,-0.00181,0.99000,0.22464,0.06595,-0.00098,0.99000,-0.64942,-0.30418,-0.00507,0.99000,0.12651,0.00206,-0.00130,0.99000,-0.11973,0.00179,0.00046,0.99000,0.12150,0.44649,0.00346,0.99000,-0.11903,0.46158,0.00837,0.99000,0.12846,0.89503,0.03089,0.99000,-0.12586,0.90095,0.02768,0.99000
1,2.4500,wave,0.20372,-0.49240,0.00303,0.99000,-0.20480,-0.49599,0.00163,0.99000,0.22802,-0.19793,0.00149,0.99000,-0.49715,-0.53215,0.00385,0.99000,0.21481,0.06026,-0.00059,0.99000,-0.68437,-0.32442,0.00315,0.99000,0.12448,0.00564,-0.00272,0.99000,-0.12886,-0.00044,-0.00564,0.99000,0.12540,0.44786,0.00156,0.99000,-0.12776,0.45279,0.00543,0.99000,0.11604,0.89494,0.02408,0.99000,-0.12918,0.89511,0.01970,0.99000
1,2.5000,wave,0.19825,-0.49690,-0.00423,0.99000,-0.19313,-0.50042,-0.00242,0.99000,0.22401,-0.19363,0.00340,0.99000,-0.49561,-0.53080,0.00226,0.99000,0.22382,0.06219,-0.00656,0.99000,-0.70995,-0.34891,0.00122,0.99000,0.12377,0.00781,-0.00315,0.99000,-0.12646,0.00280,0.00093,0.99000,0.12457,0.44857,0.00090,0.99000,-0.12296,0.45002,0.00173,0.99000,0.12914,0.90336,0.02110,0.99000,-0.11998,0.89906,0.02461,0.99000
1,2.5500,wave,0.20301,-0.50347,0.00361,0.99000,-0.20081,-0.50050,-0.00116,0.99000,0.23149,-0.20344,0.00195,0.99000,-0.49651,-0.52451,0.00032,0.99000,0.22315,0.06610,-0.00536,0.99000,-0.71868,-0.37200,0.00018,0.99000,0.12800,0.00271,-0.00368,0.99000,-0.12483,0.00178,0.00292,0.99000,0.12793,0.45065,0.00138,0.99000,-0.12438,0.44869,-0.00199,0.99000,0.12069,0.90081,0.02459,0.99000,-0.11619,0.89933,0.01980,0.99000
1,2.6000,wave,0.19385,-0.49813,-0.00518,0.99000,-0.20396,-0.50355,0.00547,0.99000,0.23040,-0.20320,-0.00328,0.99000,-0.50265,-0.52783,0.00522,0.99000,0.21551,0.07235,0.00522,0.99000,-0.72101,-0.37643,0.00327,0.99000,0.12914,-0.00050,-0.00361,0.99000,-0.12354,0.00552,-0.00302,0.99000,0.13038,0.44902,0.00431,0.99000,-0.12514,0.45181,-0.00115,0.99000,0.12949,0.89650,0.02366,0.99000,-0.11858,0.91011,0.02582,0.99000
1,2.6500,wave,0.20005,-0.50088,0.00616,0.99000,-0.20279,-0.49766,0.00125,0.99000,0.22924,-0.20036,-0.00428,0.99000,-0.49967,-0.53383,-0.00308,0.99000,0.21558,0.06577,0.00167,0.99000,-0.70569,-0.36365,0.00463,0.99000,0.12266,-0.00279,0.00286,0.99000,-0.11973,0.00244,-0.00150,0.99000,0.12610,0.44892,0.00662,0.99000,-0.12893,0.45337,0.00281,0.99000,0.12949,0.89733,0.02142,0.99000,-0.12538,0.90391,0.02488,0.99000
1,2.7000,wave,0.19555,-0.49096,-0.00611,0.99000,-0.19551,-0.49248,-0.00151,0.99000,0.23381,-0.20650,-0.00694,0.99000,-0.50092,-0.52836,0.00038,0.99000,0.21990,0.06049,-0.00152,0.99000,-0.68982,-0.33325,0.00226,0.99000,0.13560,0.00827,0.00228,0.99000,-0.12595,-0.00268,0.00185,0.99000,0.12952,0.44708,-0.00446,0.99000,-0.12429,0.45720,0.00259,0.99000,0.12819,0.90011,0.02426,0.99000,-0.12699,0.90403,0.02784,0.99000
1,2.7500,wave,0.20158,-0.50761,-0.00441,0.99000,-0.19830,-0.50428,0.00161,0.99000,0.22423,-0.20111,-0.00002,0.99000,-0.49924,-0.52772,-0.00234,0.99000,0.22176,0.06824,-0.00031,0.99000,-0.65166,-0.30648,0.00978,0.99000,0.12448,-0.00637,-0.00095,0.99000,-0.12292,-0.00594,-0.00041,0.99000,0.12205,0.44146,-0.00077,0.99000,-0.12502,0.44567,0.00157,0.99000,0.12378,0.90550,0.02320,0.99000,-0.12720,0.89545,0.02544,0.99000
1,2.8000,wave,0.20286,-0.49488,0.00006,0.99000,-0.19712,-0.49835,0.00269,0.99000,0.23672,-0.19643,-0.00335,0.99000,-0.49982,-0.53201,0.00133,0.99000,0.21988,0.07239,0.00002,0.99000,-0.61163,-0.28325,-0.00466,0.99000,0.12867,-0.00424,-0.00440,0.99000,-0.13054,-0.00476,0.00011,0.99000,0.11861,0.45127,-0.00357,0.99000,-0.12391,0.44489,0.00221,0.99000,0.13094,0.89431,0.02648,0.99000,-0.12723,0.89692,0.02433,0.99000
1,2.8500,wave,0.20227,-0.50653,-0.00129,0.99000,-0.20188,-0.50071,-0.00037,0.99000,0.23040,-0.20729,-0.00553,0.99000,-0.49537,-0.53100,0.00613,0.99000,0.22141,0.07463,-0.00111,0.99000,-0.56509,-0.27866,-0.00362,0.99000,0.12325,-0.00178,0.00349,0.99000,-0.12576,0.00456,-0.00027,0.99000,0.12414,0.45473,-0.00744,0.99000,-0.12627,0.45925,-0.00600,0.99000,0.12405,0.90823,0.02537,0.99000,-0.12924,0.90131,0.01326,0.99000
1,2.9000,wave,0.20409,-0.49605,0.00123,0.99000,-0.20054,-0.49700,0.00544,0.99000,0.23557,-0.20882,0.00518,0.99000,-0.50390,-0.52829,0.00216,0.99000,0.22735,0.07343,-0.00242,0.99000,-0.53896,-0.26053,-0.00616,0.99000,0.12809,0.00629,0.00667,0.99000,-0.12556,-0.00011,0.00467,0.99000,0.11895,0.45085,0.00354,0.99000,-0.13369,0.45223,0.00100,0.99000,0.12690,0.90127,0.02138,0.99000,-0.12864,0.89961,0.02495,0.99000
1,2.9500,wave,0.20480,-0.50027,-0.00128,0.99000,-0.19660,-0.49646,0.00441,0.99000,0.23080,-0.20274,-0.00554,0.99000,-0.50282,-0.53587,0.00377,0.99000,0.22185,0.06868,0.00145,0.99000,-0.52437,-0.26014,0.00727,0.99000,0.12644,0.00502,0.00009,0.99000,-0.12738,0.00013,0.00270,0.99000,0.12183,0.45746,-0.00395,0.99000,-0.12408,0.45188,-0.00165,0.99000,0.12514,0.90004,0.02552,0.99000,-0.12192,0.90039,0.01908,0.99000
1,3.0000,wave,0.19371,-0.49991,0.00340,0.99000,-0.19895,-0.49956,-0.00770,0.99000,0.22796,-0.20774,-0.00153,0.99000,-0.49947,-0.52436,0.00072,0.99000,0.21611,0.06539,-0.00079,0.99000,-0.53134,-0.25369,0.00288,0.99000,0.12250,0.00038,0.00004,0.99000,-0.12727,-0.00132,-0.00422,0.99000,0.12567,0.45191,-0.00118,0.99000,-0.13004,0.44863,0.00345,0.99000,0.12833,0.89896,0.02590,0.99000,-0.11229,0.90390,0.02303,0.99000
1,3.0500,wave,0.21200,-0.50239,0.00832,0.99000,-0.20619,-0.49735,-0.00242,0.99000,0.22828,-0.19941,-0.00329,0.99000,-0.50176,-0.52473,-0.00152,0.99000,0.22347,0.06289,0.00457,0.99000,-0.54441,-0.26766,0.00109,0.99000,0.12175,-0.00163,-0.00674,0.99000,-0.12512,-0.00251,-0.00365,0.99000,0.12471,0.44980,-0.00279,0.99000,-0.12339,0.45163,-0.00675,0.99000,0.12216,0.90169,0.01541,0.99000,-0.12654,0.90045,0.02251,0.99000
1,3.1000,wave,0.19889,-0.49985,0.00066,0.99000,-0.19489,-0.50074,0.00400,0.99000,0.22740,-0.20317,-0.00692,0.99000,-0.49990,-0.52270,0.00037,0.99000,0.21571,0.07234,-0.00437,0.99000,-0.57834,-0.27324,0.00299,0.99000,0.12396,-0.00179,0.00279,0.99000,-0.12157,0.00194,-0.00773,0.99000,0.12290,0.45033,-0.00131,0.99000,-0.12383,0.45535,-0.00136,0.99000,0.12885,0.90012,0.03249,0.99000,-0.11918,0.90153,0.02257,0.99000
1,3.1500,wave,0.19607,-0.49772,0.00257,0.99000,-0.19610,-0.50019,0.00471,0.99000,0.22614,-0.20222,-0.00170,0.99000,-0.49815,-0.53590,-0.00313,0.99000,0.22925,0.06416,-0.00327,0.99000,-0.62242,-0.29149,0.00305,0.99000,0.12601,0.00445,-0.00437,0.99000,-0.12037,-0.00586,0.00276,0.99000,0.11916,0.44457,-0.00273,0.99000,-0.12649,0.44430,-0.00691,0.99000,0.12152,0.89529,0.02484,0.99000,-0.12688,0.90524,0.02925,0.99000
1,3.2000,wave,0.20500,-0.49555,0.00117,0.99000,-0.20679,-0.50329,-0.00271,0.99000,0.23268,-0.19935,0.00726,0.99000,-0.49389,-0.52708,0.00133,0.99000,0.22080,0.06659,0.00172,0.99000,-0.66021,-0.31543,0.00427,0.99000,0.12707,0.00505,0.00155,0.99000,-0.12201,-0.00110,-0.00261,0.99000,0.12178,0.45364,0.01199,0.99000,-0.12366,0.44910,-0.00574,0.99000,0.11649,0.90014,0.02372,0.99000,-0.12376,0.89339,0.02099,0.99000
1,3.2500,wave,0.20015,-0.49751,0.00173,0.99000,-0.19508,-0.50055,0.00649,0.99000,0.23177,-0.19919,-0.00168,0.99000,-0.50068,-0.52709,0.00652,0.99000,0.22208,0.06604,-0.00007,0.99000,-0.69598,-0.34491,0.00498,0.99000,0.12134,-0.00050,0.00282,0.99000,-0.12649,-0.00062,-0.00351,0.99000,0.12488,0.44398,0.00599,0.99000,-0.12710,0.44173,0.00567,0.99000,0.12817,0.90218,0.02796,0.99000,-0.11900,0.90000,0.02336,0.99000
1,3.3000,wave,0.19878,-0.50221,-0.00154,0.99000,-0.20418,-0.50365,0.00247,0.99000,0.22466,-0.19810,0.00312,0.99000,-0.49749,-0.52773,-0.00455,0.99000,0.22063,0.07462,0.00155,0.99000,-0.71366,-0.36368,0.00521,0.99000,0.12866,-0.00437,0.00021,0.99000,-0.12451,-0.00411,-0.00115,0.99000,0.12450,0.45545,-0.00145,0.99000,-0.12734,0.44655,-0.00108,0.99000,0.12525,0.89413,0.02179,0.99000,-0.12648,0.90049,0.01876,0.99000
1,3.3500,wave,0.20009,-0.50419,0.00590,0.99000,-0.19868,-0.49995,0.00202,0.99000,0.22284,-0.19715,-0.00243,0.99000,-0.49638,-0.52694,0.00022,0.99000,0.22055,0.07230,-0.00374,0.99000,-0.71698,-0.37597,0.00281,0.99000,0.12073,-0.00123,0.00761,0.99000,-0.12846,-0.00048,0.00192,0.99000,0.12088,0.45745,0.00153,0.99000,-0.13027,0.45061,0.00257,0.99000,0.11951,0.90340,0.01409,0.99000,-0.12207,0.89709,0.01878,0.99000
1,3.4000,wave,0.20565,-0.50285,-0.00770,0.99000,-0.20239,-0.49942,-0.00425,0.99000,0.23362,-0.20218,-0.00391,0.99000,-0.50322,-0.50483,0.00212,0.99000,0.21947,0.06793,0.00058,0.99000,-0.70949,-0.33518,0.00798,0.99000,0.13019,-0.00227,0.00284,0.99000,-0.12854,-0.00287,-0.00277,0.99000,0.12440,0.45077,-0.00446,0.99000,-0.12125,0.45082,0.00120,0.99000,0.12979,0.88918,0.02361,0.99000,-0.12396,0.89730,0.01723,0.99000
1,3.4500,wave,0.19372,-0.49435,0.00198,0.99000,-0.20407,-0.50369,-0.00126,0.99000,0.22936,-0.19801,-0.00558,0.99000,-0.49854,-0.46775,0.00140,0.99000,0.21900,0.06604,-0.00069,0.99000,-0.67718,-0.25844,-0.00571,0.99000,0.13077,0.00689,-0.00041,0.99000,-0.13238,0.00299,-0.00005,0.99000,0.12814,0.45502,-0.00374,0.99000,-0.12949,0.44849,0.00493,0.99000,0.12654,0.89821,0.02593,0.99000,-0.12265,0.89749,0.02081,0.99000
1,3.5000,wave,0.19576,-0.50371,-0.00404,0.99000,-0.20193,-0.50119,-0.00273,0.99000,0.22678,-0.19967,0.00642,0.99000,-0.48620,-0.42392,-0.00511,0.99000,0.22351,0.06078,0.00612,0.99000,-0.62786,-0.19280,0.00077,0.99000,0.12867,0.00202,-0.00546,0.99000,-0.12427,-0.00842,-0.00263,0.99000,0.12412,0.45734,-0.00292,0.99000,-0.12017,0.44440,0.00025,0.99000,0.12553,0.89384,0.01876,0.99000,-0.12784,0.90082,0.02341,0.99000
1,3.5500,wave,0.19669,-0.50498,0.00040,0.99000,-0.20370,-0.50177,-0.00190,0.99000,0.23292,-0.19574,0.00323,0.99000,-0.46288,-0.36577,0.00288,0.99000,0.22933,0.06760,0.00040,0.99000,-0.55826,-0.11460,0.00441,0.99000,0.12260,0.00216,-0.00669,0.99000,-0.12374,0.00231,-0.00169,0.99000,0.12652,0.45151,-0.00259,0.99000,-0.12473,0.45550,0.00332,0.99000,0.12855,0.90011,0.02213,0.99000,-0.11969,0.90543,0.02667,0.99000
1,3.6000,wave,0.20201,-0.51213,0.00276,0.99000,-0.20358,-0.50613,-0.00699,0.99000,0.22924,-0.20001,-0.00198,0.99000,-0.43646,-0.31707,0.00540,0.99000,0.22176,0.07458,-0.00066,0.99000,-0.48477,-0.05006,0.00134,0.99000,0.12579,0.00461,0.00717,0.99000,-0.12706,0.00663,0.00848,0.99000,0.12296,0.44582,-0.00016,0.99000,-0.12395,0.45325,-0.00303,0.99000,0.12308,0.90788,0.01313,0.99000,-0.12835,0.89473,0.01817,0.99000
1,3.6500,wave,0.19527,-0.50258,0.00125,0.99000,-0.20123,-0.49509,-0.00136,0.99000,0.23588,-0.20415,0.00158,0.99000,-0.40163,-0.27454,0.00466,0.99000,0.22024,0.06855,0.00162,0.99000,-0.40975,-0.00969,-0.00349,0.99000,0.12170,-0.00351,-0.00636,0.99000,-0.12595,-0.00118,-0.00085,0.99000,0.12712,0.45580,0.00330,0.99000,-0.12842,0.44952,0.00291,0.99000,0.12174,0.90295,0.01660,0.99000,-0.12254,0.90234,0.01646,0.99000
1,3.7000,wave,0.19728,-0.50011,0.00423,0.99000,-0.19851,-0.50466,0.00060,0.99000,0.22282,-0.20288,0.00534,0.99000,-0.34638,-0.24237,0.00241,0.99000,0.21971,0.06731,-0.00020,0.99000,-0.34597,0.03311,0.00017,0.99000,0.12380,0.00113,0.00219,0.99000,-0.12965,0.00123,-0.00788,0.99000,0.11545,0.45010,0.00098,0.99000,-0.12123,0.45072,0.00345,0.99000,0.12837,0.89442,0.02485,0.99000,-0.12022,0.90529,0.01964,0.99000
1,3.7500,wave,0.19798,-0.50079,-0.00250,0.99000,-0.19510,-0.50862,-0.00283,0.99000,0.23423,-0.20679,0.00661,0.99000,-0.30287,-0.21865,-0.00349,0.99000,0.22386,0.07173,0.00378,0.99000,-0.29977,0.05113,-0.00141,0.99000,0.12708,-0.00118,-0.00663,0.99000,-0.12490,-0.00185,0.00469,0.99000,0.12808,0.45230,0.00204,0.99000,-0.12373,0.45475,0.00243,0.99000,0.13257,0.90087,0.02008,0.99000,-0.12644,0.89780,0.02181,0.99000
1,3.8000,wave,0.19837,-0.49501,-0.00169,0.99000,-0.20041,-0.50608,-0.00049,0.99000,0.22752,-0.20287,-0.00251,0.99000,-0.25864,-0.20469,0.00369,0.99000,0.21400,0.06766,0.00465,0.99000,-0.25826,0.06149,-0.00217,0.99000,0.12162,-0.00272,0.00471,0.99000,-0.12736,0.00018,-0.00852,0.99000,0.12088,0.45434,-0.00734,0.99000,-0.13101,0.44988,0.00365,0.99000,0.12135,0.89979,0.03152,0.99000,-0.12246,0.90150,0.02348,0.99000
1,3.8500,wave,0.20061,-0.50569,0.00788,0.99000,-0.20065,-0.49363,-0.00764,0.99000,0.22817,-0.20208,0.00110,0.99000,-0.24059,-0.20428,-0.00073,0.99000,0.22027,0.06140,-0.00103,0.99000,-0.22919,0.06872,-0.00471,0.99000,0.12808,-0.00500,-0.00233,0.99000,-0.12372,-0.00298,0.00023,0.99000,0.11634,0.45030,-0.00628,0.99000,-0.12931,0.45424,0.00217,0.99000,0.12709,0.89932,0.03020,0.99000,-0.12488,0.90654,0.02664,0.99000
1,3.9000,wave,0.19969,-0.49438,-0.00099,0.99000,-0.19425,-0.50356,0.00041,0.99000,0.23186,-0.19595,-0.00347,0.99000,-0.22642,-0.19557,0.00297,0.99000,0.22202,0.06502,0.00560,0.99000,-0.22826,0.06811,0.00773,0.99000,0.12920,0.00461,-0.00348,0.99000,-0.13189,-0.00146,0.00550,0.99000,0.12777,0.45362,0.00024,0.99000,-0.11944,0.44924,-0.00784,0.99000,0.12062,0.89903,0.02645,0.99000,-0.12399,0.89905,0.02373,0.99000
2,0.0000,wave,0.19915,-0.50453,-0.00086,0.99000,-0.19637,-0.49794,-0.00260,0.99000,0.22716,-0.20594,0.00804,0.99000,-0.23270,-0.20599,0.00609,0.99000,0.21952,0.06929,-0.00025,0.99000,-0.21894,0.07524,-0.00697,0.99000,0.11723,-0.00382,0.00023,0.99000,-0.12457,-0.00210,-0.00232,0.99000,0.11808,0.44847,0.00058,0.99000,-0.12763,0.45446,0.00305,0.99000,0.12296,0.89843,0.02327,0.99000,-0.12200,0.89975,0.02124,0.99000
2,0.0500,wave,0.20563,-0.50152,-0.00068,0.99000,-0.20148,-0.49854,-0.00228,0.99000,0.22970,-0.21022,0.00037,0.99000,-0.22652,-0.20117,-0.00187,0.99000,0.21542,0.06761,-0.00143,0.99000,-0.23012,0.07051,-0.00077,0.99000,0.12810,-0.00033,0.00579,0.99000,-0.12313,-0.00453,-0.00124,0.99000,0.13017,0.45132,-0.00057,0.99000,-0.12725,0.44807,0.00101,0.99000,0.12729,0.89596,0.01453,0.99000,-0.12148,0.90229,0.02373,0.99000
2,0.1000,wave,0.20283,-0.49561,-0.00480,0.99000,-0.19807,-0.49884,0.00094,0.99000,0.23350,-0.19897,0.00229,0.99000,-0.23697,-0.20149,-0.00216,0.99000,0.22079,0.07028,-0.00348,0.99000,-0.24322,0.06846,0.00373,0.99000,0.12540,0.00341,0.00586,0.99000,-0.13027,-0.00263,-0.00376,0.99000,0.12267,0.45060,0.00483,0.99000,-0.12154,0.45395,0.00003,0.99000,0.12049,0.90226,0.02577,0.99000,-0.12672,0.89332,0.02395,0.99000
2,0.1500,wave,0.19308,-0.49741,-0.00725,0.99000,-0.19072,-0.49988,-0.00194,0.99000,0.21962,-0.20017,0.00575,0.99000,-0.26477,-0.21202,-0.00122,0.99000,0.22216,0.07248,0.00057,0.99000,-0.27626,0.06541,-0.00328,0.99000,0.12088,-0.00761,0.00492,0.99000,-0.12756,-0.00201,0.00435,0.99000,0.13094,0.44763,0.00292,0.99000,-0.12369,0.44779,-0.00346,0.99000,0.12679,0.90161,0.01940,0.99000,-0.12228,0.89784,0.02317,0.99000
2,0.2000,wave,0.20206,-0.49575,-0.00684,0.99000,-0.19903,-0.49925,0.00246,0.99000,0.22852,-0.19524,-0.00041,0.99000,-0.29087,-0.21133,0.00456,0.99000,0.21982,0.06789,0.00063,0.99000,-0.31757,0.06408,-0.00897,0.99000,0.12249,-0.00174,0.00394,0.99000,-0.12240,-0.00324,0.00319,0.99000,0.12422,0.45181,0.00745,0.99000,-0.12141,0.45713,0.00122,0.99000,0.12763,0.90162,0.02169,0.99000,-0.12901,0.90325,0.02670,0.99000
2,0.2500,wave,0.19787,-0.49837,-0.00504,0.99000,-0.20523,-0.50013,0.00461,0.99000,0.22495,-0.20261,0.00228,0.99000,-0.31639,-0.22681,-0.00256,0.99000,0.22138,0.06822,0.00873,0.99000,-0.36151,0.04589,0.00196,0.99000,0.12121,-0.00164,0.01032,0.99000,-0.12022,-0.00202,-0.00583,0.99000,0.12758,0.44596,-0.00566,0.99000,-0.12107,0.45004,0.00135,0.99000,0.12494,0.89997,0.01913,0.99000,-0.12678,0.89806,0.02492,0.99000
2,0.3000,wave,0.20261,-0.49975,-0.00115,0.99000,-0.19679,-0.49937,0.00002,0.99000,0.23362,-0.20046,0.00333,0.99000,-0.34484,-0.24075,-0.00164,0.99000,0.22751,0.05936,-0.00671,0.99000,-0.39685,0.02600,-0.00167,0.99000,0.12511,0.00160,-0.00322,0.99000,-0.12048,0.00124,-0.00256,0.99000,0.12287,0.44848,0.00060,0.99000,-0.12381,0.44334,0.00763,0.99000,0.12929,0.89449,0.02373,0.99000,-0.12683,0.89853,0.02284,0.99000
2,0.3500,wave,0.19948,-0.49336,0.00163,0.99000,-0.20558,-0.49928,-0.00725,0.99000,0.23146,-0.19815,0.00488,0.99000,-0.37991,-0.26487,-0.00207,0.99000,0.22263,0.06954,0.00171,0.99000,-0.43063,0.01112,0.00522,0.99000,0.12269,0.00442,0.00547,0.99000,-0.12448,0.00461,-0.00240,0.99000,0.11973,0.45076,0.00655,0.99000,-0.11748,0.44447,0.00099,0.99000,0.13032,0.90118,0.01761,0.99000,-0.12570,0.89297,0.02846,0.99000
2,0.4000,wave,0.20115,-0.50036,0.00492,0.99000,-0.19610,-0.50731,-0.00413,0.99000,0.23851,-0.20887,0.00293,0.99000,-0.41203,-0.28530,-0.00405,0.99000,0.22507,0.06907,0.00471,0.99000,-0.45863,-0.01355,0.00398,0.99000,0.12278,0.00141,-0.00182,0.99000,-0.11838,-0.00062,0.00391,0.99000,0.12607,0.45130,-0.00205,0.99000,-0.12704,0.45328,-0.00413,0.99000,0.12445,0.89473,0.01755,0.99000,-0.12003,0.89953,0.02582,0.99000
2,0.4500,wave,0.19961,-0.50079,-0.00049,0.99000,-0.20435,-0.50086,0.00815,0.99000,0.22380,-0.20463,0.00783,0.99000,-0.44656,-0.30499,-0.00333,0.99000,0.21057,0.07602,0.00158,0.99000,-0.47427,-0.04728,0.00265,0.99000,0.12293,-0.00850,0.00161,0.99000,-0.12169,-0.00337,-0.00237,0.99000,0.12788,0.44818,0.00264,0.99000,-0.12213,0.45213,-0.00116,0.99000,0.12537,0.90466,0.02913,0.99000,-0.12245,0.89104,0.03074,0.99000
2,0.5000,wave,0.19496,-0.50282,-0.00654,0.99000,-0.20336,-0.49960,-0.00208,0.99000,0.22469,-0.20540,-0.00333,0.99000,-0.46196,-0.34812,0.00699,0.99000,0.21830,0.06676,0.00745,0.99000,-0.49832,-0.07783,-0.00065,0.99000,0.12512,0.00124,-0.00147,0.99000,-0.12929,-0.00088,0.00805,0.99000,0.12819,0.44876,-0.00068,0.99000,-0.12663,0.45283,-0.00338,0.99000,0.12363,0.89960,0.02281,0.99000,-0.12437,0.89546,0.02157,0.99000
2,0.5500,wave,0.19773,-0.49549,0.00021,0.99000,-0.20158,-0.50418,0.00021,0.99000,0.23154,-0.20063,0.00147,0.99000,-0.48382,-0.38346,0.00113,0.99000,0.22227,0.06802,-0.00142,0.99000,-0.51155,-0.11637,0.00003,0.99000,0.12722,-0.00079,0.00412,0.99000,-0.13501,-0.00176,0.00146,0.99000,0.11988,0.45104,0.00418,0.99000,-0.12166,0.44763,-0.00291,0.99000,0.12588,0.89565,0.01980,0.99000,-0.12392,0.89732,0.02411,0.99000
2,0.6000,wave,0.19890,-0.49738,-0.00018,0.99000,-0.20061,-0.50141,0.00299,0.99000,0.22984,-0.20483,0.00091,0.99000,-0.48788,-0.42437,0.00184,0.99000,0.22262,0.06851,0.00236,0.99000,-0.54542,-0.16278,0.00154,0.99000,0.12478,0.00220,-0.00212,0.99000,-0.11424,-0.00418,0.00285,0.99000,0.12910,0.45010,-0.00114,0.99000,-0.12560,0.44985,0.00020,0.99000,0.13000,0.90140,0.02764,0.99000,-0.12136,0.89699,0.02622,0.99000
2,0.6500,wave,0.20018,-0.49262,0.00502,0.99000,-0.19480,-0.50962,-0.00337,0.99000,0.23460,-0.19246,-0.00286,0.99000,-0.49859,-0.45899,-0.00308,0.99000,0.22163,0.06834,0.00375,0.99000,-0.57899,-0.20511,-0.00467,0.99000,0.12773,0.00532,0.00329,0.99000,-0.12712,-0.00504,0.00139,0.99000,0.12977,0.45337,0.00805,0.99000,-0.12407,0.45487,-0.00449,0.99000,0.12407,0.90566,0.02526,0.99000,-0.11545,0.90328,0.02406,0.99000
2,0.7000,wave,0.19748,-0.49955,-0.00473,0.99000,-0.20081,-0.50156,-0.00352,0.99000,0.23034,-0.20337,-0.00171,0.99000,-0.49498,-0.49728,-0.00113,0.99000,0.21146,0.06877,0.00586,0.99000,-0.62772,-0.25838,0.00455,0.99000,0.12069,0.00347,-0.00329,0.99000,-0.12252,0.00760,-0.01265,0.99000,0.12052,0.44444,-0.00531,0.99000,-0.12610,0.44197,0.00456,0.99000,0.12710,0.89597,0.03033,0.99000,-0.11837,0.89944,0.02213,0.99000
2,0.7500,wave,0.19402,-0.49973,-0.00009,0.99000,-0.19518,-0.50046,-0.00010,0.99000,0.23349,-0.20009,0.00385,0.99000,-0.50203,-0.52035,-0.00137,0.99000,0.21764,0.06973,0.00104,0.99000,-0.68197,-0.31994,-0.00327,0.99000,0.11801,-0.00223,-0.00368,0.99000,-0.12698,0.00115,0.00522,0.99000,0.12757,0.44130,0.00886,0.99000,-0.12094,0.45372,0.00517,0.99000,0.11968,0.89674,0.02201,0.99000,-0.12290,0.89329,0.02090,0.99000
2,0.8000,wave,0.19729,-0.50439,0.00028,0.99000,-0.19732,-0.50337,-0.00598,0.99000,0.22649,-0.20417,0.00060,0.99000,-0.49060,-0.55270,-0.00090,0.99000,0.22531,0.06976,-0.00494,0.99000,-0.70913,-0.38826,-0.00131,0.99000,0.12512,-0.00467,0.00619,0.99000,-0.13333,-0.00208,0.00252,0.99000,0.11950,0.45398,0.00351,0.99000,-0.12388,0.44782,-0.00397,0.99000,0.12145,0.90061,0.01980,0.99000,-0.12765,0.90559,0.01592,0.99000
2,0.8500,wave,0.20394,-0.50514,-0.00157,0.99000,-0.20082,-0.50428,-0.00038,0.99000,0.22847,-0.20198,-0.00016,0.99000,-0.49549,-0.57286,-0.00464,0.99000,0.22553,0.07036,0.00190,0.99000,-0.73477,-0.44462,0.00224,0.99000,0.12732,0.00361,-0.00493,0.99000,-0.13459,-0.00706,0.00020,0.99000,0.12128,0.44910,-0.00374,0.99000,-0.12550,0.45333,-0.00556,0.99000,0.12810,0.89981,0.02493,0.99000,-0.11998,0.89994,0.01730,0.99000
2,0.9000,wave,0.20755,-0.50240,0.00145,0.99000,-0.20038,-0.50349,0.00003,0.99000,0.22829,-0.20718,-0.00761,0.99000,-0.48704,-0.59091,-0.00609,0.99000,0.22417,0.06875,-0.00181,0.99000,-0.74498,-0.48362,0.00267,0.99000,0.12925,-0.00020,0.00165,0.99000,-0.12416,-0.00603,-0.00063,0.99000,0.12963,0.45169,0.00124,0.99000,-0.12494,0.44966,-0.00241,0.99000,0.11530,0.89259,0.01772,0.99000,-0.12621,0.90467,0.02080,0.99000
2,0.9500,wave,0.19808,-0.50602,0.00556,0.99000,-0.20137,-0.49407,-0.00293,0.99000,0.22688,-0.20909,0.00035,0.99000,-0.48753,-0.59607,0.00675,0.99000,0.21682,0.06666,-0.00632,0.99000,-0.74516,-0.50981,-0.00308,0.99000,0.12528,0.00541,0.00151,0.99000,-0.12088,-0.00143,0.00567,0.99000,0.13287,0.45368,0.00027,0.99000,-0.12472,0.44392,0.00614,0.99000,0.12631,0.89024,0.02108,0.99000,-0.12598,0.89666,0.02215,0.99000
2,1.0000,wave,0.19570,-0.50873,0.00196,0.99000,-0.20179,-0.50702,0.00028,0.99000,0.23233,-0.19490,-0.00593,0.99000,-0.47927,-0.60102,0.00020,0.99000,0.21855,0.06915,-0.00473,0.99000,-0.73196,-0.48343,0.00210,0.99000,0.12384,-0.00295,0.00741,0.99000,-0.12598,0.00410,-0.00375,0.99000,0.12314,0.44279,0.00348,0.99000,-0.11942,0.45398,0.00191,0.99000,0.12480,0.89327,0.01798,0.99000,-0.12385,0.90483,0.02044,0.99000
2,1.0500,wave,0.20201,-0.49917,0.00172,0.99000,-0.20196,-0.50786,-0.00248,0.99000,0.23363,-0.20419,-0.00325,0.99000,-0.48653,-0.59379,0.00159,0.99000,0.21566,0.06512,0.00182,0.99000,-0.71589,-0.44667,0.00193,0.99000,0.13170,0.00065,0.00889,0.99000,-0.12709,-0.00598,-0.00748,0.99000,0.12521,0.45307,0.00324,0.99000,-0.11980,0.44785,0.00268,0.99000,0.12919,0.89897,0.03023,0.99000,-0.12311,0.89529,0.02262,0.99000
2,1.1000,wave,0.20299,-0.49348,-0.00072,0.99000,-0.20336,-0.49894,-0.00964,0.99000,0.22791,-0.20086,-0.00077,0.99000,-0.48456,-0.60154,-0.00054,0.99000,0.21865,0.06996,0.00259,0.99000,-0.68690,-0.40456,-0.00104,0.99000,0.12261,0.00113,-0.00270,0.99000,-0.12987,0.00123,0.00345,0.99000,0.12661,0.45503,0.00508,0.99000,-0.12445,0.45670,0.00238,0.99000,0.12490,0.89549,0.01528,0.99000,-0.12640,0.90028,0.02529,0.99000
2,1.1500,wave,0.19677,-0.50630,0.00415,0.99000,-0.20344,-0.49870,0.00050,0.99000,0.23642,-0.19826,0.00128,0.99000,-0.48411,-0.58593,-0.00265,0.99000,0.21660,0.06682,0.00779,0.99000,-0.63857,-0.37066,0.00109,0.99000,0.11919,0.00253,-0.00141,0.99000,-0.12343,-0.00190,0.00106,0.99000,0.12414,0.45516,-0.00144,0.99000,-0.12822,0.44416,0.00644,0.99000,0.11905,0.89828,0.02209,0.99000,-0.12532,0.89345,0.02098,0.99000
2,1.2000,wave,0.20193,-0.49991,-0.00474,0.99000,-0.20587,-0.50036,0.00096,0.99000,0.22418,-0.19222,0.00020,0.99000,-0.48200,-0.59285,0.00225,0.99000,0.22366,0.06116,0.00238,0.99000,-0.59928,-0.35425,0.00434,0.99000,0.13215,0.00742,0.00640,0.99000,-0.13547,0.00017,-0.00372,0.99000,0.12812,0.44935,0.00545,0.99000,-0.12397,0.44289,0.00065,0.99000,0.12702,0.89529,0.01971,0.99000,-0.11356,0.89808,0.02335,0.99000
2,1.2500,wave,0.19252,-0.49838,-0.00262,0.99000,-0.19491,-0.50440,-0.00124,0.99000,0.22457,-0.20343,0.00451,0.99000,-0.48473,-0.59098,0.00147,0.99000,0.21905,0.06550,-0.00049,0.99000,-0.56343,-0.33753,-0.00574,0.99000,0.12780,0.00599,-0.00176,0.99000,-0.12810,0.00259,0.00410,0.99000,0.12140,0.44950,0.00616,0.99000,-0.12680,0.45195,-0.00031,0.99000,0.12529,0.89608,0.02492,0.99000,-0.12494,0.89498,0.02828,0.99000
2,1.3000,wave,0.19928,-0.50187,-0.00255,0.99000,-0.19465,-0.50220,0.00054,0.99000,0.23249,-0.20535,-0.00101,0.99000,-0.49101,-0.59264,-0.00030,0.99000,0.21759,0.07045,0.00685,0.99000,-0.55416,-0.32867,0.00109,0.99000,0.11779,0.00351,-0.00290,0.99000,-0.13044,-0.00281,-0.00296,0.99000,0.12310,0.45246,0.00652,0.99000,-0.12421,0.44522,-0.00103,0.99000,0.12746,0.89890,0.02060,0.99000,-0.12550,0.90423,0.02716,0.99000
2,1.3500,wave,0.20078,-0.49726,-0.00537,0.99000,-0.20633,-0.50663,0.00260,0.99000,0.23031,-0.20748,0.00273,0.99000,-0.48561,-0.59259,0.00109,0.99000,0.21622,0.06526,-0.00271,0.99000,-0.55666,-0.33456,-0.00354,0.99000,0.12845,0.00759,-0.00121,0.99000,-0.13033,-0.00217,-0.00339,0.99000,0.12541,0.44713,-0.00258,0.99000,-0.12369,0.44779,0.00237,0.99000,0.12758,0.90075,0.02079,0.99000,-0.11755,0.89464,0.02463,0.99000
2,1.4000,wave,0.19391,-0.50423,0.00391,0.99000,-0.20298,-0.50193,0.00823,0.99000,0.22521,-0.20044,-0.00207,0.99000,-0.48475,-0.58817,0.00037,0.99000,0.21916,0.06701,0.00131,0.99000,-0.58436,-0.33551,0.00116,0.99000,0.11866,0.00579,0.00400,0.99000,-0.12093,-0.00391,-0.00934,0.99000,0.11632,0.45178,0.00369,0.99000,-0.13033,0.44720,-0.00104,0.99000,0.12429,0.89937,0.02787,0.99000,-0.12508,0.90424,0.01858,0.99000
2,1.4500,wave,0.20004,-0.50153,0.00879,0.99000,-0.20020,-0.49942,-0.00186,0.99000,0.22614,-0.19650,0.00551,0.99000,-0.48612,-0.59654,-0.00398,0.99000,0.21952,0.06936,-0.00590,0.99000,-0.62462,-0.35551,0.00266,0.99000,0.13073,-0.00119,0.00735,0.99000,-0.11933,0.00116,-0.00291,0.99000,0.12551,0.45556,0.00240,0.99000,-0.12207,0.45021,-0.00712,0.99000,0.12991,0.89794,0.02520,0.99000,-0.13449,0.89614,0.02637,0.99000
2,1.5000,wave,0.20228,-0.49935,-0.00160,0.99000,-0.20077,-0.50081,-0.00324,0.99000,0.22747,-0.19512,-0.00303,0.99000,-0.49351,-0.59443,0.00011,0.99000,0.21659,0.06653,0.00105,0.99000,-0.66323,-0.39370,-0.00807,0.99000,0.12545,0.00115,-0.00329,0.99000,-0.12635,0.00437,0.00111,0.99000,0.12272,0.44766,-0.00372,0.99000,-0.12020,0.44392,-0.00171,0.99000,0.12534,0.89624,0.02744,0.99000,-0.12545,0.90173,0.01417,0.99000
2,1.5500,wave,0.21069,-0.49915,0.00512,0.99000,-0.20139,-0.49525,-0.00235,0.99000,0.23029,-0.19896,-0.00429,0.99000,-0.48338,-0.59494,0.01133,0.99000,0.22248,0.07528,0.00216,0.99000,-0.69907,-0.42403,-0.00440,0.99000,0.12774,0.00683,-0.00204,0.99000,-0.12062,0.00309,-0.00316,0.99000,0.12509,0.45648,-0.00814,0.99000,-0.12729,0.45326,-0.00016,0.99000,0.12138,0.90249,0.02263,0.99000,-0.11865,0.90677,0.02272,0.99000
2,1.6000,wave,0.20224,-0.49944,0.00405,0.99000,-0.20036,-0.49473,-0.00105,0.99000,0.22408,-0.20600,-0.00019,0.99000,-0.48587,-0.59788,-0.00432,0.99000,0.22046,0.06930,0.00277,0.99000,-0.73132,-0.45870,-0.00142,0.99000,0.12820,0.00417,-0.00011,0.99000,-0.11745,0.00549,-0.00397,0.99000,0.12502,0.45253,0.00007,0.99000,-0.12314,0.44905,0.00439,0.99000,0.13303,0.90249,0.02606,0.99000,-0.12541,0.90462,0.02293,0.99000
2,1.6500,wave,0.20440,-0.50444,-0.00132,0.99000,-0.20174,-0.50598,-0.00092,0.99000,0.22688,-0.19967,0.00138,0.99000,-0.48084,-0.59058,-0.00357,0.99000,0.21147,0.07216,-0.00246,0.99000,-0.73768,-0.49725,-0.00458,0.99000,0.12629,0.00295,0.00072,0.99000,-0.12409,0.00597,0.00915,0.99000,0.12933,0.45322,-0.00311,0.99000,-0.12357,0.44953,-0.00333,0.99000,0.12241,0.90313,0.02635,0.99000,-0.12140,0.90662,0.02213,0.99000
2,1.7000,wave,0.19811,-0.50727,0.00679,0.99000,-0.20587,-0.50152,0.00674,0.99000,0.22805,-0.20125,0.00155,0.99000,-0.48625,-0.59041,0.00142,0.99000,0.21800,0.06841,0.00065,0.99000,-0.73696,-0.50348,0.00384,0.99000,0.12714,0.00463,-0.00411,0.99000,-0.12503,-0.00294,0.00211,0.99000,0.12451,0.45173,0.00482,0.99000,-0.12467,0.44881,0.00332,0.99000,0.12099,0.89684,0.02808,0.99000,-0.11898,0.90019,0.02008,0.99000
2,1.7500,wave,0.20186,-0.50629,0.00271,0.99000,-0.20263,-0.49940,0.00058,0.99000,0.23095,-0.20242,0.00161,0.99000,-0.49061,-0.58761,-0.00122,0.99000,0.21956,0.07169,0.00329,0.99000,-0.73889,-0.48635,0.01060,0.99000,0.13063,-0.00196,0.00016,0.99000,-0.11871,0.00027,0.00342,0.99000,0.12807,0.44931,0.00661,0.99000,-0.13296,0.44396,-0.00849,0.99000,0.12741,0.89892,0.02213,0.99000,-0.11970,0.89421,0.02348,0.99000
2,1.8000,wave,0.20078,-0.49990,-0.00021,0.99000,-0.20257,-0.49591,-0.00337,0.99000,0.22767,-0.20950,0.00578,0.99000,-0.49006,-0.58684,-0.00126,0.99000,0.22468,0.07067,0.00450,0.99000,-0.72470,-0.46082,0.01085,0.99000,0.11871,0.00289,0.00068,0.99000,-0.13013,0.00204,0.00349,0.99000,0.12787,0.44635,0.01012,0.99000,-0.12389,0.44821,-0.00042,0.99000,0.11853,0.89669,0.02998,0.99000,-0.13015,0.89776,0.02504,0.99000
2,1.8500,wave,0.20244,-0.50176,-0.00122,0.99000,-0.20609,-0.50228,0.00902,0.99000,0.23848,-0.20828,0.00204,0.99000,-0.48118,-0.59603,-0.00146,0.99000,0.22083,0.06510,-0.00037,0.99000,-0.69927,-0.42292,0.00504,0.99000,0.12654,-0.00084,0.00782,0.99000,-0.12010,-0.00208,-0.00190,0.99000,0.12363,0.45269,-0.00619,0.99000,-0.13313,0.44904,0.00128,0.99000,0.12943,0.89682,0.02197,0.99000,-0.12534,0.89131,0.01618,0.99000
2,1.9000,wave,0.20087,-0.49311,-0.00312,0.99000,-0.19879,-0.50042,-0.00044,0.99000,0.22981,-0.20466,0.00391,0.99000,-0.49453,-0.59066,0.00075,0.99000,0.22207,0.07098,0.00188,0.99000,-0.64930,-0.38269,0.00543,0.99000,0.12132,0.00270,0.00271,0.99000,-0.13400,0.00907,0.00030,0.99000,0.12898,0.44546,0.00426,0.99000,-0.12439,0.44682,-0.00186,0.99000,0.12672,0.89532,0.01641,0.99000,-0.12671,0.90550,0.02291,0.99000
2,1.9500,wave,0.19627,-0.49624,0.00344,0.99000,-0.20370,-0.49319,-0.00098,0.99000,0.22876,-0.19439,0.00127,0.99000,-0.48892,-0.59167,0.00268,0.99000,0.21991,0.07283,0.00220,0.99000,-0.61910,-0.35524,0.00384,0.99000,0.12864,0.00104,0.00263,0.99000,-0.13060,0.00061,-0.00187,0.99000,0.12928,0.45207,-0.00240,0.99000,-0.12720,0.45399,-0.00429,0.99000,0.13129,0.90253,0.02236,0.99000,-0.12807,0.89965,0.02082,0.99000
2,2.0000,wave,0.19556,-0.50182,-0.00124,0.99000,-0.19927,-0.50027,0.00724,0.99000,0.22952,-0.20215,-0.00357,0.99000,-0.48658,-0.59575,0.00503,0.99000,0.21781,0.07309,-0.00821,0.99000,-0.58010,-0.33651,-0.00423,0.99000,0.12525,0.00589,0.00247,0.99000,-0.12653,-0.00298,0.00256,0.99000,0.12124,0.45085,-0.00113,0.99000,-0.12609,0.44389,-0.00147,0.99000,0.12642,0.89916,0.02394,0.99000,-0.12792,0.89577,0.01330,0.99000
2,2.0500,wave,0.19656,-0.50346,0.00024,0.99000,-0.19693,-0.48841,0.00133,0.99000,0.23325,-0.20626,-0.00271,0.99000,-0.48575,-0.59253,-0.00034,0.99000,0.21814,0.07373,-0.00346,0.99000,-0.54819,-0.33806,0.00375,0.99000,0.12687,0.00685,0.00940,0.99000,-0.12967,-0.00542,-0.00488,0.99000,0.12496,0.44988,-0.00084,0.99000,-0.12245,0.44876,-0.00175,0.99000,0.12211,0.88912,0.02758,0.99000,-0.12851,0.90187,0.02427,0.99000
2,2.1000,wave,0.19621,-0.50238,0.00257,0.99000,-0.20193,-0.50304,0.00511,0.99000,0.23134,-0.19990,-0.00389,0.99000,-0.47717,-0.59043,0.00153,0.99000,0.21862,0.07075,0.00146,0.99000,-0.55673,-0.32711,0.00081,0.99000,0.11716,-0.00622,0.00319,0.99000,-0.12138,-0.00712,-0.00082,0.99000,0.12537,0.45111,-0.00151,0.99000,-0.12597,0.44859,-0.00767,0.99000,0.12669,0.89997,0.02341,0.99000,-0.12633,0.89244,0.02422,0.99000
2,2.1500,wave,0.19394,-0.50134,0.00097,0.99000,-0.20083,-0.50990,0.00097,0.99000,0.22876,-0.20302,0.00616,0.99000,-0.48351,-0.59102,0.00020,0.99000,0.22107,0.06205,-0.00134,0.99000,-0.57105,-0.34381,0.00259,0.99000,0.12568,0.00261,-0.00325,0.99000,-0.13056,-0.00669,0.00082,0.99000,0.12655,0.44812,0.00463,0.99000,-0.13171,0.44180,0.00244,0.99000,0.11548,0.89285,0.02743,0.99000,-0.12755,0.90019,0.02497,0.99000
2,2.2000,wave,0.19553,-0.50242,-0.00332,0.99000,-0.18891,-0.49301,0.00364,0.99000,0.22648,-0.19828,-0.00244,0.99000,-0.48472,-0.58979,0.00070,0.99000,0.21062,0.07086,-0.00687,0.99000,-0.61412,-0.35167,-0.00288,0.99000,0.11539,0.00148,-0.00497,0.99000,-0.12073,-0.00044,-0.00077,0.99000,0.12093,0.44450,0.00182,0.99000,-0.12467,0.44911,0.00041,0.99000,0.13264,0.90808,0.02542,0.99000,-0.12403,0.90690,0.02765,0.99000
2,2.2500,wave,0.20138,-0.49376,-0.00211,0.99000,-0.20031,-0.50345,-0.00387,0.99000,0.23636,-0.19444,0.00278,0.99000,-0.48338,-0.59173,-0.00061,0.99000,0.22493,0.06869,0.00026,0.99000,-0.64528,-0.37961,0.00235,0.99000,0.12045,0.00354,-0.00580,0.99000,-0.12254,-0.00126,-0.00399,0.99000,0.12741,0.44953,0.00347,0.99000,-0.12444,0.44940,0.00064,0.99000,0.12351,0.89985,0.01673,0.99000,-0.12700,0.90137,0.02284,0.99000
2,2.3000,wave,0.20065,-0.49487,-0.00426,0.99000,-0.19791,-0.50261,-0.00243,0.99000,0.22980,-0.20112,-0.00198,0.99000,-0.48670,-0.59200,-0.00062,0.99000,0.22942,0.07269,-0.00554,0.99000,-0.68275,-0.41137,-0.00510,0.99000,0.12712,-0.00029,0.00083,0.99000,-0.13101,-0.00108,0.00469,0.99000,0.12221,0.44933,-0.00017,0.99000,-0.12437,0.45013,-0.00205,0.99000,0.12494,0.89247,0.02172,0.99000,-0.13469,0.90472,0.02111,0.99000
2,2.3500,wave,0.20013,-0.49503,-0.00151,0.99000,-0.20443,-0.50009,0.00157,0.99000,0.22799,-0.20169,0.00034,0.99000,-0.48713,-0.59548,-0.00397,0.99000,0.21931,0.06516,-0.00410,0.99000,-0.71298,-0.45157,-0.00299,0.99000,0.12690,-0.00507,-0.00039,0.99000,-0.12551,0.00416,-0.00016,0.99000,0.12309,0.45179,-0.01034,0.99000,-0.12127,0.45404,-0.00157,0.99000,0.13276,0.90639,0.01673,0.99000,-0.12898,0.89824,0.02466,0.99000
2,2.4000,wave,0.19650,-0.49760,0.00203,0.99000,-0.19852,-0.50444,0.00318,0.99000,0.23422,-0.20796,-0.00265,0.99000,-0.48645,-0.58919,-0.00234,0.99000,0.21835,0.06816,0.00399,0.99000,-0.73535,-0.49146,0.00376,0.99000,0.12115,-0.00456,-0.00040,0.99000,-0.12597,0.00151,-0.00107,0.99000,0.12004,0.44209,0.00048,0.99000,-0.12518,0.44303,0.00271,0.99000,0.12571,0.90104,0.03214,0.99000,-0.12438,0.90240,0.02011,0.99000
2,2.4500,wave,0.19715,-0.50329,0.00226,0.99000,-0.20326,-0.49956,0.00142,0.99000,0.23177,-0.20358,0.00187,0.99000,-0.48510,-0.59279,-0.00164,0.99000,0.21819,0.07054,0.00097,0.99000,-0.73637,-0.50295,0.00345,0.99000,0.12087,0.00899,-0.00609,0.99000,-0.11966,0.00446,0.00872,0.99000,0.12592,0.45071,0.00486,0.99000,-0.12764,0.44908,-0.00155,0.99000,0.11802,0.90042,0.02013,0.99000,-0.12184,0.90189,0.02333,0.99000
2,2.5000,wave,0.20042,-0.49688,-0.00088,0.99000,-0.20206,-0.50142,0.00288,0.99000,0.23144,-0.19643,0.00305,0.99000,-0.49177,-0.59240,0.00071,0.99000,0.21786,0.06453,-0.00134,0.99000,-0.73926,-0.50074,0.00583,0.99000,0.12242,0.00366,-0.00058,0.99000,-0.12784,-0.00056,-0.00099,0.99000,0.11926,0.44842,-0.00369,0.99000,-0.12810,0.45851,-0.00579,0.99000,0.12381,0.89683,0.01878,0.99000,-0.12510,0.90483,0.02830,0.99000
2,2.5500,wave,0.19310,-0.49157,0.00186,0.99000,-0.19949,-0.49875,0.00173,0.99000,0.22914,-0.19780,0.00121,0.99000,-0.47988,-0.59125,0.00379,0.99000,0.21847,0.07096,0.00072,0.99000,-0.73158,-0.47641,-0.00321,0.99000,0.12538,0.00142,-0.00191,0.99000,-0.13391,-0.00047,0.00704,0.99000,0.13031,0.45037,-0.00552,0.99000,-0.13215,0.45381,-0.00027,0.99000,0.12541,0.88859,0.02132,0.99000,-0.12723,0.89641,0.01990,0.99000
2,2.6000,wave,0.19967,-0.50112,-0.00352,0.99000,-0.20470,-0.50440,0.00431,0.99000,0.22979,-0.19977,0.00217,0.99000,-0.48225,-0.58991,-0.00279,0.99000,0.21137,0.07044,-0.00256,0.99000,-0.70264,-0.43810,0.00215,0.99000,0.12797,-0.00013,-0.00366,0.99000,-0.12381,-0.00232,-0.00114,0.99000,0.12924,0.45253,-0.00350,0.99000,-0.12486,0.44594,-0.00730,0.99000,0.12463,0.90294,0.02100,0.99000,-0.11892,0.90176,0.02138,0.99000
2,2.6500,wave,0.20049,-0.50623,0.00310,0.99000,-0.19184,-0.49585,0.00387,0.99000,0.23000,-0.19733,0.00229,0.99000,-0.48658,-0.59502,-0.00129,0.99000,0.21625,0.06676,0.00084,0.99000,-0.66858,-0.39239,0.00192,0.99000,0.12602,0.00002,-0.00543,0.99000,-0.12849,0.00657,-0.00018,0.99000,0.12161,0.44636,0.00343,0.99000,-0.12388,0.45242,0.00028,0.99000,0.12004,0.90807,0.02686,0.99000,-0.13140,0.89463,0.01920,0.99000
2,2.7000,wave,0.20119,-0.50648,-0.00183,0.99000,-0.20559,-0.50185,-0.00034,0.99000,0.22615,-0.19679,-0.00483,0.99000,-0.48763,-0.59618,-0.00348,0.99000,0.21477,0.06912,-0.00125,0.99000,-0.63333,-0.36443,-0.00412,0.99000,0.12877,-0.00209,0.00054,0.99000,-0.12761,-0.00043,0.00739,0.99000,0.12395,0.45538,0.00972,0.99000,-0.12589,0.44825,-0.00085,0.99000,0.12237,0.89861,0.01707,0.99000,-0.12186,0.89081,0.01775,0.99000
2,2.7500,wave,0.19772,-0.50558,0.00335,0.99000,-0.20038,-0.50325,0.00189,0.99000,0.23193,-0.19569,-0.00060,0.99000,-0.48368,-0.58561,0.00139,0.99000,0.21604,0.06297,-0.00193,0.99000,-0.58913,-0.35014,-0.00212,0.99000,0.12752,0.00382,-0.00137,0.99000,-0.12949,0.00033,-0.00366,0.99000,0.12254,0.45100,-0.00506,0.99000,-0.12039,0.44638,-0.00700,0.99000,0.12442,0.90273,0.02290,0.99000,-0.12042,0.89936,0.01758,0.99000
2,2.8000,wave,0.19712,-0.49671,0.00491,0.99000,-0.21196,-0.50548,0.00843,0.99000,0.23318,-0.19957,-0.00025,0.99000,-0.48776,-0.59663,-0.00811,0.99000,0.21976,0.07200,-0.00298,0.99000,-0.57366,-0.33072,0.00196,0.99000,0.12678,-0.00533,0.00153,0.99000,-0.11690,0.00872,0.00262,0.99000,0.12324,0.45179,-0.00066,0.99000,-0.12855,0.44479,0.00284,0.99000,0.13201,0.90068,0.02966,0.99000,-0.12575,0.89626,0.02675,0.99000
2,2.8500,wave,0.19458,-0.50390,0.00150,0.99000,-0.20147,-0.50087,0.00087,0.99000,0.22711,-0.20291,-0.00070,0.99000,-0.48418,-0.59070,-0.00604,0.99000,0.22149,0.06206,-0.00408,0.99000,-0.54246,-0.33111,0.00063,0.99000,0.12749,-0.00037,-0.00107,0.99000,-0.12485,-0.00703,-0.00615,0.99000,0.12502,0.45543,0.00239,0.99000,-0.12489,0.44770,-0.00451,0.99000,0.12794,0.89451,0.02567,0.99000,-0.11689,0.90483,0.02423,0.99000
2,2.9000,wave,0.19922,-0.50237,-0.00700,0.99000,-0.20221,-0.50733,0.00281,0.99000,0.23067,-0.19735,-0.00739,0.99000,-0.49081,-0.58926,0.00348,0.99000,0.21789,0.06870,0.00730,0.99000,-0.56129,-0.33787,-0.00069,0.99000,0.12824,0.00205,-0.00508,0.99000,-0.12577,-0.00146,-0.00037,0.99000,0.11683,0.45059,-0.01015,0.99000,-0.12547,0.44672,0.00810,0.99000,0.12608,0.90063,0.02131,0.99000,-0.12732,0.90549,0.01910,0.99000
2,2.9500,wave,0.20384,-0.49505,0.00267,0.99000,-0.20784,-0.50452,-0.00162,0.99000,0.22540,-0.21083,0.00322,0.99000,-0.48509,-0.59256,-0.00451,0.99000,0.21442,0.06350,0.00456,0.99000,-0.58901,-0.34823,-0.00460,0.99000,0.11751,-0.00693,0.00072,0.99000,-0.12275,0.00306,0.00531,0.99000,0.12570,0.45293,0.00151,0.99000,-0.12586,0.45494,-0.00267,0.99000,0.12455,0.89722,0.02870,0.99000,-0.12370,0.89937,0.02960,0.99000
2,3.0000,wave,0.20634,-0.50060,0.00253,0.99000,-0.20141,-0.49545,-0.00200,0.99000,0.23165,-0.19896,0.00567,0.99000,-0.48493,-0.59596,-0.00464,0.99000,0.22274,0.07211,-0.00198,0.99000,-0.63086,-0.36395,-0.00520,0.99000,0.11877,0.00091,-0.00194,0.99000,-0.12894,-0.00255,-0.00180,0.99000,0.11751,0.45213,-0.00471,0.99000,-0.12694,0.45227,-0.00110,0.99000,0.13483,0.90642,0.02368,0.99000,-0.12477,0.89746,0.02315,0.99000
2,3.0500,wave,0.19843,-0.50022,-0.00476,0.99000,-0.20024,-0.50149,0.00320,0.99000,0.22941,-0.20534,0.00034,0.99000,-0.48780,-0.59184,0.00283,0.99000,0.22198,0.06774,-0.00598,0.99000,-0.66815,-0.39726,0.00202,0.99000,0.12838,-0.00181,-0.00522,0.99000,-0.12892,0.00029,-0.00543,0.99000,0.12918,0.45077,-0.00560,0.99000,-0.12565,0.45120,0.00681,0.99000,0.13015,0.89646,0.02087,0.99000,-0.12560,0.89801,0.02817,0.99000
2,3.1000,wave,0.20470,-0.49582,0.00932,0.99000,-0.20406,-0.49592,0.00283,0.99000,0.22770,-0.20042,-0.00212,0.99000,-0.48945,-0.58658,0.00685,0.99000,0.21825,0.06417,-0.00068,0.99000,-0.70403,-0.43663,-0.00599,0.99000,0.12759,-0.00190,0.00486,0.99000,-0.12063,0.00258,0.00793,0.99000,0.11789,0.44913,-0.00425,0.99000,-0.13106,0.44777,0.00169,0.99000,0.12227,0.89747,0.02159,0.99000,-0.12400,0.90331,0.01433,0.99000
2,3.1500,wave,0.19733,-0.49685,0.00548,0.99000,-0.19219,-0.50233,-0.00191,0.99000,0.23767,-0.19911,0.00635,0.99000,-0.48349,-0.59106,0.00008,0.99000,0.21531,0.06136,0.00055,0.99000,-0.72395,-0.47354,-0.00117,0.99000,0.12350,-0.00038,0.00005,0.99000,-0.12698,0.00164,0.00106,0.99000,0.12749,0.44964,0.00082,0.99000,-0.12638,0.44798,-0.00105,0.99000,0.12087,0.90012,0.01984,0.99000,-0.12662,0.90197,0.01914,0.99000
2,3.2000,wave,0.20174,-0.49578,0.00274,0.99000,-0.19306,-0.49687,0.00441,0.99000,0.22287,-0.20217,0.00532,0.99000,-0.49086,-0.59514,0.00207,0.99000,0.21684,0.07114,0.00819,0.99000,-0.74344,-0.50122,-0.00366,0.99000,0.12740,0.00522,0.00230,0.99000,-0.13449,-0.00080,0.00102,0.99000,0.11626,0.44897,-0.00599,0.99000,-0.12646,0.44968,-0.00117,0.99000,0.12074,0.90116,0.02500,0.99000,-0.12331,0.90468,0.02327,0.99000
2,3.2500,wave,0.19982,-0.49762,-0.00439,0.99000,-0.20178,-0.49877,-0.00208,0.99000,0.23119,-0.21261,-0.00525,0.99000,-0.48589,-0.59039,-0.00234,0.99000,0.22128,0.06983,-0.00394,0.99000,-0.73553,-0.50508,0.00008,0.99000,0.12254,0.00201,0.00674,0.99000,-0.12291,0.00457,-0.00024,0.99000,0.12363,0.44932,-0.00370,0.99000,-0.11634,0.44630,0.00169,0.99000,0.12114,0.89793,0.01943,0.99000,-0.12062,0.90180,0.01904,0.99000
2,3.3000,wave,0.19771,-0.50409,-0.00270,0.99000,-0.20640,-0.49872,0.00151,0.99000,0.23380,-0.20434,-0.00735,0.99000,-0.49098,-0.58539,0.00304,0.99000,0.21922,0.07477,0.00170,0.99000,-0.73635,-0.48482,0.00245,0.99000,0.12123,0.00185,-0.00481,0.99000,-0.12771,-0.00119,-0.00101,0.99000,0.12489,0.45298,-0.00329,0.99000,-0.12554,0.44951,0.00363,0.99000,0.12308,0.90368,0.02774,0.99000,-0.13547,0.89926,0.02198,0.99000
2,3.3500,wave,0.20418,-0.50168,0.00533,0.99000,-0.20243,-0.49428,-0.00241,0.99000,0.23381,-0.19851,-0.00097,0.99000,-0.49702,-0.56613,-0.00169,0.99000,0.22623,0.07726,0.00582,0.99000,-0.71277,-0.42192,-0.00439,0.99000,0.12072,0.00238,-0.00382,0.99000,-0.12532,0.00065,-0.00193,0.99000,0.12330,0.44537,-0.00119,0.99000,-0.13012,0.44037,-0.00372,0.99000,0.12965,0.90079,0.02559,0.99000,-0.12058,0.89614,0.02175,0.99000
2,3.4000,wave,0.19780,-0.50396,-0.00281,0.99000,-0.20049,-0.49918,0.00003,0.99000,0.23460,-0.21069,0.00216,0.99000,-0.50151,-0.52966,0.00043,0.99000,0.21104,0.06546,-0.00458,0.99000,-0.68361,-0.32732,0.00680,0.99000,0.12319,0.00606,-0.00225,0.99000,-0.12840,-0.00266,0.00094,0.99000,0.12295,0.45313,0.00376,0.99000,-0.12233,0.44684,-0.00055,0.99000,0.12891,0.89742,0.02368,0.99000,-0.12304,0.89651,0.02711,0.99000
2,3.4500,wave,0.20337,-0.50157,-0.00135,0.99000,-0.19843,-0.49645,0.00165,0.99000,0.22540,-0.20445,-0.00486,0.99000,-0.49672,-0.47654,-0.00046,0.99000,0.21789,0.07349,-0.00523,0.99000,-0.62687,-0.23800,-0.00135,0.99000,0.12261,-0.00582,0.00849,0.99000,-0.12800,0.00824,0.00855,0.99000,0.13176,0.45705,0.00586,0.99000,-0.11541,0.44855,-0.00090,0.99000,0.12928,0.89118,0.02121,0.99000,-0.12789,0.89833,0.02282,0.99000
2,3.5000,wave,0.19571,-0.50569,-0.00181,0.99000,-0.19939,-0.49721,0.00457,0.99000,0.22709,-0.20266,-0.00525,0.99000,-0.48074,-0.41516,-0.00167,0.99000,0.21680,0.06952,0.00188,0.99000,-0.55754,-0.14937,-0.00314,0.99000,0.12987,0.00951,0.00568,0.99000,-0.12681,0.00472,-0.00880,0.99000,0.12934,0.45155,0.00295,0.99000,-0.12631,0.45422,-0.00318,0.99000,0.13137,0.89439,0.02662,0.99000,-0.13067,0.90459,0.02292,0.99000
2,3.5500,wave,0.19510,-0.50140,0.00046,0.99000,-0.20736,-0.49416,-0.00887,0.99000,0.22552,-0.20066,0.00101,0.99000,-0.45052,-0.34719,0.00074,0.99000,0.21626,0.06961,-0.00066,0.99000,-0.49618,-0.08395,-0.00220,0.99000,0.13024,-0.00764,0.00226,0.99000,-0.13013,-0.00297,-0.00332,0.99000,0.12545,0.44658,0.00421,0.99000,-0.12531,0.45542,-0.00183,0.99000,0.12700,0.90396,0.02167,0.99000,-0.12179,0.89976,0.02515,0.99000
2,3.6000,wave,0.19982,-0.49821,-0.00366,0.99000,-0.19990,-0.49581,0.00161,0.99000,0.23053,-0.20326,-0.00089,0.99000,-0.41965,-0.29414,0.00346,0.99000,0.22172,0.06351,-0.00257,0.99000,-0.43969,-0.01708,-0.00194,0.99000,0.12456,0.00108,-0.00822,0.99000,-0.12691,-0.00058,0.00126,0.99000,0.11863,0.44460,-0.00126,0.99000,-0.12170,0.45304,0.00126,0.99000,0.11388,0.89855,0.01899,0.99000,-0.12136,0.89933,0.02549,0.99000
2,3.6500,wave,0.19915,-0.50274,-0.00055,0.99000,-0.19908,-0.49522,-0.00022,0.99000,0.22580,-0.19946,0.00372,0.99000,-0.36626,-0.25459,-0.00393,0.99000,0.21874,0.07265,0.00384,0.99000,-0.37790,0.02195,-0.01048,0.99000,0.12776,-0.00772,-0.00306,0.99000,-0.12592,0.00024,0.00278,0.99000,0.12702,0.45000,-0.01028,0.99000,-0.11893,0.45302,-0.00244,0.99000,0.12890,0.89538,0.02045,0.99000,-0.12413,0.90042,0.02659,0.99000
2,3.7000,wave,0.19853,-0.49797,-0.00387,0.99000,-0.19707,-0.50206,0.00173,0.99000,0.23450,-0.20088,-0.00090,0.99000,-0.30979,-0.22416,0.00491,0.99000,0.21449,0.06085,0.00321,0.99000,-0.32264,0.04569,-0.00476,0.99000,0.12831,-0.00236,-0.00641,0.99000,-0.13063,0.00668,-0.00243,0.99000,0.12872,0.45408,-0.00292,0.99000,-0.12455,0.45367,0.00488,0.99000,0.13001,0.90639,0.02299,0.99000,-0.11593,0.89534,0.02937,0.99000
2,3.7500,wave,0.19800,-0.49556,0.00285,0.99000,-0.20237,-0.50319,0.00121,0.99000,0.22833,-0.20142,-0.00415,0.99000,-0.26918,-0.21221,-0.00460,0.99000,0.21528,0.06571,0.00391,0.99000,-0.27634,0.05671,-0.00016,0.99000,0.12082,0.00048,-0.00555,0.99000,-0.12716,0.00419,-0.00118,0.99000,0.12252,0.44968,0.00545,0.99000,-0.12699,0.45084,-0.00352,0.99000,0.12971,0.90207,0.02342,0.99000,-0.11860,0.90288,0.02737,0.99000
2,3.8000,wave,0.19806,-0.50012,0.00600,0.99000,-0.19297,-0.50303,-0.00265,0.99000,0.22959,-0.20304,0.00644,0.99000,-0.24265,-0.20013,0.00394,0.99000,0.21831,0.06716,-0.00003,0.99000,-0.23583,0.06657,0.00144,0.99000,0.12696,0.00684,0.00076,0.99000,-0.12373,0.00372,-0.00431,0.99000,0.13234,0.45922,-0.00047,0.99000,-0.12675,0.44540,0.00440,0.99000,0.12385,0.90127,0.02366,0.99000,-0.12571,0.90071,0.02094,0.99000
2,3.8500,wave,0.19643,-0.50362,0.00251,0.99000,-0.20182,-0.50576,0.00506,0.99000,0.23221,-0.20737,0.00061,0.99000,-0.23344,-0.20230,-0.00182,0.99000,0.21731,0.06607,0.00680,0.99000,-0.22053,0.06455,0.00116,0.99000,0.13223,0.00275,-0.00064,0.99000,-0.12604,0.00454,0.00016,0.99000,0.13509,0.45616,-0.00215,0.99000,-0.12514,0.45453,0.00710,0.99000,0.12467,0.89566,0.02452,0.99000,-0.13024,0.89988,0.01753,0.99000
3,0.0000,wave,0.19862,-0.49544,0.00140,0.99000,-0.19992,-0.50051,-0.00323,0.99000,0.22272,-0.19918,-0.00581,0.99000,-0.22496,-0.19879,0.00282,0.99000,0.21622,0.07985,-0.00472,0.99000,-0.21289,0.06818,0.00329,0.99000,0.12850,-0.00679,0.00807,0.99000,-0.12030,-0.00156,-0.00404,0.99000,0.13101,0.45142,0.00006,0.99000,-0.12281,0.45290,-0.00236,0.99000,0.11884,0.90149,0.02588,0.99000,-0.12079,0.89636,0.01958,0.99000
3,0.0500,wave,0.20409,-0.51006,-0.00312,0.99000,-0.19971,-0.50452,0.00481,0.99000,0.22228,-0.20622,0.00092,0.99000,-0.23440,-0.19661,0.00069,0.99000,0.21908,0.06775,0.00374,0.99000,-0.22684,0.06562,0.00710,0.99000,0.12539,0.00498,0.00213,0.99000,-0.12376,-0.00056,-0.00466,0.99000,0.12482,0.44379,0.00480,0.99000,-0.12605,0.45664,-0.00112,0.99000,0.12793,0.89791,0.02345,0.99000,-0.12858,0.90219,0.02145,0.99000
3,0.1000,wave,0.19882,-0.50394,-0.00218,0.99000,-0.19918,-0.50238,-0.00192,0.99000,0.23517,-0.20426,-0.00480,0.99000,-0.24888,-0.20110,0.00030,0.99000,0.21884,0.06288,-0.00235,0.99000,-0.23911,0.06505,-0.00656,0.99000,0.12224,0.00078,0.00084,0.99000,-0.13249,0.00545,0.00540,0.99000,0.12099,0.45736,-0.00523,0.99000,-0.13020,0.45641,0.00570,0.99000,0.12151,0.90766,0.02534,0.99000,-0.12148,0.89770,0.01891,0.99000
3,0.1500,wave,0.20012,-0.50497,0.00469,0.99000,-0.19905,-0.50423,-0.00116,0.99000,0.23404,-0.21099,-0.00293,0.99000,-0.26325,-0.20475,0.00490,0.99000,0.21709,0.06409,0.00360,0.99000,-0.26440,0.06306,-0.00506,0.99000,0.13234,-0.00278,0.00797,0.99000,-0.12391,-0.00026,-0.00216,0.99000,0.12801,0.44989,-0.00207,0.99000,-0.12778,0.44818,-0.00594,0.99000,0.12410,0.89528,0.02475,0.99000,-0.12333,0.90213,0.02027,0.99000
3,0.2000,wave,0.19717,-0.49882,0.00168,0.99000,-0.19417,-0.49670,0.00331,0.99000,0.23257,-0.20035,0.00422,0.99000,-0.28300,-0.21301,0.00273,0.99000,0.21500,0.06691,-0.00795,0.99000,-0.28540,0.04877,0.00428,0.99000,0.12348,-0.00831,-0.00099,0.99000,-0.12228,0.00156,0.00595,0.99000,0.12891,0.44588,-0.00600,0.99000,-0.12733,0.45834,0.00330,0.99000,0.12477,0.89395,0.02204,0.99000,-0.13049,0.90312,0.02345,0.99000
3,0.2500,wave,0.20973,-0.49656,-0.00581,0.99000,-0.19870,-0.49617,0.00288,0.99000,0.21745,-0.20616,0.00320,0.99000,-0.30976,-0.21791,0.00118,0.99000,0.22123,0.07214,-0.00380,0.99000,-0.31623,0.05135,-0.00303,0.99000,0.12899,-0.00326,0.01254,0.99000,-0.12211,0.00068,-0.00372,0.99000,0.13309,0.44552,0.00700,0.99000,-0.12744,0.44901,0.00405,0.99000,0.12037,0.89669,0.01819,0.99000,-0.12777,0.90140,0.02137,0.99000
3,0.3000,wave,0.20289,-0.49598,0.00065,0.99000,-0.20016,-0.49686,-0.00101,0.99000,0.23707,-0.20380,0.00208,0.99000,-0.34347,-0.23129,0.00668,0.99000,0.22649,0.07312,-0.00391,0.99000,-0.35358,0.04335,0.00330,0.99000,0.12609,-0.00004,-0.00490,0.99000,-0.12399,0.00374,0.00114,0.99000,0.12900,0.44382,0.01018,0.99000,-0.12507,0.44836,0.00270,0.99000,0.12142,0.90666,0.01438,0.99000,-0.12397,0.90471,0.01641,0.99000
3,0.3500,wave,0.19484,-0.50151,0.00296,0.99000,-0.19482,-0.50021,-0.00161,0.99000,0.23147,-0.20003,-0.00179,0.99000,-0.37916,-0.25578,-0.00179,0.99000,0.22167,0.06471,-0.00106,0.99000,-0.39077,0.01360,0.00140,0.99000,0.12466,-0.00349,-0.00121,0.99000,-0.12449,-0.00407,0.00923,0.99000,0.13140,0.45216,0.00209,0.99000,-0.12631,0.44972,-0.00687,0.99000,0.12184,0.90986,0.02003,0.99000,-0.12291,0.89804,0.02276,0.99000
3,0.4000,wave,0.20058,-0.50271,0.00511,0.99000,-0.20354,-0.50552,0.00225,0.99000,0.23337,-0.19584,0.00347,0.99000,-0.40174,-0.27944,-0.00084,0.99000,0.22235,0.07067,-0.00210,0.99000,-0.45084,-0.01596,-0.00271,0.99000,0.13155,-0.00705,0.00360,0.99000,-0.13767,0.00366,0.00374,0.99000,0.12316,0.44331,-0.00002,0.99000,-0.13330,0.44811,0.00213,0.99000,0.12494,0.90290,0.02402,0.99000,-0.12586,0.89514,0.02265,0.99000
3,0.4500,wave,0.20652,-0.49652,0.00200,0.99000,-0.21128,-0.49482,-0.00124,0.99000,0.23583,-0.20673,0.00181,0.99000,-0.42800,-0.30586,0.00075,0.99000,0.21756,0.06718,0.00553,0.99000,-0.51345,-0.04664,-0.00114,0.99000,0.12392,-0.00076,0.00382,0.99000,-0.12827,0.00042,-0.00266,0.99000,0.12489,0.44354,0.00133,0.99000,-0.12890,0.45207,-0.00556,0.99000,0.12226,0.90031,0.02238,0.99000,-0.12171,0.90565,0.02367,0.99000
3,0.5000,wave,0.19959,-0.49885,-0.00058,0.99000,-0.19947,-0.49773,0.01445,0.99000,0.22612,-0.20303,-0.00801,0.99000,-0.45761,-0.34554,0.00191,0.99000,0.22042,0.06828,-0.00023,0.99000,-0.57717,-0.09746,0.00529,0.99000,0.11847,-0.00082,-0.00042,0.99000,-0.12555,0.00195,-0.00426,0.99000,0.13183,0.45335,0.00182,0.99000,-0.12299,0.44612,-0.00297,0.99000,0.12087,0.89265,0.02641,0.99000,-0.11750,0.89813,0.02791,0.99000
3,0.5500,wave,0.20174,-0.49481,-0.00569,0.99000,-0.20148,-0.49810,0.00555,0.99000,0.22477,-0.20027,0.00563,0.99000,-0.47578,-0.38269,-0.00113,0.99000,0.22267,0.06391,-0.00236,0.99000,-0.63397,-0.15582,-0.00022,0.99000,0.12197,0.00205,-0.00750,0.99000,-0.12706,0.00262,0.00099,0.99000,0.13288,0.45932,-0.00387,0.99000,-0.12195,0.45379,0.00366,0.99000,0.12575,0.90716,0.02134,0.99000,-0.12934,0.89776,0.02471,0.99000
3,0.6000,wave,0.20429,-0.50133,0.00410,0.99000,-0.20056,-0.49283,0.00527,0.99000,0.22642,-0.20326,0.00033,0.99000,-0.48967,-0.41485,0.00818,0.99000,0.21859,0.07500,0.00119,0.99000,-0.66709,-0.21444,-0.00524,0.99000,0.12302,-0.00115,-0.00394,0.99000,-0.12990,0.00004,-0.00615,0.99000,0.12376,0.45244,-0.00215,0.99000,-0.13095,0.45420,0.00416,0.99000,0.12950,0.89457,0.02584,0.99000,-0.11574,0.90147,0.01967,0.99000
3,0.6500,wave,0.20450,-0.49931,0.00523,0.99000,-0.20112,-0.49853,0.00252,0.99000,0.22992,-0.19494,-0.00174,0.99000,-0.49654,-0.44184,-0.00362,0.99000,0.22007,0.06295,0.00062,0.99000,-0.69188,-0.27746,0.00218,0.99000,0.13237,0.00340,-0.00273,0.99000,-0.12536,-0.00167,0.00085,0.99000,0.13119,0.45551,-0.00321,0.99000,-0.12645,0.44668,0.00424,0.99000,0.12641,0.89959,0.02616,0.99000,-0.12606,0.90191,0.01891,0.99000
3,0.7000,wave,0.20335,-0.49892,0.00098,0.99000,-0.20420,-0.49470,-0.00151,0.99000,0.22572,-0.20072,-0.00269,0.99000,-0.50209,-0.48526,-0.00230,0.99000,0.21901,0.07208,-0.00150,0.99000,-0.69701,-0.29715,0.00014,0.99000,0.12739,0.00487,0.00942,0.99000,-0.12749,0.00137,0.00361,0.99000,0.12361,0.45448,0.00302,0.99000,-0.12837,0.45431,0.00259,0.99000,0.12232,0.90204,0.02821,0.99000,-0.12297,0.90322,0.02486,0.99000
3,0.7500,wave,0.20056,-0.50134,0.00010,0.99000,-0.19884,-0.50042,0.00627,0.99000,0.22886,-0.19994,0.00101,0.99000,-0.50075,-0.50377,-0.00039,0.99000,0.22197,0.07028,0.00270,0.99000,-0.68703,-0.31514,-0.00358,0.99000,0.13016,0.00153,-0.00339,0.99000,-0.12597,0.00065,-0.00621,0.99000,0.13151,0.45973,0.00565,0.99000,-0.12424,0.45057,0.00394,0.99000,0.12686,0.90103,0.02535,0.99000,-0.11986,0.89934,0.02309,0.99000
3,0.8000,wave,0.19981,-0.49209,-0.00305,0.99000,-0.19791,-0.49879,0.00075,0.99000,0.23486,-0.20148,-0.00236,0.99000,-0.49529,-0.53784,-0.00301,0.99000,0.21493,0.06412,-0.00120,0.99000,-0.66402,-0.32068,-0.00045,0.99000,0.12627,-0.00164,0.00003,0.99000,-0.11599,0.00677,0.00126,0.99000,0.12250,0.45674,0.01041,0.99000,-0.12628,0.45688,-0.00216,0.99000,0.12072,0.89568,0.01981,0.99000,-0.11873,0.89595,0.01925,0.99000
3,0.8500,wave,0.19803,-0.49864,0.00013,0.99000,-0.20495,-0.49608,0.00426,0.99000,0.22914,-0.19775,0.00272,0.99000,-0.49343,-0.54656,0.00152,0.99000,0.21327,0.07707,-0.00043,0.99000,-0.62529,-0.30770,0.00646,0.99000,0.13103,0.00147,-0.00511,0.99000,-0.12907,0.00341,-0.00665,0.99000,0.11759,0.44557,0.00516,0.99000,-0.12635,0.45488,0.00039,0.99000,0.13441,0.89953,0.02204,0.99000,-0.11640,0.90620,0.01852,0.99000
3,0.9000,wave,0.20340,-0.50115,0.00117,0.99000,-0.20723,-0.50364,0.00135,0.99000,0.23410,-0.20442,-0.00447,0.99000,-0.49568,-0.56171,-0.00208,0.99000,0.22045,0.07375,0.00291,0.99000,-0.58930,-0.30051,-0.00205,0.99000,0.12047,-0.00357,-0.00171,0.99000,-0.12507,0.00021,0.00312,0.99000,0.13075,0.45199,-0.01547,0.99000,-0.12296,0.46168,-0.00032,0.99000,0.12593,0.89023,0.02210,0.99000,-0.12712,0.90112,0.02582,0.99000
3,0.9500,wave,0.20074,-0.50138,-0.00521,0.99000,-0.19444,-0.49910,0.00759,0.99000,0.22977,-0.19522,-0.00282,0.99000,-0.49342,-0.56784,-0.00334,0.99000,0.20936,0.06561,-0.00368,0.99000,-0.55869,-0.30156,-0.00255,0.99000,0.11743,-0.00116,-0.00263,0.99000,-0.12841,0.00221,0.00213,0.99000,0.13360,0.45505,-0.00755,0.99000,-0.12829,0.44767,0.00166,0.99000,0.12603,0.89701,0.02332,0.99000,-0.12875,0.89405,0.02021,0.99000
3,1.0000,wave,0.20657,-0.50244,0.00037,0.99000,-0.18903,-0.50215,-0.00045,0.99000,0.21938,-0.20420,-0.00291,0.99000,-0.49036,-0.56869,-0.00126,0.99000,0.22149,0.06841,-0.00140,0.99000,-0.54097,-0.29896,0.00042,0.99000,0.12746,-0.00843,-0.00352,0.99000,-0.12426,0.00259,0.00974,0.99000,0.12229,0.45180,0.00020,0.99000,-0.12213,0.45004,0.00047,0.99000,0.12402,0.89958,0.02314,0.99000,-0.12915,0.90150,0.02423,0.99000
3,1.0500,wave,0.20868,-0.50498,0.00333,0.99000,-0.19725,-0.50411,-0.00087,0.99000,0.23236,-0.20141,-0.00336,0.99000,-0.49707,-0.56922,-0.00099,0.99000,0.22661,0.07487,-0.00423,0.99000,-0.54183,-0.29837,0.00499,0.99000,0.12626,-0.00433,0.00137,0.99000,-0.12465,0.00177,0.00034,0.99000,0.12195,0.45587,-0.00162,0.99000,-0.12774,0.44739,0.00118,0.99000,0.12016,0.90351,0.02631,0.99000,-0.12256,0.89781,0.02182,0.99000
3,1.1000,wave,0.19669,-0.49905,-0.00416,0.99000,-0.20218,-0.49929,-0.00290,0.99000,0.23199,-0.20073,0.00050,0.99000,-0.49555,-0.56521,0.00456,0.99000,0.21803,0.06940,-0.00308,0.99000,-0.57163,-0.30929,-0.00742,0.99000,0.12066,0.00015,-0.01139,0.99000,-0.12922,0.00268,0.00173,0.99000,0.12080,0.45302,-0.00162,0.99000,-0.13189,0.45331,-0.00215,0.99000,0.12435,0.89989,0.02380,0.99000,-0.12319,0.89718,0.01891,0.99000
3,1.1500,wave,0.20076,-0.50132,0.00188,0.99000,-0.19953,-0.49160,-0.00153,0.99000,0.23191,-0.20149,-0.00700,0.99000,-0.49085,-0.56047,0.00507,0.99000,0.22306,0.06862,-0.00570,0.99000,-0.61403,-0.32953,0.00170,0.99000,0.12554,-0.00376,0.00122,0.99000,-0.12491,0.00338,0.00049,0.99000,0.12566,0.45491,-0.01031,0.99000,-0.12681,0.45975,0.00190,0.99000,0.13133,0.90079,0.02488,0.99000,-0.12303,0.89823,0.02333,0.99000
3,1.2000,wave,0.19216,-0.49647,-0.00064,0.99000,-0.20488,-0.50454,-0.00169,0.99000,0.22775,-0.19345,-0.00072,0.99000,-0.49093,-0.56497,-0.00102,0.99000,0.21873,0.07227,-0.00636,0.99000,-0.64893,-0.35098,-0.00191,0.99000,0.12363,0.00083,-0.00362,0.99000,-0.12655,0.00566,-0.00158,0.99000,0.12514,0.45201,-0.00009,0.99000,-0.12665,0.44499,0.00558,0.99000,0.12470,0.90621,0.02628,0.99000,-0.12319,0.90354,0.02173,0.99000
3,1.2500,wave,0.19751,-0.49675,-0.00325,0.99000,-0.19936,-0.50043,-0.00476,0.99000,0.22816,-0.21102,-0.00350,0.99000,-0.48671,-0.57077,-0.00163,0.99000,0.22002,0.06141,0.00174,0.99000,-0.68818,-0.38097,0.00004,0.99000,0.12976,-0.00294,0.00582,0.99000,-0.11870,-0.00383,-0.00083,0.99000,0.12881,0.44976,-0.00108,0.99000,-0.12208,0.44859,0.00414,0.99000,0.12818,0.89613,0.02419,0.99000,-0.12309,0.89386,0.02487,0.99000
3,1.3000,wave,0.20228,-0.50527,0.00451,0.99000,-0.20000,-0.50143,0.00542,0.99000,0.22673,-0.20759,-0.00701,0.99000,-0.49372,-0.56150,0.00483,0.99000,0.21318,0.06225,0.00313,0.99000,-0.71864,-0.41702,0.00938,0.99000,0.12781,0.00643,0.00175,0.99000,-0.12374,-0.00080,-0.00258,0.99000,0.12421,0.44689,0.01168,0.99000,-0.12856,0.45098,-0.00560,0.99000,0.12596,0.90063,0.02193,0.99000,-0.11988,0.90432,0.02938,0.99000
3,1.3500,wave,0.20127,-0.49939,0.00798,0.99000,-0.19839,-0.51152,-0.00510,0.99000,0.22742,-0.20376,0.00458,0.99000,-0.49293,-0.56643,0.00207,0.99000,0.21336,0.06276,0.00712,0.99000,-0.73271,-0.44554,-0.00109,0.99000,0.12888,-0.00237,0.00338,0.99000,-0.12422,-0.00161,0.00542,0.99000,0.12341,0.44608,-0.00121,0.99000,-0.12529,0.44588,-0.00328,0.99000,0.12314,0.89767,0.02699,0.99000,-0.12912,0.90472,0.02670,0.99000
3,1.4000,wave,0.20005,-0.50208,0.00504,0.99000,-0.20023,-0.50665,0.00078,0.99000,0.23209,-0.19453,0.00183,0.99000,-0.49234,-0.56592,-0.00017,0.99000,0.21553,0.07296,0.00100,0.99000,-0.73924,-0.44387,0.00129,0.99000,0.12615,-0.00175,-0.00748,0.99000,-0.11953,-0.00222,-0.00386,0.99000,0.12827,0.45058,-0.00377,0.99000,-0.12639,0.45193,0.00075,0.99000,0.12370,0.89937,0.01537,0.99000,-0.12257,0.90400,0.01640,0.99000
3,1.4500,wave,0.20405,-0.49589,-0.00304,0.99000,-0.20179,-0.50313,0.00300,0.99000,0.23368,-0.19403,0.00097,0.99000,-0.49901,-0.56239,-0.00185,0.99000,0.22556,0.07211,-0.00483,0.99000,-0.72462,-0.42922,0.00030,0.99000,0.11990,0.00100,0.00149,0.99000,-0.11957,-0.00601,-0.00036,0.99000,0.12754,0.44831,0.00060,0.99000,-0.11959,0.44411,0.00129,0.99000,0.12979,0.89595,0.01964,0.99000,-0.12735,0.89897,0.02427,0.99000
3,1.5000,wave,0.19437,-0.49786,0.00069,0.99000,-0.19988,-0.49906,-0.00356,0.99000,0.22660,-0.20293,-0.00609,0.99000,-0.49780,-0.56223,0.00781,0.99000,0.22603,0.06768,0.00692,0.99000,-0.70952,-0.40752,0.00123,0.99000,0.12861,-0.00471,0.00688,0.99000,-0.12355,-0.00608,-0.00078,0.99000,0.12900,0.45303,-0.00146,0.99000,-0.12744,0.45029,-0.00048,0.99000,0.12508,0.90497,0.01683,0.99000,-0.12086,0.89963,0.02213,0.99000
3,1.5500,wave,0.19691,-0.49605,0.00348,0.99000,-0.19970,-0.49858,-0.00577,0.99000,0.22548,-0.20084,0.00028,0.99000,-0.49566,-0.57196,0.00230,0.99000,0.21845,0.07064,0.00361,0.99000,-0.68991,-0.36510,-0.00221,0.99000,0.12043,-0.01006,0.00392,0.99000,-0.12831,-0.00060,-0.00450,0.99000,0.12705,0.45049,0.00503,0.99000,-0.11875,0.45129,0.00069,0.99000,0.12821,0.90251,0.02107,0.99000,-0.12569,0.89482,0.02146,0.99000
3,1.6000,wave,0.20179,-0.49817,0.00450,0.99000,-0.19670,-0.50149,0.00252,0.99000,0.23285,-0.19737,0.00369,0.99000,-0.49666,-0.56773,0.00711,0.99000,0.21737,0.06614,-0.00600,0.99000,-0.63916,-0.33480,0.00462,0.99000,0.12351,0.00443,0.00596,0.99000,-0.12325,-0.00196,-0.00146,0.99000,0.12484,0.45609,-0.00148,0.99000,-0.12967,0.44634,-0.00358,0.99000,0.12562,0.90380,0.02627,0.99000,-0.12792,0.89961,0.02463,0.99000
3,1.6500,wave,0.19869,-0.50029,0.00123,0.99000,-0.20539,-0.49874,-0.00137,0.99000,0.22208,-0.20075,0.00095,0.99000,-0.49335,-0.56718,0.00294,0.99000,0.21819,0.07213,-0.00083,0.99000,-0.59892,-0.31390,-0.00586,0.99000,0.12395,0.00257,0.00300,0.99000,-0.12535,0.00154,0.00106,0.99000,0.13727,0.45441,-0.00084,0.99000,-0.11690,0.44964,0.00242,0.99000,0.12897,0.89984,0.01752,0.99000,-0.12745,0.89848,0.02170,0.99000
3,1.7000,wave,0.19397,-0.49223,0.00236,0.99000,-0.19604,-0.50343,0.00087,0.99000,0.23361,-0.19378,0.00091,0.99000,-0.49967,-0.56287,-0.00267,0.99000,0.21655,0.07701,0.00154,0.99000,-0.56193,-0.30492,-0.00923,0.99000,0.12352,0.00223,0.00525,0.99000,-0.12431,-0.00016,0.00271,0.99000,0.12047,0.44418,0.00498,0.99000,-0.12526,0.45512,-0.00017,0.99000,0.12715,0.90821,0.02150,0.99000,-0.12172,0.89679,0.03089,0.99000
3,1.7500,wave,0.19823,-0.49912,-0.00407,0.99000,-0.19473,-0.50009,0.00581,0.99000,0.22910,-0.20253,0.00166,0.99000,-0.49154,-0.56325,-0.00074,0.99000,0.21780,0.06424,-0.00482,0.99000,-0.54620,-0.30208,-0.00276,0.99000,0.11958,0.00119,0.00080,0.99000,-0.12816,0.00211,0.00189,0.99000,0.11026,0.44736,0.00182,0.99000,-0.12028,0.44424,0.00051,0.99000,0.12577,0.90517,0.02305,0.99000,-0.13091,0.89529,0.02401,0.99000
3,1.8000,wave,0.19520,-0.50077,0.00003,0.99000,-0.20002,-0.50116,-0.00094,0.99000,0.22342,-0.19646,0.00033,0.99000,-0.49546,-0.56516,0.00013,0.99000,0.21450,0.06965,-0.01452,0.99000,-0.54213,-0.29830,-0.00059,0.99000,0.13097,-0.00090,0.00187,0.99000,-0.12568,-0.00450,-0.00632,0.99000,0.12601,0.45345,-0.00042,0.99000,-0.12663,0.45084,-0.00226,0.99000,0.12067,0.90407,0.02266,0.99000,-0.13288,0.89322,0.02120,0.99000
3,1.8500,wave,0.19416,-0.49943,-0.00492,0.99000,-0.20057,-0.49826,-0.00362,0.99000,0.23032,-0.20303,0.00021,0.99000,-0.49555,-0.56314,0.00167,0.99000,0.21566,0.06789,0.00202,0.99000,-0.56868,-0.30266,0.00503,0.99000,0.12024,-0.00573,-0.00266,0.99000,-0.12449,0.00097,0.00358,0.99000,0.12924,0.45008,-0.00652,0.99000,-0.12362,0.44527,-0.00378,0.99000,0.11779,0.90007,0.02457,0.99000,-0.12612,0.90541,0.02435,0.99000
3,1.9000,wave,0.19393,-0.49716,-0.00269,0.99000,-0.19814,-0.50212,-0.00747,0.99000,0.22327,-0.19860,0.00163,0.99000,-0.49298,-0.56599,0.00175,0.99000,0.21443,0.06458,-0.00376,0.99000,-0.59781,-0.31825,-0.00436,0.99000,0.12312,0.00168,0.00700,0.99000,-0.12877,-0.00159,0.00098,0.99000,0.12302,0.45302,0.00045,0.99000,-0.12364,0.45075,-0.00221,0.99000,0.12938,0.89876,0.02289,0.99000,-0.11590,0.89590,0.02066,0.99000
3,1.9500,wave,0.19650,-0.50060,0.00118,0.99000,-0.19142,-0.50196,-0.00235,0.99000,0.23253,-0.19895,0.00382,0.99000,-0.49645,-0.55992,-0.00452,0.99000,0.21768,0.06527,-0.00211,0.99000,-0.63899,-0.34214,-0.00318,0.99000,0.12497,0.00288,0.00258,0.99000,-0.12753,0.00004,-0.00293,0.99000,0.12543,0.45486,-0.00012,0.99000,-0.12153,0.44191,0.00456,0.99000,0.11527,0.89892,0.02073,0.99000,-0.11948,0.90166,0.01171,0.99000
3,2.0000,wave,0.20190,-0.49166,0.00084,0.99000,-0.19784,-0.50005,-0.00528,0.99000,0.21863,-0.20170,0.00542,0.99000,-0.49567,-0.55964,0.00239,0.99000,0.21126,0.07017,-0.00089,0.99000,-0.68314,-0.37257,0.00113,0.99000,0.12613,-0.00549,-0.00102,0.99000,-0.12627,0.00233,0.00172,0.99000,0.12812,0.44800,0.00171,0.99000,-0.13056,0.45098,0.01110,0.99000,0.12312,0.89180,0.02487,0.99000,-0.13099,0.89401,0.02051,0.99000
3,2.0500,wave,0.20566,-0.50074,0.00000,0.99000,-0.19453,-0.49500,0.00500,0.99000,0.23087,-0.20531,-0.00531,0.99000,-0.49923,-0.57259,0.00915,0.99000,0.21843,0.06785,-0.00074,0.99000,-0.71235,-0.40148,0.00181,0.99000,0.12059,0.00182,-0.00229,0.99000,-0.12620,0.00563,0.00241,0.99000,0.12146,0.45077,0.00210,0.99000,-0.12533,0.44856,0.00306,0.99000,0.12493,0.89902,0.02695,0.99000,-0.12728,0.89965,0.02524,0.99000
3,2.1000,wave,0.19493,-0.51060,0.00006,0.99000,-0.19568,-0.49830,-0.00366,0.99000,0.22421,-0.20278,0.00171,0.99000,-0.49106,-0.56072,-0.00493,0.99000,0.22050,0.06880,0.00634,0.99000,-0.72502,-0.44024,0.00309,0.99000,0.11772,-0.00324,-0.00117,0.99000,-0.12274,0.00129,0.00277,0.99000,0.12010,0.45358,0.00583,0.99000,-0.12749,0.45312,0.00238,0.99000,0.12395,0.89606,0.02521,0.99000,-0.12493,0.90032,0.01657,0.99000
3,2.1500,wave,0.19836,-0.49923,0.00155,0.99000,-0.19958,-0.50440,-0.00354,0.99000,0.22651,-0.19917,-0.00219,0.99000,-0.49789,-0.55947,0.00558,0.99000,0.22051,0.06896,0.00108,0.99000,-0.73180,-0.44635,0.00162,0.99000,0.12673,-0.00538,-0.00314,0.99000,-0.12320,0.00011,-0.00345,0.99000,0.12288,0.45024,-0.00251,0.99000,-0.13036,0.44940,-0.00067,0.99000,0.12205,0.90071,0.01707,0.99000,-0.12130,0.90402,0.02367,0.99000
3,2.2000,wave,0.19588,-0.50424,-0.00054,0.99000,-0.19956,-0.50736,0.00061,0.99000,0.23214,-0.21066,0.00308,0.99000,-0.49840,-0.56528,-0.00323,0.99000,0.21937,0.06536,0.00383,0.99000,-0.72854,-0.43803,-0.00160,0.99000,0.12819,-0.00225,0.00455,0.99000,-0.12136,-0.00174,-0.00317,0.99000,0.12325,0.45415,0.00491,0.99000,-0.12735,0.44827,-0.00093,0.99000,0.12448,0.89279,0.02599,0.99000,-0.12534,0.90323,0.02249,0.99000
3,2.2500,wave,0.20168,-0.50239,-0.00031,0.99000,-0.20227,-0.49781,0.00478,0.99000,0.22679,-0.20281,-0.00796,0.99000,-0.49367,-0.57228,0.00418,0.99000,0.21691,0.07616,0.00151,0.99000,-0.71773,-0.41541,-0.00782,0.99000,0.12679,0.00224,-0.00150,0.99000,-0.12722,0.00217,0.00196,0.99000,0.12209,0.45096,-0.00483,0.99000,-0.12336,0.44885,-0.00131,0.99000,0.12000,0.89000,0.02857,0.99000,-0.12013,0.90229,0.01727,0.99000
3,2.3000,wave,0.19776,-0.49332,0.00222,0.99000,-0.20020,-0.49607,-0.00219,0.99000,0.23418,-0.20760,0.00391,0.99000,-0.49180,-0.56517,-0.00271,0.99000,0.22569,0.06797,0.00014,0.99000,-0.69621,-0.37377,0.00416,0.99000,0.12061,0.00585,0.00300,0.99000,-0.11898,0.00234,0.00046,0.99000,0.12992,0.44852,0.00505,0.99000,-0.12312,0.45819,-0.00022,0.99000,0.12877,0.90234,0.01829,0.99000,-0.12213,0.90222,0.01939,0.99000
3,2.3500,wave,0.19826,-0.49241,-0.00184,0.99000,-0.19972,-0.49897,0.00419,0.99000,0.22575,-0.19934,0.00422,0.99000,-0.48828,-0.56618,0.00146,0.99000,0.21999,0.06754,0.00286,0.99000,-0.64194,-0.34021,-0.00181,0.99000,0.13296,-0.00015,-0.00192,0.99000,-0.12144,0.00360,-0.00179,0.99000,0.12029,0.45317,0.00045,0.99000,-0.13280,0.44482,-0.00315,0.99000,0.12247,0.89519,0.02699,0.99000,-0.13267,0.89924,0.01996,0.99000
3,2.4000,wave,0.19701,-0.50650,0.00496,0.99000,-0.19781,-0.49928,-0.00539,0.99000,0.22479,-0.19951,0.00068,0.99000,-0.49355,-0.56695,-0.00094,0.99000,0.21761,0.06646,-0.00093,0.99000,-0.60785,-0.32200,0.00064,0.99000,0.12919,0.00777,-0.00067,0.99000,-0.12414,0.00247,-0.00744,0.99000,0.12037,0.45843,0.00293,0.99000,-0.12740,0.44757,0.00849,0.99000,0.12735,0.90216,0.02569,0.99000,-0.11730,0.89473,0.02686,0.99000
3,2.4500,wave,0.19060,-0.50881,0.00443,0.99000,-0.20476,-0.50009,0.00132,0.99000,0.22675,-0.19927,0.00244,0.99000,-0.50065,-0.55689,0.00380,0.99000,0.21604,0.06005,-0.00453,0.99000,-0.56640,-0.31168,-0.00148,0.99000,0.13213,-0.00262,-0.00361,0.99000,-0.12338,-0.00153,0.00688,0.99000,0.13348,0.45113,0.00028,0.99000,-0.12219,0.43759,0.01059,0.99000,0.12262,0.90371,0.02450,0.99000,-0.11688,0.90422,0.02544,0.99000
3,2.5000,wave,0.20516,-0.49780,-0.00039,0.99000,-0.20060,-0.49740,0.00136,0.99000,0.22919,-0.20087,-0.00796,0.99000,-0.49008,-0.55966,0.00199,0.99000,0.21528,0.06774,0.00133,0.99000,-0.54286,-0.29822,0.00009,0.99000,0.13299,-0.00435,0.00540,0.99000,-0.12784,-0.00299,-0.00100,0.99000,0.12311,0.44598,-0.00070,0.99000,-0.11965,0.45604,0.00732,0.99000,0.13064,0.90424,0.02294,0.99000,-0.12553,0.90114,0.02054,0.99000
3,2.5500,wave,0.20016,-0.49702,-0.00515,0.99000,-0.20797,-0.50046,-0.00298,0.99000,0.23387,-0.19821,0.00088,0.99000,-0.49247,-0.55337,0.00264,0.99000,0.21679,0.05964,0.00245,0.99000,-0.54549,-0.30209,0.00474,0.99000,0.12254,0.00033,-0.00618,0.99000,-0.13311,-0.00155,0.00982,0.99000,0.13158,0.45055,0.00238,0.99000,-0.12287,0.45391,-0.00094,0.99000,0.12405,0.89729,0.01799,0.99000,-0.12518,0.89451,0.01451,0.99000
3,2.6000,wave,0.20829,-0.50184,0.00056,0.99000,-0.19737,-0.50261,-0.00049,0.99000,0.23688,-0.19889,0.00742,0.99000,-0.49555,-0.56862,0.00225,0.99000,0.22297,0.06153,0.00030,0.99000,-0.55600,-0.30440,0.00091,0.99000,0.12115,0.00648,0.00598,0.99000,-0.12082,-0.00696,-0.00447,0.99000,0.12469,0.43975,0.00353,0.99000,-0.12624,0.44519,0.00072,0.99000,0.11917,0.89964,0.03492,0.99000,-0.12424,0.90222,0.02238,0.99000
3,2.6500,wave,0.20977,-0.50844,0.00003,0.99000,-0.19542,-0.50096,-0.00373,0.99000,0.23431,-0.19679,0.00308,0.99000,-0.49601,-0.57002,-0.00472,0.99000,0.22009,0.06569,0.00183,0.99000,-0.59303,-0.30969,0.00081,0.99000,0.12857,0.00030,-0.00261,0.99000,-0.12486,-0.00103,0.00042,0.99000,0.12582,0.44696,-0.00029,0.99000,-0.12689,0.44167,-0.00384,0.99000,0.11576,0.89502,0.02059,0.99000,-0.12907,0.89705,0.02147,0.99000
3,2.7000,wave,0.19381,-0.49713,0.00347,0.99000,-0.20449,-0.49509,0.00829,0.99000,0.23044,-0.20175,-0.00470,0.99000,-0.49563,-0.57096,0.00494,0.99000,0.22104,0.07053,-0.00242,0.99000,-0.63144,-0.33736,0.00582,0.99000,0.12388,0.00012,0.00169,0.99000,-0.12282,-0.00432,0.00209,0.99000,0.12205,0.44804,-0.00691,0.99000,-0.12662,0.45265,-0.00574,0.99000,0.11831,0.90020,0.01443,0.99000,-0.13675,0.90038,0.02220,0.99000
3,2.7500,wave,0.20079,-0.49575,-0.00127,0.99000,-0.19910,-0.49690,0.00503,0.99000,0.23733,-0.20187,0.00922,0.99000,-0.48747,-0.56562,-0.00519,0.99000,0.21808,0.07277,-0.00950,0.99000,-0.68367,-0.36899,0.00103,0.99000,0.12337,0.01018,-0.00086,0.99000,-0.12277,-0.00036,-0.00517,0.99000,0.12441,0.45800,0.00381,0.99000,-0.12040,0.44623,-0.00942,0.99000,0.12832,0.89464,0.02823,0.99000,-0.12138,0.89579,0.02064,0.99000
3,2.8000,wave,0.20148,-0.50658,0.00441,0.99000,-0.19684,-0.49510,0.00356,0.99000,0.23170,-0.19999,-0.00353,0.99000,-0.48946,-0.56059,0.00008,0.99000,0.21782,0.06626,0.00836,0.99000,-0.70471,-0.40200,0.00949,0.99000,0.13258,-0.00044,-0.00234,0.99000,-0.12513,-0.00561,0.00639,0.99000,0.12467,0.45480,0.00405,0.99000,-0.12689,0.44967,0.00023,0.99000,0.12629,0.90429,0.01999,0.99000,-0.13191,0.90545,0.02263,0.99000
3,2.8500,wave,0.20168,-0.49981,-0.00084,0.99000,-0.19935,-0.50397,-0.00332,0.99000,0.22961,-0.20004,0.00334,0.99000,-0.49698,-0.55824,0.00369,0.99000,0.21076,0.06844,0.00098,0.99000,-0.73331,-0.43558,-0.00093,0.99000,0.12202,-0.00151,-0.00373,0.99000,-0.12432,-0.00230,-0.00531,0.99000,0.12124,0.45017,-0.00531,0.99000,-0.13016,0.43775,-0.00132,0.99000,0.13355,0.89528,0.02077,0.99000,-0.12482,0.90182,0.03024,0.99000
3,2.9000,wave,0.20050,-0.49439,-0.00283,0.99000,-0.20365,-0.50381,0.00036,0.99000,0.22766,-0.20175,0.00876,0.99000,-0.49649,-0.56353,0.00038,0.99000,0.21728,0.06947,-0.00722,0.99000,-0.73458,-0.44986,-0.00157,0.99000,0.12803,-0.00008,0.00163,0.99000,-0.12373,-0.00301,0.00199,0.99000,0.12694,0.44549,-0.00544,0.99000,-0.11999,0.44702,0.00121,0.99000,0.12063,0.89980,0.02480,0.99000,-0.12267,0.89965,0.02860,0.99000
3,2.9500,wave,0.20120,-0.50177,0.00101,0.99000,-0.20330,-0.49551,-0.00068,0.99000,0.23706,-0.19419,-0.00687,0.99000,-0.49459,-0.55958,-0.00425,0.99000,0.21514,0.06936,0.00235,0.99000,-0.73419,-0.44805,-0.00534,0.99000,0.12217,-0.00167,-0.00501,0.99000,-0.12985,-0.00376,0.00275,0.99000,0.11768,0.44705,-0.00217,0.99000,-0.12940,0.45235,0.00846,0.99000,0.12039,0.90319,0.02518,0.99000,-0.12163,0.89915,0.01960,0.99000
3,3.0000,wave,0.20261,-0.49838,-0.00419,0.99000,-0.19919,-0.49311,0.00747,0.99000,0.22713,-0.21094,-0.00221,0.99000,-0.49139,-0.56446,-0.00570,0.99000,0.22043,0.07070,-0.00175,0.99000,-0.72553,-0.41856,-0.00050,0.99000,0.12387,0.00320,0.00260,0.99000,-0.13262,-0.00028,-0.00594,0.99000,0.12001,0.44618,-0.00032,0.99000,-0.13122,0.44964,0.00589,0.99000,0.12728,0.89701,0.02140,0.99000,-0.12715,0.89959,0.02632,0.99000
3,3.0500,wave,0.20895,-0.49606,-0.00668,0.99000,-0.19935,-0.50331,-0.00057,0.99000,0.23151,-0.19518,-0.00297,0.99000,-0.49511,-0.57229,-0.00139,0.99000,0.21702,0.07441,0.00056,0.99000,-0.69864,-0.38282,0.00370,0.99000,0.12167,-0.00353,0.00515,0.99000,-0.12636,0.00161,-0.00152,0.99000,0.13047,0.44717,-0.00502,0.99000,-0.12030,0.45503,-0.00943,0.99000,0.11776,0.90133,0.02139,0.99000,-0.12850,0.89691,0.02241,0.99000
3,3.1000,wave,0.19347,-0.49756,-0.00319,0.99000,-0.20275,-0.49831,-0.00279,0.99000,0.22092,-0.19791,0.00686,0.99000,-0.49286,-0.56723,0.00879,0.99000,0.22189,0.06821,-0.00210,0.99000,-0.65766,-0.35119,0.00342,0.99000,0.12701,-0.00723,0.00443,0.99000,-0.12251,0.00732,-0.00284,0.99000,0.12584,0.44974,-0.00705,0.99000,-0.13496,0.44601,-0.00170,0.99000,0.12613,0.90119,0.02595,0.99000,-0.12480,0.89710,0.02610,0.99000
3,3.1500,wave,0.20501,-0.50400,0.00170,0.99000,-0.20732,-0.49925,0.00019,0.99000,0.22852,-0.20570,0.00952,0.99000,-0.49323,-0.56938,-0.00470,0.99000,0.21597,0.06191,-0.00014,0.99000,-0.61750,-0.32631,0.00959,0.99000,0.12138,-0.00758,-0.00354,0.99000,-0.12939,0.00233,-0.00131,0.99000,0.12543,0.45230,0.00357,0.99000,-0.12492,0.45340,-0.00389,0.99000,0.12933,0.90384,0.02778,0.99000,-0.12546,0.90311,0.02418,0.99000
3,3.2000,wave,0.20123,-0.49644,-0.00639,0.99000,-0.19696,-0.50867,-0.00181,0.99000,0.23411,-0.19972,0.00653,0.99000,-0.48850,-0.56469,-0.00417,0.99000,0.22447,0.06886,-0.00121,0.99000,-0.57326,-0.31401,-0.00845,0.99000,0.12510,0.00023,0.00807,0.99000,-0.13211,-0.00037,0.00716,0.99000,0.12821,0.44955,-0.00142,0.99000,-0.12764,0.44673,-0.00267,0.99000,0.12071,0.90082,0.02273,0.99000,-0.11485,0.90200,0.01565,0.99000
3,3.2500,wave,0.19501,-0.49721,-0.00084,0.99000,-0.20547,-0.50392,0.00657,0.99000,0.23226,-0.19590,0.00156,0.99000,-0.49505,-0.56417,0.00124,0.99000,0.21532,0.06601,0.00044,0.99000,-0.54316,-0.29437,0.00130,0.99000,0.12074,-0.00311,-0.00341,0.99000,-0.12312,-0.00037,-0.00587,0.99000,0.12944,0.44479,0.00388,0.99000,-0.13489,0.45755,0.00057,0.99000,0.11932,0.89766,0.02561,0.99000,-0.12882,0.89726,0.02283,0.99000
3,3.3000,wave,0.20409,-0.50516,-0.00009,0.99000,-0.20030,-0.50481,0.00571,0.99000,0.23067,-0.20441,0.00367,0.99000,-0.49217,-0.54331,0.00269,0.99000,0.21968,0.07075,0.00208,0.99000,-0.54654,-0.27548,0.00039,0.99000,0.12223,0.00026,-0.00090,0.99000,-0.12638,-0.00142,-0.00501,0.99000,0.12237,0.45535,-0.00247,0.99000,-0.13146,0.45293,0.00344,0.99000,0.12647,0.90559,0.01543,0.99000,-0.12355,0.89721,0.01939,0.99000
3,3.3500,wave,0.19597,-0.51021,-0.00713,0.99000,-0.19884,-0.49642,0.00104,0.99000,0.23853,-0.20228,-0.00056,0.99000,-0.49825,-0.50509,-0.00330,0.99000,0.22203,0.06515,0.00295,0.99000,-0.55444,-0.24420,-0.00017,0.99000,0.12664,0.00304,-0.00251,0.99000,-0.12089,-0.00059,-0.00332,0.99000,0.11783,0.45151,0.00523,0.99000,-0.12444,0.44766,0.00387,0.99000,0.11899,0.90145,0.01485,0.99000,-0.13098,0.91002,0.02652,0.99000
3,3.4000,wave,0.20684,-0.49647,0.00012,0.99000,-0.19906,-0.50013,-0.00730,0.99000,0.23222,-0.20490,-0.00530,0.99000,-0.49973,-0.46338,0.00094,0.99000,0.21976,0.06887,0.00668,0.99000,-0.57060,-0.19199,0.00134,0.99000,0.12774,0.00046,0.00763,0.99000,-0.12623,-0.00922,-0.00444,0.99000,0.12504,0.44168,-0.00905,0.99000,-0.12249,0.45460,0.00384,0.99000,0.12263,0.89905,0.01680,0.99000,-0.11783,0.89905,0.02367,0.99000
3,3.4500,wave,0.19611,-0.49942,0.00156,0.99000,-0.20338,-0.49624,-0.00342,0.99000,0.22766,-0.20261,0.00367,0.99000,-0.48925,-0.40442,0.00544,0.99000,0.21519,0.06845,0.00417,0.99000,-0.57246,-0.14097,0.00069,0.99000,0.11353,-0.00095,-0.00445,0.99000,-0.12539,-0.00293,-0.00037,0.99000,0.12428,0.45002,-0.00479,0.99000,-0.11928,0.44801,-0.00381,0.99000,0.11988,0.89573,0.02600,0.99000,-0.12431,0.90337,0.02124,0.99000
3,3.5000,wave,0.19677,-0.49532,-0.00871,0.99000,-0.20364,-0.49598,0.00192,0.99000,0.22674,-0.20587,0.00302,0.99000,-0.45028,-0.34072,0.00090,0.99000,0.22520,0.06848,-0.00036,0.99000,-0.55741,-0.09115,-0.00334,0.99000,0.12246,-0.00130,-0.00603,0.99000,-0.12476,-0.00308,0.00125,0.99000,0.12197,0.44955,-0.00230,0.99000,-0.12868,0.44905,0.00299,0.99000,0.12278,0.89615,0.02731,0.99000,-0.12529,0.90533,0.02686,0.99000
3,3.5500,wave,0.19590,-0.50091,0.00411,0.99000,-0.19970,-0.49813,-0.00347,0.99000,0.22584,-0.19912,-0.00031,0.99000,-0.41365,-0.29046,0.00277,0.99000,0.21373,0.06863,-0.00256,0.99000,-0.49996,-0.03473,0.00409,0.99000,0.12685,0.00088,0.00456,0.99000,-0.12125,-0.00852,0.00033,0.99000,0.13741,0.45450,-0.00265,0.99000,-0.11663,0.45264,0.00548,0.99000,0.12339,0.89801,0.02035,0.99000,-0.12847,0.89821,0.01747,0.99000
3,3.6000,wave,0.19688,-0.49507,-0.01063,0.99000,-0.19838,-0.50281,-0.00681,0.99000,0.23306,-0.20354,-0.00188,0.99000,-0.36972,-0.25319,0.00227,0.99000,0.21823,0.06789,-0.00393,0.99000,-0.43504,0.01305,0.00381,0.99000,0.12189,-0.00181,0.00498,0.99000,-0.13338,0.00109,-0.00309,0.99000,0.12615,0.45713,-0.00249,0.99000,-0.12884,0.45238,-0.00060,0.99000,0.12572,0.89939,0.02597,0.99000,-0.12504,0.90110,0.02666,0.99000
3,3.6500,wave,0.20203,-0.50142,-0.00578,0.99000,-0.20451,-0.49770,0.00577,0.99000,0.23402,-0.19885,-0.00179,0.99000,-0.31605,-0.21786,-0.00072,0.99000,0.22655,0.06589,0.00288,0.99000,-0.35528,0.04659,-0.00662,0.99000,0.12721,0.00375,0.00495,0.99000,-0.11921,0.00765,-0.00464,0.99000,0.12871,0.45273,0.00245,0.99000,-0.13108,0.45060,-0.00150,0.99000,0.12682,0.89313,0.02372,0.99000,-0.12913,0.90098,0.03082,0.99000
3,3.7000,wave,0.21221,-0.50453,0.00332,0.99000,-0.20353,-0.49591,-0.00012,0.99000,0.22270,-0.19403,-0.00402,0.99000,-0.26574,-0.20427,0.00407,0.99000,0.21881,0.06490,-0.00120,0.99000,-0.28725,0.05735,0.00443,0.99000,0.12309,0.00063,-0.00053,0.99000,-0.12778,0.00087,0.01111,0.99000,0.12810,0.44741,0.01570,0.99000,-0.12478,0.44510,0.00336,0.99000,0.12706,0.89497,0.01217,0.99000,-0.12416,0.89961,0.02342,0.99000
3,3.7500,wave,0.19571,-0.50043,-0.00047,0.99000,-0.20169,-0.49175,0.00159,0.99000,0.22890,-0.19639,-0.00563,0.99000,-0.23440,-0.19916,0.00595,0.99000,0.22640,0.06701,0.00736,0.99000,-0.23264,0.06860,0.00601,0.99000,0.11977,0.00514,-0.00255,0.99000,-0.12658,0.00603,0.00459,0.99000,0.13389,0.45215,-0.00200,0.99000,-0.12816,0.45307,0.00192,0.99000,0.12462,0.89814,0.02210,0.99000,-0.12372,0.89599,0.02333,0.99000
3,3.8000,wave,0.19987,-0.49510,-0.00491,0.99000,-0.20775,-0.49175,-0.00290,0.99000,0.22903,-0.19833,-0.00468,0.99000,-0.23813,-0.20357,0.00796,0.99000,0.21449,0.06927,-0.00269,0.99000,-0.21930,0.06115,0.00465,0.99000,0.11808,-0.00315,0.00509,0.99000,-0.12681,0.00488,0.00499,0.99000,0.12203,0.45267,0.00190,0.99000,-0.12780,0.44951,-0.00043,0.99000,0.12603,0.89613,0.02021,0.99000,-0.12690,0.89912,0.02372,0.99000
4,0.0000,wave,0.19877,-0.50501,-0.00315,0.99000,-0.19472,-0.49646,0.00494,0.99000,0.23004,-0.20293,0.00040,0.99000,-0.23195,-0.19655,-0.00339,0.99000,0.21776,0.06758,-0.00131,0.99000,-0.22352,0.06700,-0.00049,0.99000,0.12329,-0.00462,0.00725,0.99000,-0.11923,-0.00199,0.00079,0.99000,0.12647,0.45552,0.00083,0.99000,-0.12947,0.45227,-0.00333,0.99000,0.13313,0.90115,0.02941,0.99000,-0.12777,0.89530,0.02509,0.99000
4,0.0500,wave,0.19980,-0.50469,0.00154,0.99000,-0.19890,-0.50384,0.00014,0.99000,0.22890,-0.19422,0.00619,0.99000,-0.24001,-0.20095,-0.00026,0.99000,0.21738,0.07590,-0.00245,0.99000,-0.21646,0.05788,-0.00220,0.99000,0.12546,0.00042,-0.00162,0.99000,-0.11933,0.00339,0.00189,0.99000,0.12921,0.45391,-0.00043,0.99000,-0.12269,0.45122,-0.01118,0.99000,0.13223,0.89662,0.02294,0.99000,-0.12932,0.89972,0.01866,0.99000
4,0.1000,wave,0.19797,-0.50555,0.00002,0.99000,-0.19576,-0.50428,-0.00341,0.99000,0.23035,-0.19910,0.00069,0.99000,-0.24175,-0.20461,-0.00398,0.99000,0.22730,0.06879,-0.00141,0.99000,-0.23972,0.06890,-0.00495,0.99000,0.12470,-0.00202,0.00025,0.99000,-0.12785,-0.00113,0.00683,0.99000,0.11761,0.45557,-0.00038,0.99000,-0.12832,0.44175,-0.00639,0.99000,0.12233,0.90108,0.02610,0.99000,-0.12573,0.89795,0.01968,0.99000
4,0.1500,wave,0.20097,-0.49654,-0.00485,0.99000,-0.19745,-0.49557,-0.00244,0.99000,0.23452,-0.20537,0.00652,0.99000,-0.25575,-0.20567,-0.00168,0.99000,0.22173,0.06901,0.00101,0.99000,-0.25814,0.05908,-0.00132,0.99000,0.12790,0.00192,0.00610,0.99000,-0.12871,-0.00368,-0.00377,0.99000,0.11837,0.44790,0.00335,0.99000,-0.11973,0.45025,0.00148,0.99000,0.13230,0.90143,0.01398,0.99000,-0.12789,0.90084,0.02646,0.99000
4,0.2000,wave,0.19691,-0.49875,0.01076,0.99000,-0.19612,-0.49974,-0.00207,0.99000,0.22752,-0.20329,-0.00180,0.99000,-0.27013,-0.21294,0.00130,0.99000,0.21436,0.07575,0.00261,0.99000,-0.28995,0.06241,0.00292,0.99000,0.12411,0.00483,0.00565,0.99000,-0.12528,-0.00242,-0.00370,0.99000,0.11630,0.44170,-0.00222,0.99000,-0.12719,0.44301,-0.00969,0.99000,0.12497,0.90127,0.02894,0.99000,-0.11837,0.89769,0.01673,0.99000
4,0.2500,wave,0.19824,-0.50542,0.00191,0.99000,-0.19746,-0.49675,0.00468,0.99000,0.23363,-0.20006,-0.00144,0.99000,-0.29579,-0.21891,-0.00462,0.99000,0.21827,0.06594,0.00200,0.99000,-0.32903,0.05283,0.00738,0.99000,0.12439,-0.00120,0.00463,0.99000,-0.12789,0.00685,-0.00598,0.99000,0.12250,0.44912,-0.00380,0.99000,-0.12694,0.44241,0.00203,0.99000,0.12407,0.89332,0.02079,0.99000,-0.12841,0.89366,0.02251,0.99000
4,0.3000,wave,0.20487,-0.49831,-0.00450,0.99000,-0.20282,-0.49462,0.00389,0.99000,0.22599,-0.20230,-0.00000,0.99000,-0.32483,-0.22819,-0.00712,0.99000,0.22026,0.06025,0.00042,0.99000,-0.36560,0.03418,0.00307,0.99000,0.12068,-0.00836,0.00335,0.99000,-0.12415,-0.00671,-0.00084,0.99000,0.12002,0.45645,-0.00087,0.99000,-0.12732,0.44784,-0.00431,0.99000,0.12965,0.89809,0.02498,0.99000,-0.12331,0.89997,0.02016,0.99000
4,0.3500,wave,0.19875,-0.50365,-0.00165,0.99000,-0.20454,-0.48976,0.00401,0.99000,0.23450,-0.19999,0.00056,0.99000,-0.34943,-0.23969,0.00079,0.99000,0.21985,0.06900,0.00066,0.99000,-0.39095,0.02434,-0.00575,0.99000,0.12087,-0.00311,-0.00131,0.99000,-0.12686,0.00333,-0.00035,0.99000,0.11932,0.44506,-0.00001,0.99000,-0.11964,0.44763,-0.00086,0.99000,0.12844,0.89703,0.02205,0.99000,-0.13067,0.89548,0.01265,0.99000
4,0.4000,wave,0.19471,-0.49634,-0.00222,0.99000,-0.19951,-0.50116,-0.00056,0.99000,0.23337,-0.20472,0.00421,0.99000,-0.37874,-0.26322,0.00295,0.99000,0.20611,0.07659,-0.00250,0.99000,-0.42130,0.00712,-0.00287,0.99000,0.12406,-0.00496,-0.00002,0.99000,-0.12916,0.00737,0.00788,0.99000,0.12130,0.45304,0.00192,0.99000,-0.12353,0.45446,-0.00317,0.99000,0.12922,0.89488,0.01842,0.99000,-0.12701,0.90250,0.02015,0.99000
4,0.4500,wave,0.19398,-0.49646,0.00765,0.99000,-0.20443,-0.50557,-0.00341,0.99000,0.22803,-0.20355,0.00373,0.99000,-0.40317,-0.27316,-0.00027,0.99000,0.21733,0.06124,0.00953,0.99000,-0.44497,-0.00565,-0.00442,0.99000,0.12515,-0.00288,0.00636,0.99000,-0.12384,-0.00776,0.00149,0.99000,0.12106,0.44831,-0.00094,0.99000,-0.12572,0.44683,0.00752,0.99000,0.12675,0.89566,0.02411,0.99000,-0.12763,0.89622,0.02693,0.99000
4,0.5000,wave,0.19898,-0.50705,-0.00023,0.99000,-0.19795,-0.50185,-0.00158,0.99000,0.22484,-0.20007,0.00197,0.99000,-0.42648,-0.30315,0.00042,0.99000,0.22024,0.06929,-0.00163,0.99000,-0.46607,-0.03985,-0.00174,0.99000,0.12753,0.00017,-0.00653,0.99000,-0.11736,-0.00263,0.00331,0.99000,0.12903,0.44628,-0.00570,0.99000,-0.12922,0.45142,-0.00219,0.99000,0.12025,0.89765,0.02548,0.99000,-0.13065,0.90202,0.02253,0.99000
4,0.5500,wave,0.20096,-0.49645,0.00063,0.99000,-0.20381,-0.50296,0.00454,0.99000,0.22932,-0.19632,0.00288,0.99000,-0.45240,-0.33540,-0.00705,0.99000,0.22076,0.06665,-0.00089,0.99000,-0.47493,-0.06710,-0.00104,0.99000,0.12410,-0.00311,0.00514,0.99000,-0.12694,0.00001,0.00052,0.99000,0.12231,0.45774,-0.00341,0.99000,-0.11969,0.45321,0.00449,0.99000,0.12318,0.90545,0.02512,0.99000,-0.11960,0.89366,0.02515,0.99000
4,0.6000,wave,0.19807,-0.49914,0.00711,0.99000,-0.20913,-0.50594,-0.00423,0.99000,0.22723,-0.19482,-0.00030,0.99000,-0.46476,-0.36624,0.00534,0.99000,0.21549,0.07919,0.00060,0.99000,-0.50090,-0.09758,-0.00657,0.99000,0.12610,0.00053,-0.00167,0.99000,-0.13043,-0.00172,0.00049,0.99000,0.12569,0.44087,0.00656,0.99000,-0.11976,0.45210,-0.00638,0.99000,0.12215,0.90369,0.01918,0.99000,-0.12422,0.89671,0.02689,0.99000
4,0.6500,wave,0.20024,-0.50523,0.00142,0.99000,-0.19822,-0.49791,0.00008,0.99000,0.23000,-0.21003,-0.00325,0.99000,-0.48310,-0.39880,0.00057,0.99000,0.21716,0.06966,-0.00075,0.99000,-0.52390,-0.13133,-0.00041,0.99000,0.12651,-0.00449,-0.00482,0.99000,-0.12878,-0.00066,0.00009,0.99000,0.13051,0.45310,0.00833,0.99000,-0.12013,0.44472,-0.00054,0.99000,0.11948,0.89694,0.02159,0.99000,-0.12276,0.89766,0.02076,0.99000
4,0.7000,wave,0.19906,-0.50208,0.00017,0.99000,-0.20298,-0.50325,0.00379,0.99000,0.22950,-0.20548,0.00483,0.99000,-0.48668,-0.43316,0.00076,0.99000,0.21929,0.06817,0.00195,0.99000,-0.56488,-0.16305,0.00312,0.99000,0.12190,-0.00434,0.00309,0.99000,-0.12356,0.00378,-0.00371,0.99000,0.12514,0.44894,-0.00428,0.99000,-0.12123,0.44969,-0.00138,0.99000,0.12154,0.90093,0.02097,0.99000,-0.13102,0.89536,0.02063,0.99000
4,0.7500,wave,0.19336,-0.50135,-0.00122,0.99000,-0.19946,-0.49926,0.00442,0.99000,0.23527,-0.20240,0.00184,0.99000,-0.49424,-0.46756,-0.00539,0.99000,0.21395,0.07842,-0.00565,0.99000,-0.60778,-0.21399,0.00200,0.99000,0.12723,0.00767,-0.00527,0.99000,-0.13104,-0.00123,0.00062,0.99000,0.12982,0.45343,-0.00280,0.99000,-0.13364,0.44870,0.00205,0.99000,0.11940,0.89753,0.03139,0.99000,-0.12648,0.90841,0.02144,0.99000
4,0.8000,wave,0.19167,-0.50515,0.00087,0.99000,-0.19843,-0.49852,0.00377,0.99000,0.22151,-0.20364,-0.00255,0.99000,-0.50167,-0.49854,-0.00025,0.99000,0.21984,0.07227,-0.00112,0.99000,-0.63850,-0.27114,0.00070,0.99000,0.12202,-0.00138,-0.00236,0.99000,-0.12331,-0.00730,-0.00886,0.99000,0.11871,0.44543,-0.00249,0.99000,-0.12901,0.45653,-0.00073,0.99000,0.12997,0.90162,0.01027,0.99000,-0.12747,0.89460,0.02122,0.99000
4,0.8500,wave,0.20227,-0.49637,-0.00117,0.99000,-0.19998,-0.50010,-0.00679,0.99000,0.23166,-0.19929,-0.00292,0.99000,-0.49818,-0.52005,-0.00029,0.99000,0.21697,0.06922,-0.00153,0.99000,-0.68607,-0.32279,0.00583,0.99000,0.11803,0.00457,-0.00339,0.99000,-0.12721,0.00329,0.00718,0.99000,0.12294,0.45311,0.00526,0.99000,-0.12166,0.45415,-0.00139,0.99000,0.12830,0.89836,0.02593,0.99000,-0.11963,0.89665,0.02238,0.99000
4,0.9000,wave,0.19675,-0.49590,-0.00274,0.99000,-0.19701,-0.50212,-0.00360,0.99000,0.23100,-0.19972,-0.00393,0.99000,-0.49658,-0.55027,0.00485,0.99000,0.20939,0.07506,-0.00190,0.99000,-0.71150,-0.38344,-0.00438,0.99000,0.12425,0.00040,0.00160,0.99000,-0.12820,0.00318,-0.00024,0.99000,0.13222,0.45416,-0.00387,0.99000,-0.12259,0.45419,-0.00168,0.99000,0.12783,0.89985,0.02638,0.99000,-0.11527,0.90805,0.01702,0.99000
4,0.9500,wave,0.20361,-0.49812,-0.00097,0.99000,-0.20564,-0.49554,-0.00188,0.99000,0.22567,-0.20617,0.00414,0.99000,-0.48884,-0.56564,0.00199,0.99000,0.21989,0.07119,-0.00004,0.99000,-0.73229,-0.44708,-0.01082,0.99000,0.13202,0.00341,-0.00376,0.99000,-0.12485,0.00203,-0.00088,0.99000,0.13326,0.44557,-0.00251,0.99000,-0.11816,0.45391,-0.00488,0.99000,0.12159,0.89835,0.02516,0.99000,-0.12279,0.89433,0.01923,0.99000
4,1.0000,wave,0.19709,-0.49738,-0.00078,0.99000,-0.19752,-0.49770,0.00004,0.99000,0.22831,-0.19814,0.00268,0.99000,-0.49285,-0.58353,-0.00551,0.99000,0.21819,0.06434,-0.00452,0.99000,-0.73888,-0.48697,-0.00304,0.99000,0.12086,-0.00126,0.00262,0.99000,-0.12872,0.00006,-0.00381,0.99000,0.13170,0.45387,-0.00555,0.99000,-0.12229,0.45553,-0.01027,0.99000,0.12660,0.89485,0.02586,0.99000,-0.13203,0.90368,0.02001,0.99000
4,1.0500,wave,0.19454,-0.49745,-0.00205,0.99000,-0.20052,-0.50091,-0.00641,0.99000,0.22545,-0.20266,-0.00251,0.99000,-0.48436,-0.59638,0.00210,0.99000,0.22042,0.07215,-0.00019,0.99000,-0.74207,-0.50172,0.00401,0.99000,0.12527,-0.00070,-0.00234,0.99000,-0.12910,0.00869,0.00392,0.99000,0.12491,0.44741,0.00538,0.99000,-0.12472,0.44543,-0.00562,0.99000,0.12428,0.89660,0.02358,0.99000,-0.12809,0.89341,0.01887,0.99000
4,1.1000,wave,0.19678,-0.50172,0.00849,0.99000,-0.20654,-0.50266,0.00349,0.99000,0.23554,-0.19817,-0.00204,0.99000,-0.48146,-0.59804,0.00285,0.99000,0.22847,0.06518,-0.00298,0.99000,-0.73882,-0.49692,-0.00246,0.99000,0.12917,-0.00193,0.00594,0.99000,-0.12641,0.00236,0.00687,0.99000,0.12299,0.45040,0.00020,0.99000,-0.12384,0.45199,0.00201,0.99000,0.12938,0.89208,0.02167,0.99000,-0.12793,0.89856,0.02505,0.99000
4,1.1500,wave,0.20253,-0.49513,-0.00246,0.99000,-0.20500,-0.49791,-0.00174,0.99000,0.23733,-0.19490,0.00463,0.99000,-0.48336,-0.58655,0.00426,0.99000,0.21403,0.06045,-0.00648,0.99000,-0.72108,-0.47236,-0.00461,0.99000,0.12749,0.00048,0.00241,0.99000,-0.12496,-0.00472,0.00353,0.99000,0.12478,0.44542,0.00236,0.99000,-0.12939,0.45437,0.00276,0.99000,0.12098,0.91214,0.02744,0.99000,-0.11826,0.90475,0.01963,0.99000
4,1.2000,wave,0.19593,-0.49954,0.00396,0.99000,-0.20363,-0.50123,-0.00479,0.99000,0.23196,-0.19806,-0.00552,0.99000,-0.48639,-0.59142,0.00875,0.99000,0.22115,0.06934,-0.00042,0.99000,-0.70622,-0.44043,-0.00089,0.99000,0.12126,-0.00645,-0.00515,0.99000,-0.12329,-0.00168,0.00146,0.99000,0.12583,0.44927,-0.00038,0.99000,-0.13459,0.44916,-0.00345,0.99000,0.11916,0.90265,0.02682,0.99000,-0.12750,0.90596,0.02675,0.99000
4,1.2500,wave,0.19933,-0.49909,-0.00086,0.99000,-0.19948,-0.50127,-0.00199,0.99000,0.22595,-0.19199,-0.00699,0.99000,-0.47973,-0.58751,-0.00102,0.99000,0.22049,0.06836,0.00314,0.99000,-0.67661,-0.40228,0.00202,0.99000,0.12608,-0.00144,0.01175,0.99000,-0.12162,-0.00292,-0.00120,0.99000,0.13019,0.45112,-0.00332,0.99000,-0.13183,0.44776,0.00390,0.99000,0.12568,0.90104,0.02251,0.99000,-0.12360,0.89627,0.02403,0.99000
4,1.3000,wave,0.19502,-0.49992,-0.00054,0.99000,-0.20343,-0.49247,0.00326,0.99000,0.22815,-0.20523,-0.00406,0.99000,-0.48475,-0.59435,0.00086,0.99000,0.22773,0.05750,0.00556,0.99000,-0.63220,-0.37842,0.00078,0.99000,0.11750,-0.00247,-0.00384,0.99000,-0.13275,0.00427,-0.00403,0.99000,0.12261,0.45386,0.00364,0.99000,-0.12423,0.44966,-0.00494,0.99000,0.12211,0.90803,0.01606,0.99000,-0.13823,0.89774,0.03133,0.99000
4,1.3500,wave,0.19392,-0.50145,0.00271,0.99000,-0.20782,-0.49796,-0.00049,0.99000,0.23725,-0.20138,-0.00296,0.99000,-0.48223,-0.59088,0.00031,0.99000,0.22547,0.07277,0.00553,0.99000,-0.60310,-0.35298,-0.00557,0.99000,0.12275,0.00725,0.00745,0.99000,-0.12251,-0.00503,-0.00374,0.99000,0.11255,0.45172,-0.00081,0.99000,-0.12438,0.45257,0.00187,0.99000,0.13032,0.90381,0.02676,0.99000,-0.13276,0.90320,0.02088,0.99000
4,1.4000,wave,0.20533,-0.50404,-0.00344,0.99000,-0.19620,-0.50251,-0.00018,0.99000,0.22251,-0.20162,-0.00521,0.99000,-0.48824,-0.59030,0.00007,0.99000,0.21920,0.06441,0.00100,0.99000,-0.58070,-0.33922,-0.00368,0.99000,0.11812,0.00042,-0.00517,0.99000,-0.12515,-0.00221,-0.00145,0.99000,0.12352,0.45404,0.00333,0.99000,-0.12293,0.45691,0.00362,0.99000,0.12985,0.90510,0.02312,0.99000,-0.12674,0.90413,0.02339,0.99000
4,1.4500,wave,0.19331,-0.50264,-0.00214,0.99000,-0.19934,-0.49704,-0.00115,0.99000,0.22504,-0.20427,0.00018,0.99000,-0.48143,-0.59114,0.00140,0.99000,0.21183,0.07198,-0.00404,0.99000,-0.55367,-0.34016,-0.00178,0.99000,0.12387,-0.00409,-0.00159,0.99000,-0.12622,0.00010,-0.00504,0.99000,0.12351,0.44955,0.00610,0.99000,-0.12443,0.45723,-0.00373,0.99000,0.12517,0.89866,0.02010,0.99000,-0.12617,0.90326,0.01956,0.99000
4,1.5000,wave,0.19874,-0.50033,0.00569,0.99000,-0.20258,-0.50323,-0.00187,0.99000,0.23192,-0.20372,0.00101,0.99000,-0.47531,-0.58854,0.00223,0.99000,0.22005,0.07663,0.00398,0.99000,-0.55467,-0.32990,-0.01308,0.99000,0.12666,-0.00204,-0.00585,0.99000,-0.11922,-0.00044,-0.00708,0.99000,0.12318,0.45381,-0.00426,0.99000,-0.12510,0.45788,0.00372,0.99000,0.12696,0.89482,0.02284,0.99000,-0.12724,0.89573,0.01909,0.99000
4,1.5500,wave,0.19939,-0.50167,0.00588,0.99000,-0.19498,-0.50506,0.00440,0.99000,0.22455,-0.20164,-0.00460,0.99000,-0.48447,-0.59267,-0.00325,0.99000,0.21861,0.07234,-0.00238,0.99000,-0.56427,-0.33227,0.00069,0.99000,0.12753,-0.00016,-0.00619,0.99000,-0.12780,0.00025,-0.00364,0.99000,0.12421,0.44526,0.00407,0.99000,-0.11428,0.45120,-0.00462,0.99000,0.11638,0.90340,0.02789,0.99000,-0.12444,0.90094,0.02300,0.99000
4,1.6000,wave,0.20319,-0.50625,0.00316,0.99000,-0.20166,-0.50591,-0.00275,0.99000,0.22403,-0.20035,-0.00203,0.99000,-0.49217,-0.59879,0.00007,0.99000,0.21644,0.06359,0.00215,0.99000,-0.59368,-0.34794,0.00162,0.99000,0.12113,0.00333,-0.00470,0.99000,-0.12397,-0.00376,-0.00426,0.99000,0.12650,0.45245,-0.00487,0.99000,-0.12569,0.44681,-0.00061,0.99000,0.11826,0.89356,0.03087,0.99000,-0.13019,0.89839,0.01971,0.99000
4,1.6500,wave,0.19638,-0.49950,0.00231,0.99000,-0.20076,-0.50206,-0.00061,0.99000,0.23489,-0.20491,0.00040,0.99000,-0.48434,-0.59320,-0.00180,0.99000,0.21714,0.06154,0.00233,0.99000,-0.63817,-0.36721,0.00461,0.99000,0.13159,0.00159,-0.00708,0.99000,-0.12975,0.00515,-0.00204,0.99000,0.12331,0.45341,0.00153,0.99000,-0.12666,0.45422,0.00852,0.99000,0.11750,0.90185,0.02659,0.99000,-0.13313,0.89698,0.02395,0.99000
4,1.7000,wave,0.20469,-0.50345,-0.00241,0.99000,-0.19696,-0.49998,-0.01214,0.99000,0.23127,-0.20022,0.00419,0.99000,-0.47907,-0.59441,0.00592,0.99000,0.21768,0.06907,-0.00119,0.99000,-0.66212,-0.39663,-0.00186,0.99000,0.12866,-0.00313,-0.00011,0.99000,-0.12554,-0.00218,-0.00121,0.99000,0.12424,0.44784,0.00080,0.99000,-0.12554,0.44984,-0.00296,0.99000,0.12509,0.89480,0.02034,0.99000,-0.12718,0.89540,0.02417,0.99000
4,1.7500,wave,0.19678,-0.49977,0.00526,0.99000,-0.20487,-0.50199,0.00156,0.99000,0.23089,-0.19488,-0.00672,0.99000,-0.48729,-0.59832,0.00224,0.99000,0.21991,0.06632,0.00143,0.99000,-0.69684,-0.43357,0.00193,0.99000,0.12517,-0.00272,0.00169,0.99000,-0.12192,-0.00300,0.00209,0.99000,0.13388,0.44901,-0.00378,0.99000,-0.13152,0.45742,0.00103,0.99000,0.12753,0.90023,0.02692,0.99000,-0.11883,0.89699,0.02288,0.99000
4,1.8000,wave,0.20490,-0.49912,-0.00787,0.99000,-0.20938,-0.50542,-0.00116,0.99000,0.22963,-0.19900,0.00763,0.99000,-0.48508,-0.60140,-0.00182,0.99000,0.21746,0.07177,0.00449,0.99000,-0.71983,-0.46030,-0.00239,0.99000,0.13039,-0.00268,0.00756,0.99000,-0.12690,-0.01192,-0.00601,0.99000,0.12123,0.45284,0.00359,0.99000,-0.12124,0.45782,0.00446,0.99000,0.12556,0.90085,0.01660,0.99000,-0.12326,0.89075,0.02266,0.99000
4,1.8500,wave,0.19216,-0.50337,0.00167,0.99000,-0.19467,-0.50093,-0.00337,0.99000,0.23279,-0.20558,-0.00514,0.99000,-0.47624,-0.59356,0.00716,0.99000,0.20965,0.06596,-0.00153,0.99000,-0.73083,-0.49366,-0.00305,0.99000,0.12800,0.00240,-0.00363,0.99000,-0.12022,-0.00582,0.00031,0.99000,0.12864,0.44936,-0.00148,0.99000,-0.12313,0.44685,-0.00331,0.99000,0.12424,0.89934,0.02200,0.99000,-0.12276,0.88733,0.02100,0.99000
4,1.9000,wave,0.19995,-0.50356,-0.00292,0.99000,-0.20477,-0.50119,-0.00058,0.99000,0.23316,-0.20509,0.00070,0.99000,-0.47464,-0.59894,-0.00062,0.99000,0.22814,0.06217,0.00061,0.99000,-0.74008,-0.51487,0.00158,0.99000,0.12633,-0.00281,-0.00568,0.99000,-0.11916,0.00206,0.00069,0.99000,0.12453,0.44673,-0.00421,0.99000,-0.12601,0.44760,0.00162,0.99000,0.12729,0.90608,0.02078,0.99000,-0.12140,0.89733,0.02761,0.99000
4,1.9500,wave,0.20100,-0.49777,0.00493,0.99000,-0.19034,-0.49379,0.00295,0.99000,0.23688,-0.20094,0.00187,0.99000,-0.48357,-0.60189,0.00035,0.99000,0.22391,0.06657,0.00002,0.99000,-0.73581,-0.51406,-0.00099,0.99000,0.12600,0.00007,-0.00541,0.99000,-0.12241,-0.00074,-0.00618,0.99000,0.12526,0.45090,-0.00215,0.99000,-0.12432,0.45432,0.00145,0.99000,0.12626,0.90126,0.01601,0.99000,-0.12454,0.89970,0.01686,0.99000
4,2.0000,wave,0.20353,-0.49855,-0.00322,0.99000,-0.19596,-0.49469,0.00179,0.99000,0.23304,-0.20257,0.00722,0.99000,-0.48075,-0.59075,-0.00065,0.99000,0.21394,0.07282,-0.00046,0.99000,-0.73222,-0.50154,0.00261,0.99000,0.12547,-0.00111,0.00475,0.99000,-0.12666,-0.00300,0.00563,0.99000,0.12534,0.44966,0.00313,0.99000,-0.12649,0.44306,0.00168,0.99000,0.11930,0.89582,0.01689,0.99000,-0.11978,0.90020,0.02535,0.99000
4,2.0500,wave,0.20086,-0.49774,-0.00181,0.99000,-0.19803,-0.50005,0.00221,0.99000,0.23659,-0.20047,-0.00548,0.99000,-0.49000,-0.59903,0.00116,0.99000,0.22312,0.06935,-0.00292,0.99000,-0.71602,-0.47412,0.00009,0.99000,0.12235,-0.00012,-0.00311,0.99000,-0.12362,0.00258,-0.00276,0.99000,0.12639,0.44588,0.00078,0.99000,-0.12559,0.44812,-0.00220,0.99000,0.12177,0.89906,0.02304,0.99000,-0.12605,0.90238,0.02175,0.99000
4,2.1000,wave,0.19787,-0.49859,-0.00236,0.99000,-0.18692,-0.49118,-0.00062,0.99000,0.22550,-0.20387,-0.00249,0.99000,-0.48176,-0.60241,0.00056,0.99000,0.22081,0.07678,0.00607,0.99000,-0.70022,-0.43388,-0.00290,0.99000,0.13073,0.00323,-0.00539,0.99000,-0.13140,0.00592,-0.00326,0.99000,0.12224,0.44829,-0.00221,0.99000,-0.12530,0.44983,0.00331,0.99000,0.12245,0.89600,0.02743,0.99000,-0.13207,0.89732,0.02496,0.99000
4,2.1500,wave,0.20213,-0.50337,0.00484,0.99000,-0.20479,-0.50498,-0.00489,0.99000,0.23269,-0.19828,-0.00310,0.99000,-0.48297,-0.59061,-0.00051,0.99000,0.21702,0.07217,0.00092,0.99000,-0.66655,-0.39054,-0.00058,0.99000,0.12964,-0.00077,-0.00071,0.99000,-0.13196,-0.00400,-0.00101,0.99000,0.11875,0.44821,0.00201,0.99000,-0.12555,0.45446,0.00372,0.99000,0.12531,0.90462,0.02257,0.99000,-0.12492,0.89781,0.02654,0.99000
4,2.2000,wave,0.20398,-0.49647,-0.00765,0.99000,-0.20007,-0.49954,-0.00130,0.99000,0.22882,-0.20349,-0.00100,0.99000,-0.48321,-0.59622,-0.00239,0.99000,0.21631,0.07144,0.01228,0.99000,-0.63432,-0.36798,0.00370,0.99000,0.11675,0.00254,-0.00875,0.99000,-0.12825,-0.00169,-0.00083,0.99000,0.12477,0.44732,-0.00179,0.99000,-0.13073,0.44934,0.00188,0.99000,0.12839,0.89626,0.02491,0.99000,-0.12147,0.90144,0.02037,0.99000
4,2.2500,wave,0.19137,-0.49957,-0.00511,0.99000,-0.19276,-0.50346,0.00008,0.99000,0.23409,-0.20498,-0.00627,0.99000,-0.48595,-0.59417,-0.00059,0.99000,0.22004,0.07023,0.00085,0.99000,-0.59583,-0.34854,-0.00258,0.99000,0.12416,-0.00200,-0.00973,0.99000,-0.12296,-0.00483,0.00027,0.99000,0.12555,0.44881,-0.00292,0.99000,-0.12681,0.44716,-0.00013,0.99000,0.12376,0.90853,0.01873,0.99000,-0.13074,0.90124,0.02183,0.99000
4,2.3000,wave,0.21404,-0.49657,-0.00307,0.99000,-0.19768,-0.50264,-0.00118,0.99000,0.22540,-0.20664,-0.00236,0.99000,-0.48018,-0.59628,0.00379,0.99000,0.21726,0.07070,-0.00500,0.99000,-0.57199,-0.34102,0.00030,0.99000,0.12337,-0.00654,0.00155,0.99000,-0.12264,0.00109,-0.00143,0.99000,0.11957,0.44772,-0.00681,0.99000,-0.13164,0.45014,0.00672,0.99000,0.12038,0.90016,0.01675,0.99000,-0.12690,0.89787,0.02802,0.99000
4,2.3500,wave,0.20275,-0.50446,-0.00086,0.99000,-0.20064,-0.49555,-0.00014,0.99000,0.22458,-0.19699,0.00579,0.99000,-0.48232,-0.59433,-0.00332,0.99000,0.21837,0.06511,0.00168,0.99000,-0.55510,-0.33860,-0.00292,0.99000,0.11605,0.00387,-0.00209,0.99000,-0.12521,0.00747,-0.00013,0.99000,0.12617,0.44152,0.00234,0.99000,-0.11664,0.45129,0.00246,0.99000,0.12811,0.89408,0.02145,0.99000,-0.12919,0.89677,0.02823,0.99000
4,2.4000,wave,0.20014,-0.50253,-0.00197,0.99000,-0.20735,-0.50247,-0.00693,0.99000,0.22593,-0.20154,0.00372,0.99000,-0.47862,-0.60064,-0.00119,0.99000,0.21672,0.07574,0.00225,0.99000,-0.55292,-0.33086,-0.00382,0.99000,0.12143,-0.00168,-0.00648,0.99000,-0.12482,-0.00253,0.00231,0.99000,0.12377,0.44298,-0.00793,0.99000,-0.12845,0.45545,0.00167,0.99000,0.12834,0.89765,0.02245,0.99000,-0.12771,0.89899,0.02770,0.99000
4,2.4500,wave,0.19842,-0.49171,0.00216,0.99000,-0.20031,-0.50062,0.00210,0.99000,0.22852,-0.20010,0.00266,0.99000,-0.48398,-0.59683,0.00544,0.99000,0.22317,0.06781,-0.00005,0.99000,-0.57257,-0.33870,-0.00448,0.99000,0.12366,0.00087,0.00075,0.99000,-0.12774,0.00277,-0.00619,0.99000,0.12177,0.45213,-0.00163,0.99000,-0.12060,0.44990,-0.00154,0.99000,0.12107,0.89498,0.02707,0.99000,-0.12398,0.90106,0.02272,0.99000
4,2.5000,wave,0.20273,-0.49661,-0.00577,0.99000,-0.20495,-0.49701,-0.00052,0.99000,0.22118,-0.20454,0.00117,0.99000,-0.48745,-0.58941,-0.00214,0.99000,0.21955,0.07423,0.00201,0.99000,-0.59658,-0.35826,-0.00764,0.99000,0.12771,0.00481,-0.00451,0.99000,-0.12640,-0.00222,0.00622,0.99000,0.12072,0.44866,0.00452,0.99000,-0.12139,0.45058,-0.00305,0.99000,0.11986,0.89989,0.02217,0.99000,-0.12599,0.90009,0.02608,0.99000
4,2.5500,wave,0.19785,-0.50145,0.00522,0.99000,-0.19989,-0.49731,0.00201,0.99000,0.23418,-0.20483,0.00443,0.99000,-0.48086,-0.59502,-0.00131,0.99000,0.21678,0.06265,0.00306,0.99000,-0.63048,-0.38001,0.00455,0.99000,0.12657,0.00140,-0.00627,0.99000,-0.11898,0.01269,-0.00702,0.99000,0.12166,0.45166,-0.00553,0.99000,-0.12551,0.45095,0.00516,0.99000,0.11800,0.90403,0.02356,0.99000,-0.12402,0.90205,0.03087,0.99000
4,2.6000,wave,0.19916,-0.49981,0.00112,0.99000,-0.19474,-0.49618,-0.00076,0.99000,0.22774,-0.20807,0.00414,0.99000,-0.48875,-0.59549,0.00204,0.99000,0.21734,0.06358,0.00279,0.99000,-0.67410,-0.39814,-0.00597,0.99000,0.12331,0.00710,-0.00149,0.99000,-0.11375,-0.00451,0.00034,0.99000,0.11882,0.45102,-0.00013,0.99000,-0.12751,0.44830,-0.00719,0.99000,0.12449,0.90348,0.01979,0.99000,-0.12336,0.89590,0.02064,0.99000
4,2.6500,wave,0.20204,-0.50206,0.00204,0.99000,-0.19871,-0.49747,-0.00409,0.99000,0.23839,-0.19836,0.00102,0.99000,-0.47939,-0.59975,0.00409,0.99000,0.21250,0.06727,-0.00021,0.99000,-0.69831,-0.43695,-0.00553,0.99000,0.12485,0.00228,-0.00280,0.99000,-0.12245,0.00111,-0.00303,0.99000,0.11424,0.44502,0.00077,0.99000,-0.12018,0.45295,0.00469,0.99000,0.12377,0.90055,0.02970,0.99000,-0.12504,0.90155,0.02101,0.99000
4,2.7000,wave,0.19443,-0.50354,0.00499,0.99000,-0.19647,-0.49479,-0.00060,0.99000,0.23109,-0.20080,-0.00107,0.99000,-0.48654,-0.59318,-0.00374,0.99000,0.21899,0.06841,0.00167,0.99000,-0.71998,-0.47015,0.00054,0.99000,0.12810,-0.00109,-0.00400,0.99000,-0.12421,-0.00258,0.00035,0.99000,0.12929,0.44727,0.00345,0.99000,-0.12927,0.44872,0.00148,0.99000,0.12252,0.89742,0.02236,0.99000,-0.13149,0.89779,0.01982,0.99000
4,2.7500,wave,0.19734,-0.50287,-0.00305,0.99000,-0.19711,-0.49916,-0.00082,0.99000,0.22996,-0.20785,-0.00129,0.99000,-0.48400,-0.58993,-0.00614,0.99000,0.21939,0.06794,0.00253,0.99000,-0.74072,-0.49554,-0.00411,0.99000,0.12525,-0.00334,0.00298,0.99000,-0.12431,-0.00007,-0.00370,0.99000,0.12477,0.45128,0.00244,0.99000,-0.11976,0.44960,0.00084,0.99000,0.12658,0.90082,0.02596,0.99000,-0.13345,0.90124,0.01811,0.99000
4,2.8000,wave,0.20117,-0.50349,0.00381,0.99000,-0.19800,-0.50289,0.00055,0.99000,0.22717,-0.19942,0.00148,0.99000,-0.48567,-0.59800,-0.00058,0.99000,0.21040,0.07585,0.00301,0.99000,-0.75158,-0.50863,-0.00161,0.99000,0.12263,0.00182,0.00566,0.99000,-0.12408,-0.00578,0.00283,0.99000,0.12718,0.43973,-0.00477,0.99000,-0.12154,0.45231,-0.00258,0.99000,0.13013,0.90281,0.02328,0.99000,-0.12315,0.89650,0.02271,0.99000
4,2.8500,wave,0.20419,-0.50158,0.00363,0.99000,-0.20401,-0.49932,0.00245,0.99000,0.22439,-0.19777,-0.00238,0.99000,-0.48976,-0.59813,-0.00553,0.99000,0.22340,0.07097,-0.00016,0.99000,-0.73671,-0.50575,-0.00676,0.99000,0.12952,-0.00844,-0.00575,0.99000,-0.13259,-0.00163,-0.01109,0.99000,0.11660,0.44793,-0.00545,0.99000,-0.12139,0.45069,-0.00549,0.99000,0.12947,0.90026,0.01509,0.99000,-0.13304,0.89300,0.02693,0.99000
4,2.9000,wave,0.20049,-0.49749,0.00260,0.99000,-0.20026,-0.49850,0.00310,0.99000,0.23165,-0.20200,0.00042,0.99000,-0.47386,-0.58959,-0.00174,0.99000,0.21262,0.06943,0.00323,0.99000,-0.73440,-0.48745,0.00016,0.99000,0.12536,-0.00325,-0.00567,0.99000,-0.12282,-0.00449,-0.00178,0.99000,0.12647,0.45040,-0.00292,0.99000,-0.12211,0.45581,-0.00386,0.99000,0.12216,0.89945,0.01795,0.99000,-0.12944,0.90286,0.02165,0.99000
4,2.9500,wave,0.20176,-0.50295,-0.00484,0.99000,-0.20138,-0.50215,0.00365,0.99000,0.23337,-0.20415,0.00420,0.99000,-0.48824,-0.59341,0.00695,0.99000,0.22068,0.07183,0.00551,0.99000,-0.71582,-0.46018,-0.01367,0.99000,0.12495,-0.00087,0.00428,0.99000,-0.12511,0.00024,0.00597,0.99000,0.11875,0.45095,0.00247,0.99000,-0.11972,0.45507,0.00284,0.99000,0.12701,0.89570,0.01738,0.99000,-0.12457,0.89443,0.02059,0.99000
4,3.0000,wave,0.20004,-0.49633,0.00166,0.99000,-0.19461,-0.50070,-0.00201,0.99000,0.22673,-0.20036,0.00135,0.99000,-0.48304,-0.59292,-0.00118,0.99000,0.21178,0.06254,0.00142,0.99000,-0.69382,-0.42539,0.00180,0.99000,0.12071,-0.00173,0.00249,0.99000,-0.12954,0.00340,0.00248,0.99000,0.12705,0.45104,0.00549,0.99000,-0.11845,0.44810,0.00420,0.99000,0.12370,0.89400,0.02971,0.99000,-0.12887,0.90509,0.02014,0.99000
4,3.0500,wave,0.19961,-0.49589,0.01023,0.99000,-0.20012,-0.49869,0.00346,0.99000,0.22985,-0.20647,-0.00278,0.99000,-0.48452,-0.59657,-0.00325,0.99000,0.21099,0.06713,-0.00766,0.99000,-0.65790,-0.38787,0.00390,0.99000,0.13142,0.00437,-0.00075,0.99000,-0.11756,0.00166,-0.00185,0.99000,0.12112,0.45088,-0.00541,0.99000,-0.12847,0.45333,-0.00584,0.99000,0.12319,0.89745,0.02342,0.99000,-0.12209,0.89512,0.02556,0.99000
4,3.1000,wave,0.20476,-0.50189,-0.00310,0.99000,-0.20124,-0.49205,-0.00055,0.99000,0.23327,-0.19509,-0.00353,0.99000,-0.48822,-0.59189,0.00620,0.99000,0.22322,0.06729,0.00718,0.99000,-0.61921,-0.35826,-0.00725,0.99000,0.12767,-0.00453,0.00361,0.99000,-0.12142,-0.00529,0.00842,0.99000,0.11989,0.44877,0.00266,0.99000,-0.12347,0.44619,-0.00116,0.99000,0.12387,0.90191,0.02308,0.99000,-0.13101,0.89917,0.02223,0.99000
4,3.1500,wave,0.20100,-0.50179,0.00514,0.99000,-0.19837,-0.50173,0.00305,0.99000,0.22799,-0.19454,0.00095,0.99000,-0.48621,-0.60598,-0.00734,0.99000,0.22393,0.06303,0.00866,0.99000,-0.59340,-0.34474,-0.00992,0.99000,0.13100,-0.00834,-0.00629,0.99000,-0.13126,0.00104,0.00191,0.99000,0.13294,0.44799,0.01064,0.99000,-0.13063,0.45019,-0.00175,0.99000,0.12583,0.89930,0.02551,0.99000,-0.12641,0.90348,0.01889,0.99000
4,3.2000,wave,0.19975,-0.50800,-0.00567,0.99000,-0.19764,-0.49624,-0.00509,0.99000,0.22740,-0.20061,0.00310,0.99000,-0.47299,-0.59503,0.00277,0.99000,0.21937,0.07113,-0.00625,0.99000,-0.56675,-0.33798,-0.00071,0.99000,0.12562,-0.00493,-0.00139,0.99000,-0.12821,0.00308,0.00308,0.99000,0.12771,0.45143,0.00407,0.99000,-0.12981,0.44833,0.00257,0.99000,0.12024,0.89963,0.01991,0.99000,-0.12737,0.89870,0.01982,0.99000
4,3.2500,wave,0.20073,-0.50002,0.00932,0.99000,-0.19995,-0.50091,0.00551,0.99000,0.23099,-0.20307,0.00342,0.99000,-0.48442,-0.59679,-0.00154,0.99000,0.22103,0.07391,0.00269,0.99000,-0.54601,-0.34536,-0.00034,0.99000,0.12755,-0.00277,-0.00261,0.99000,-0.12970,0.00113,0.00137,0.99000,0.12405,0.45387,-0.00807,0.99000,-0.11740,0.45052,-0.00479,0.99000,0.12484,0.89754,0.03141,0.99000,-0.12544,0.90264,0.02067,0.99000
4,3.3000,wave,0.19994,-0.50121,-0.00607,0.99000,-0.20865,-0.49663,-0.00554,0.99000,0.22750,-0.20139,-0.00175,0.99000,-0.48706,-0.59599,0.00263,0.99000,0.21769,0.06824,0.00500,0.99000,-0.56157,-0.33740,0.00646,0.99000,0.12563,0.00707,0.00232,0.99000,-0.12642,-0.00098,-0.00172,0.99000,0.12341,0.45013,0.00426,0.99000,-0.12542,0.44699,0.00222,0.99000,0.12717,0.90192,0.02585,0.99000,-0.12585,0.90574,0.02470,0.99000
4,3.3500,wave,0.20412,-0.50034,-0.00046,0.99000,-0.20174,-0.50101,-0.00604,0.99000,0.22593,-0.20253,-0.01041,0.99000,-0.48329,-0.58951,0.00425,0.99000,0.22091,0.06676,0.00111,0.99000,-0.57173,-0.34009,-0.00306,0.99000,0.13291,-0.00034,-0.00236,0.99000,-0.12201,-0.00159,-0.01150,0.99000,0.12672,0.44874,0.00224,0.99000,-0.12304,0.45768,-0.00009,0.99000,0.12342,0.90305,0.02091,0.99000,-0.13657,0.90258,0.02799,0.99000
4,3.4000,wave,0.20100,-0.49908,-0.00124,0.99000,-0.20028,-0.50107,-0.00218,0.99000,0.23245,-0.19653,0.00681,0.99000,-0.48012,-0.60177,0.00215,0.99000,0.21861,0.06747,0.00264,0.99000,-0.60711,-0.35395,0.00426,0.99000,0.12690,-0.00326,0.00059,0.99000,-0.11683,-0.00195,-0.00179,0.99000,0.12707,0.45617,-0.00245,0.99000,-0.12338,0.45017,-0.00505,0.99000,0.13044,0.89754,0.01578,0.99000,-0.12556,0.90695,0.02747,0.99000
4,3.4500,wave,0.20162,-0.50776,-0.00314,0.99000,-0.20149,-0.50120,-0.00461,0.99000,0.22015,-0.20310,-0.00017,0.99000,-0.47495,-0.59510,0.00109,0.99000,0.21810,0.06818,-0.00278,0.99000,-0.64915,-0.37721,-0.00293,0.99000,0.12233,-0.00638,0.00013,0.99000,-0.12736,0.00379,0.00537,0.99000,0.12348,0.44955,-0.00135,0.99000,-0.12404,0.44885,-0.00158,0.99000,0.11975,0.89852,0.01593,0.99000,-0.12956,0.90043,0.02870,0.99000
4,3.5000,wave,0.20083,-0.50397,-0.00465,0.99000,-0.20674,-0.50636,0.00220,0.99000,0.23245,-0.20784,0.00484,0.99000,-0.48579,-0.59784,-0.00432,0.99000,0.21345,0.06286,-0.00086,0.99000,-0.68082,-0.40293,0.00138,0.99000,0.13397,0.00060,0.00832,0.99000,-0.13033,0.00329,0.00578,0.99000,0.12878,0.45065,0.00197,0.99000,-0.12020,0.44718,0.00024,0.99000,0.12321,0.89159,0.01471,0.99000,-0.12665,0.90032,0.02357,0.99000
4,3.5500,wave,0.19847,-0.50011,0.00208,0.99000,-0.19909,-0.49927,-0.00520,0.99000,0.22968,-0.19746,-0.00528,0.99000,-0.48203,-0.59750,0.00338,0.99000,0.22048,0.07158,0.00435,0.99000,-0.70659,-0.45237,0.00287,0.99000,0.12909,-0.00146,0.00147,0.99000,-0.12060,-0.00074,0.00326,0.99000,0.12439,0.44938,-0.00881,0.99000,-0.12631,0.45393,0.00265,0.99000,0.12233,0.89633,0.02597,0.99000,-0.12624,0.89051,0.02346,0.99000
4,3.6000,wave,0.19085,-0.49833,0.00429,0.99000,-0.19582,-0.50230,-0.00139,0.99000,0.23205,-0.20576,0.00401,0.99000,-0.48246,-0.59730,-0.00359,0.99000,0.22097,0.07373,0.00299,0.99000,-0.72127,-0.47496,0.00245,0.99000,0.12005,0.00078,0.00424,0.99000,-0.12320,0.00121,0.00137,0.99000,0.12573,0.45067,0.00058,0.99000,-0.12431,0.45135,-0.00293,0.99000,0.12329,0.90172,0.01926,0.99000,-0.12469,0.89385,0.01983,0.99000
4,3.6500,wave,0.19609,-0.50117,0.00289,0.99000,-0.19880,-0.49855,-0.00328,0.99000,0.23493,-0.19506,-0.00070,0.99000,-0.48714,-0.59100,-0.00595,0.99000,0.22030,0.06965,-0.00212,0.99000,-0.73716,-0.50348,0.00188,0.99000,0.12207,-0.00287,-0.00102,0.99000,-0.12459,-0.00075,-0.00079,0.99000,0.13171,0.45535,-0.00747,0.99000,-0.12740,0.44810,-0.00629,0.99000,0.12424,0.89526,0.02243,0.99000,-0.12708,0.90365,0.02567,0.99000
4,3.7000,wave,0.19898,-0.49777,0.00749,0.99000,-0.19945,-0.50739,0.00092,0.99000,0.22767,-0.20309,0.00542,0.99000,-0.48864,-0.59360,0.00085,0.99000,0.21446,0.06176,-0.00190,0.99000,-0.74165,-0.50892,-0.00603,0.99000,0.12472,-0.00430,0.00011,0.99000,-0.12915,-0.00064,0.00399,0.99000,0.12581,0.45138,0.00168,0.99000,-0.12676,0.45217,0.00329,0.99000,0.12715,0.90006,0.01911,0.99000,-0.12464,0.89831,0.01892,0.99000
4,3.7500,wave,0.19518,-0.50063,0.00177,0.99000,-0.19785,-0.50005,0.00599,0.99000,0.22905,-0.19884,0.00241,0.99000,-0.47862,-0.58610,0.00758,0.99000,0.21442,0.06460,0.00388,0.99000,-0.74336,-0.50674,0.00673,0.99000,0.11922,0.00231,0.00113,0.99000,-0.12351,0.00060,0.00061,0.99000,0.12303,0.45461,0.00420,0.99000,-0.12005,0.44679,-0.00431,0.99000,0.12930,0.89904,0.02507,0.99000,-0.12823,0.90548,0.02279,0.99000
4,3.8000,wave,0.20521,-0.50271,-0.00015,0.99000,-0.19242,-0.49696,0.00495,0.99000,0.23280,-0.20347,0.00197,0.99000,-0.48351,-0.59465,-0.00263,0.99000,0.21557,0.06602,0.00330,0.99000,-0.73146,-0.47947,-0.00194,0.99000,0.12696,-0.00238,-0.00478,0.99000,-0.12848,0.00386,0.00420,0.99000,0.12089,0.45394,0.00174,0.99000,-0.11945,0.45560,0.00281,0.99000,0.12909,0.90209,0.01918,0.99000,-0.12591,0.90146,0.01424,0.99000
4,3.8500,wave,0.19838,-0.49594,-0.00424,0.99000,-0.19550,-0.49636,-0.00199,0.99000,0.22648,-0.19271,-0.00065,0.99000,-0.48687,-0.57682,-0.00505,0.99000,0.22204,0.06860,0.00452,0.99000,-0.71757,-0.42673,0.00295,0.99000,0.12940,0.00098,-0.00042,0.99000,-0.12772,0.00012,-0.00280,0.99000,0.12892,0.44791,-0.00837,0.99000,-0.12459,0.45020,-0.00095,0.99000,0.12664,0.89915,0.01922,0.99000,-0.12190,0.89630,0.01966,0.99000
4,3.9000,wave,0.19970,-0.49753,0.00923,0.99000,-0.20114,-0.50039,0.00401,0.99000,0.23040,-0.20061,0.00308,0.99000,-0.49509,-0.55258,-0.00018,0.99000,0.22438,0.06275,0.00401,0.99000,-0.67363,-0.35969,-0.00684,0.99000,0.13048,-0.00466,-0.00448,0.99000,-0.12825,0.00296,-0.00091,0.99000,0.12434,0.45060,-0.00033,0.99000,-0.12369,0.44478,-0.00429,0.99000,0.12548,0.90322,0.02513,0.99000,-0.12669,0.90156,0.02034,0.99000
4,3.9500,wave,0.19785,-0.50492,0.00107,0.99000,-0.19765,-0.49572,-0.00136,0.99000,0.23615,-0.19676,0.00217,0.99000,-0.49835,-0.51335,-0.00191,0.99000,0.22328,0.06474,0.00207,0.99000,-0.64803,-0.29004,-0.00030,0.99000,0.12439,0.00319,-0.00123,0.99000,-0.12575,0.00188,0.00306,0.99000,0.13307,0.44706,0.00405,0.99000,-0.12648,0.45304,0.00361,0.99000,0.12168,0.90420,0.02722,0.99000,-0.12261,0.90223,0.02455,0.99000
4,4.0000,wave,0.20119,-0.50294,-0.00197,0.99000,-0.20121,-0.50445,-0.00371,0.99000,0.22656,-0.20767,0.00282,0.99000,-0.50115,-0.46100,-0.00083,0.99000,0.21422,0.07467,0.00548,0.99000,-0.59899,-0.20915,0.00240,0.99000,0.12512,-0.00374,0.00308,0.99000,-0.12254,-0.00614,-0.00040,0.99000,0.12588,0.45318,-0.00664,0.99000,-0.12604,0.44977,0.00662,0.99000,0.12241,0.90013,0.02381,0.99000,-0.12496,0.90179,0.02039,0.99000
4,4.0500,wave,0.19327,-0.49505,0.00278,0.99000,-0.20379,-0.50033,0.00134,0.99000,0.23224,-0.20119,-0.00251,0.99000,-0.48258,-0.40793,-0.00807,0.99000,0.21747,0.07230,0.00036,0.99000,-0.54048,-0.14473,-0.00065,0.99000,0.11879,0.00588,-0.00148,0.99000,-0.12248,0.00696,-0.00035,0.99000,0.12683,0.45010,0.00455,0.99000,-0.12616,0.45760,0.00091,0.99000,0.12373,0.89839,0.02202,0.99000,-0.12498,0.89951,0.01945,0.99000
4,4.1000,wave,0.19657,-0.50114,0.00219,0.99000,-0.20687,-0.49758,0.00212,0.99000,0.22651,-0.20217,-0.00889,0.99000,-0.45973,-0.35322,0.00135,0.99000,0.21520,0.06672,0.00013,0.99000,-0.50365,-0.08161,-0.00182,0.99000,0.12449,-0.00179,-0.00593,0.99000,-0.12222,0.00251,-0.00356,0.99000,0.13140,0.45040,-0.00702,0.99000,-0.13232,0.45307,-0.00302,0.99000,0.11926,0.90754,0.02291,0.99000,-0.12793,0.90760,0.02001,0.99000
4,4.1500,wave,0.20531,-0.49733,0.00499,0.99000,-0.19784,-0.50525,-0.00169,0.99000,0.22867,-0.19800,-0.00235,0.99000,-0.43372,-0.30465,-0.00069,0.99000,0.22204,0.05695,0.00151,0.99000,-0.45569,-0.04315,-0.00319,0.99000,0.12192,0.00660,-0.00686,0.99000,-0.12995,-0.00070,-0.00140,0.99000,0.11763,0.45540,0.00309,0.99000,-0.12906,0.43623,0.00314,0.99000,0.11962,0.90449,0.02159,0.99000,-0.12575,0.89378,0.02731,0.99000
4,4.2000,wave,0.19441,-0.50283,-0.00125,0.99000,-0.20112,-0.50655,0.00545,0.99000,0.22627,-0.20379,-0.00115,0.99000,-0.38304,-0.26576,0.00424,0.99000,0.21457,0.06638,-0.00048,0.99000,-0.40534,0.00762,-0.00612,0.99000,0.12517,0.00269,0.00669,0.99000,-0.12511,0.00284,0.00110,0.99000,0.12801,0.44804,-0.00179,0.99000,-0.11759,0.45063,0.00195,0.99000,0.11944,0.89391,0.02801,0.99000,-0.12348,0.90237,0.02198,0.99000
4,4.2500,wave,0.19046,-0.50528,-0.00094,0.99000,-0.20152,-0.50207,-0.00101,0.99000,0.22538,-0.19437,-0.00008,0.99000,-0.33509,-0.23485,-0.00226,0.99000,0.22007,0.06099,0.00192,0.99000,-0.35271,0.02922,-0.00383,0.99000,0.12648,-0.00203,-0.00520,0.99000,-0.12717,-0.00105,-0.00154,0.99000,0.12745,0.45213,0.00447,0.99000,-0.12379,0.45402,-0.00135,0.99000,0.12549,0.90836,0.02111,0.99000,-0.12807,0.90238,0.02775,0.99000
4,4.3000,wave,0.19408,-0.49963,0.00066,0.99000,-0.20429,-0.49946,0.00190,0.99000,0.23197,-0.19904,-0.00267,0.99000,-0.30266,-0.21610,0.00292,0.99000,0.22285,0.06275,0.00053,0.99000,-0.30356,0.05838,0.00236,0.99000,0.12939,-0.00196,-0.00451,0.99000,-0.12769,-0.00121,-0.00021,0.99000,0.12808,0.43662,0.00258,0.99000,-0.12490,0.44437,-0.00622,0.99000,0.13000,0.89977,0.02839,0.99000,-0.11984,0.89903,0.02113,0.99000
4,4.3500,wave,0.20575,-0.50073,-0.00074,0.99000,-0.19618,-0.49584,-0.00137,0.99000,0.23264,-0.20364,-0.00552,0.99000,-0.26975,-0.19823,-0.00532,0.99000,0.21497,0.07266,0.00371,0.99000,-0.25938,0.06969,-0.00422,0.99000,0.12684,-0.00280,0.00004,0.99000,-0.12384,0.00502,0.00654,0.99000,0.12579,0.44739,0.00236,0.99000,-0.11885,0.45666,-0.00259,0.99000,0.12702,0.90171,0.01985,0.99000,-0.13347,0.89499,0.02538,0.99000
4,4.4000,wave,0.19992,-0.50140,0.00666,0.99000,-0.20954,-0.49403,0.00231,0.99000,0.23322,-0.20342,0.00296,0.99000,-0.23306,-0.20211,-0.00464,0.99000,0.21555,0.06128,-0.00150,0.99000,-0.23025,0.07326,-0.00035,0.99000,0.13091,-0.00355,0.00756,0.99000,-0.12828,-0.00377,-0.00517,0.99000,0.12006,0.44469,0.00184,0.99000,-0.12015,0.44620,-0.00133,0.99000,0.13351,0.90439,0.01391,0.99000,-0.12808,0.90078,0.02864,0.99000
4,4.4500,wave,0.19862,-0.49938,0.00308,0.99000,-0.20110,-0.49705,-0.00261,0.99000,0.23532,-0.20449,-0.00510,0.99000,-0.23246,-0.20017,-0.00612,0.99000,0.22138,0.06646,-0.00529,0.99000,-0.21915,0.07244,-0.00135,0.99000,0.12582,0.00241,0.00078,0.99000,-0.12692,-0.00213,-0.00372,0.99000,0.13041,0.45033,0.00056,0.99000,-0.11844,0.44687,0.00060,0.99000,0.11873,0.90252,0.02144,0.99000,-0.12487,0.90040,0.02025,0.99000
5,0.0000,wave,0.19805,-0.49185,-0.00131,0.99000,-0.19902,-0.50116,0.00115,0.99000,0.23236,-0.20470,0.00313,0.99000,-0.22914,-0.19333,0.00536,0.99000,0.21396,0.06407,-0.00607,0.99000,-0.21741,0.07507,0.00869,0.99000,0.12052,-0.00257,-0.00304,0.99000,-0.12469,0.00141,0.00194,0.99000,0.13016,0.45038,0.00102,0.99000,-0.12769,0.45463,-0.00029,0.99000,0.12961,0.90158,0.02187,0.99000,-0.11896,0.90076,0.02033,0.99000
5,0.0500,wave,0.19685,-0.50277,0.00151,0.99000,-0.19752,-0.49453,-0.00382,0.99000,0.22662,-0.19803,0.00035,0.99000,-0.23552,-0.20635,-0.00359,0.99000,0.22052,0.06659,-0.00094,0.99000,-0.22040,0.07447,0.00151,0.99000,0.12293,0.00216,-0.00460,0.99000,-0.12301,0.00056,0.00533,0.99000,0.12077,0.44881,0.00276,0.99000,-0.13181,0.44588,0.00289,0.99000,0.11962,0.89836,0.02238,0.99000,-0.12523,0.89995,0.01508,0.99000
5,0.1000,wave,0.20426,-0.49390,0.00002,0.99000,-0.19242,-0.50073,0.00503,0.99000,0.22701,-0.20587,0.00266,0.99000,-0.24374,-0.20486,-0.00053,0.99000,0.22010,0.06624,0.00210,0.99000,-0.22723,0.06260,0.00540,0.99000,0.12535,-0.00028,0.00125,0.99000,-0.12455,0.00108,-0.00220,0.99000,0.12768,0.45038,-0.00071,0.99000,-0.12296,0.45214,-0.00386,0.99000,0.12109,0.89884,0.01917,0.99000,-0.12604,0.89760,0.02277,0.99000
5,0.1500,wave,0.19579,-0.49946,0.00194,0.99000,-0.19630,-0.50004,0.00671,0.99000,0.23357,-0.20018,-0.00227,0.99000,-0.25600,-0.20835,-0.00015,0.99000,0.22045,0.06318,-0.00020,0.99000,-0.25020,0.06117,0.00273,0.99000,0.12567,-0.00600,-0.00107,0.99000,-0.12149,-0.00303,-0.00209,0.99000,0.12510,0.45023,-0.00626,0.99000,-0.12597,0.45410,-0.00851,0.99000,0.13146,0.90209,0.03175,0.99000,-0.12900,0.90012,0.02594,0.99000
5,0.2000,wave,0.20992,-0.50254,-0.00337,0.99000,-0.20152,-0.50685,-0.00453,0.99000,0.23289,-0.20490,-0.00229,0.99000,-0.28170,-0.21629,0.00504,0.99000,0.21539,0.06506,-0.00333,0.99000,-0.28746,0.05815,-0.00283,0.99000,0.12255,-0.00084,0.00333,0.99000,-0.12827,-0.00063,0.00219,0.99000,0.12226,0.45217,-0.00202,0.99000,-0.12242,0.44960,0.00025,0.99000,0.12999,0.89992,0.01733,0.99000,-0.12388,0.89981,0.01551,0.99000
5,0.2500,wave,0.19630,-0.50441,0.00640,0.99000,-0.19293,-0.49903,0.00134,0.99000,0.24000,-0.21124,0.00005,0.99000,-0.29285,-0.21509,-0.00197,0.99000,0.21754,0.06628,0.00037,0.99000,-0.32299,0.05158,-0.00259,0.99000,0.12371,-0.01322,-0.00287,0.99000,-0.12912,0.00012,-0.00685,0.99000,0.12078,0.45205,0.00348,0.99000,-0.12697,0.45328,-0.00295,0.99000,0.12606,0.90803,0.02300,0.99000,-0.12050,0.90389,0.02284,0.99000
5,0.3000,wave,0.20593,-0.49881,0.00063,0.99000,-0.20397,-0.49943,-0.00208,0.99000,0.23569,-0.19691,0.00357,0.99000,-0.32154,-0.22563,0.00075,0.99000,0.21838,0.06911,-0.00475,0.99000,-0.36822,0.04070,0.00409,0.99000,0.11976,-0.00034,-0.00577,0.99000,-0.12966,-0.00928,-0.00292,0.99000,0.12083,0.44988,0.00468,0.99000,-0.12625,0.45712,0.00321,0.99000,0.13052,0.89654,0.02771,0.99000,-0.11925,0.90014,0.02382,0.99000
5,0.3500,wave,0.19286,-0.50145,0.00317,0.99000,-0.20768,-0.49419,-0.00560,0.99000,0.22997,-0.20556,-0.00272,0.99000,-0.34675,-0.23390,-0.00355,0.99000,0.21873,0.06298,0.00037,0.99000,-0.40907,0.02328,-0.00299,0.99000,0.12564,0.00510,-0.00348,0.99000,-0.12715,0.00386,-0.00142,0.99000,0.12150,0.45175,-0.00115,0.99000,-0.12188,0.44552,0.01036,0.99000,0.12352,0.89665,0.02740,0.99000,-0.12697,0.89675,0.01981,0.99000
5,0.4000,wave,0.19322,-0.50768,-0.00038,0.99000,-0.19964,-0.49712,0.00388,0.99000,0.23235,-0.19508,-0.00062,0.99000,-0.36854,-0.25217,-0.00866,0.99000,0.22409,0.06717,-0.00324,0.99000,-0.45457,0.00532,0.00187,0.99000,0.12103,-0.00439,-0.00375,0.99000,-0.11627,0.00096,-0.00318,0.99000,0.12272,0.45127,-0.00020,0.99000,-0.12341,0.44591,-0.00329,0.99000,0.12687,0.89701,0.02743,0.99000,-0.12322,0.90861,0.02019,0.99000
5,0.4500,wave,0.19727,-0.49854,-0.00234,0.99000,-0.19661,-0.50285,-0.00342,0.99000,0.22389,-0.20189,0.00444,0.99000,-0.39558,-0.27822,0.00253,0.99000,0.21659,0.06519,0.00211,0.99000,-0.48228,-0.01541,0.00507,0.99000,0.13276,-0.00385,0.00351,0.99000,-0.12822,-0.00270,-0.00235,0.99000,0.12617,0.44710,0.00701,0.99000,-0.13279,0.44985,-0.00492,0.99000,0.12618,0.90533,0.02393,0.99000,-0.12600,0.89471,0.02393,0.99000
5,0.5000,wave,0.20291,-0.50298,-0.00248,0.99000,-0.19479,-0.49952,-0.00025,0.99000,0.23154,-0.19927,0.00647,0.99000,-0.42172,-0.30153,0.00421,0.99000,0.21584,0.06615,-0.00065,0.99000,-0.50199,-0.03684,0.00428,0.99000,0.12834,-0.00226,0.00174,0.99000,-0.12432,0.00368,0.00036,0.99000,0.12769,0.44203,-0.00122,0.99000,-0.12126,0.45151,-0.00611,0.99000,0.12488,0.89730,0.02245,0.99000,-0.12682,0.89737,0.01883,0.99000
5,0.5500,wave,0.19670,-0.49801,-0.00188,0.99000,-0.20589,-0.49487,0.00270,0.99000,0.23407,-0.20496,0.00179,0.99000,-0.44076,-0.33079,-0.00049,0.99000,0.22127,0.06272,0.00122,0.99000,-0.52515,-0.06267,-0.00361,0.99000,0.11803,0.00463,-0.00598,0.99000,-0.12744,-0.00035,-0.00052,0.99000,0.12099,0.45409,0.00527,0.99000,-0.12274,0.44806,0.00050,0.99000,0.12459,0.90067,0.01619,0.99000,-0.12514,0.89919,0.02573,0.99000
5,0.6000,wave,0.20586,-0.49346,0.00290,0.99000,-0.20687,-0.49835,0.00158,0.99000,0.23264,-0.19827,0.00537,0.99000,-0.47349,-0.35910,-0.00601,0.99000,0.21535,0.07423,-0.00000,0.99000,-0.52408,-0.09451,-0.00495,0.99000,0.12308,0.00051,0.00143,0.99000,-0.12697,0.00275,0.00263,0.99000,0.13045,0.45449,-0.00093,0.99000,-0.12415,0.44753,-0.00118,0.99000,0.12283,0.89462,0.02405,0.99000,-0.13340,0.90125,0.02179,0.99000
5,0.6500,wave,0.20411,-0.50105,0.00284,0.99000,-0.19392,-0.50757,0.00299,0.99000,0.22405,-0.19711,0.00329,0.99000,-0.47275,-0.38445,0.00091,0.99000,0.22115,0.06940,0.00057,0.99000,-0.51777,-0.12789,0.00465,0.99000,0.12089,0.00210,-0.00044,0.99000,-0.12273,-0.00331,-0.00002,0.99000,0.12603,0.45298,0.00060,0.99000,-0.12081,0.45820,0.00360,0.99000,0.12149,0.90094,0.01733,0.99000,-0.12229,0.90483,0.02007,0.99000
5,0.7000,wave,0.20176,-0.49593,0.00419,0.99000,-0.20013,-0.49834,-0.00502,0.99000,0.23459,-0.20536,-0.00483,0.99000,-0.48611,-0.41733,-0.00341,0.99000,0.22033,0.06791,0.00140,0.99000,-0.52020,-0.14356,0.00356,0.99000,0.11815,-0.00301,-0.00279,0.99000,-0.12243,-0.00625,-0.00232,0.99000,0.12652,0.44774,0.00093,0.99000,-0.12062,0.44724,0.00262,0.99000,0.12720,0.90474,0.02556,0.99000,-0.12523,0.89895,0.02531,0.99000
5,0.7500,wave,0.19933,-0.49985,0.00591,0.99000,-0.19844,-0.49993,-0.00585,0.99000,0.23332,-0.20183,-0.00035,0.99000,-0.49650,-0.44138,0.00379,0.99000,0.21864,0.06623,0.00181,0.99000,-0.51956,-0.17526,-0.00359,0.99000,0.12790,0.00068,-0.00244,0.99000,-0.12815,0.00047,-0.00391,0.99000,0.12189,0.45211,0.00248,0.99000,-0.12213,0.44938,0.00914,0.99000,0.12342,0.90113,0.02161,0.99000,-0.11996,0.89760,0.01756,0.99000
5,0.8000,wave,0.20114,-0.49231,-0.00039,0.99000,-0.20289,-0.50547,-0.00532,0.99000,0.23310,-0.20289,0.00276,0.99000,-0.49656,-0.48125,-0.00038,0.99000,0.20943,0.07182,-0.00010,0.99000,-0.54137,-0.20380,-0.00026,0.99000,0.12355,-0.00466,-0.00012,0.99000,-0.12964,-0.00818,-0.00324,0.99000,0.11953,0.44373,-0.00061,0.99000,-0.12358,0.45389,-0.00801,0.99000,0.12201,0.89501,0.01898,0.99000,-0.12505,0.89798,0.02940,0.99000
5,0.8500,wave,0.20361,-0.50280,0.00060,0.99000,-0.20484,-0.50389,0.00619,0.99000,0.23272,-0.20726,0.00346,0.99000,-0.50706,-0.50075,-0.00353,0.99000,0.21817,0.06615,0.00217,0.99000,-0.56083,-0.23416,-0.00145,0.99000,0.11823,0.00263,-0.00283,0.99000,-0.13051,0.00055,0.00194,0.99000,0.12669,0.45761,-0.00131,0.99000,-0.11867,0.45326,0.00331,0.99000,0.12408,0.89387,0.02212,0.99000,-0.12983,0.89956,0.01865,0.99000
5,0.9000,wave,0.19846,-0.49904,-0.00256,0.99000,-0.19502,-0.50259,-0.00027,0.99000,0.23110,-0.19848,-0.00960,0.99000,-0.50052,-0.52925,-0.00473,0.99000,0.21377,0.07496,-0.00209,0.99000,-0.59223,-0.26834,-0.00317,0.99000,0.12584,0.00166,0.00027,0.99000,-0.12255,-0.00155,-0.00232,0.99000,0.12322,0.44585,0.00376,0.99000,-0.12678,0.46129,0.00480,0.99000,0.12772,0.90487,0.02586,0.99000,-0.12785,0.89600,0.02634,0.99000
5,0.9500,wave,0.20190,-0.49732,0.00070,0.99000,-0.20407,-0.50176,-0.00294,0.99000,0.22890,-0.19664,-0.00230,0.99000,-0.49561,-0.53308,0.00455,0.99000,0.22124,0.07310,0.00085,0.99000,-0.63183,-0.30447,-0.00218,0.99000,0.12726,-0.00473,-0.00458,0.99000,-0.12718,0.00116,-0.00232,0.99000,0.12120,0.44984,-0.00291,0.99000,-0.12637,0.45152,0.00256,0.99000,0.11620,0.90138,0.02099,0.99000,-0.12407,0.90325,0.02408,0.99000
5,1.0000,wave,0.20465,-0.49550,-0.00406,0.99000,-0.20386,-0.50540,0.00435,0.99000,0.22415,-0.20412,0.00374,0.99000,-0.49541,-0.54863,0.00084,0.99000,0.21267,0.07555,-0.00039,0.99000,-0.67159,-0.33731,0.00522,0.99000,0.12519,0.00080,-0.00765,0.99000,-0.11917,-0.00373,-0.00051,0.99000,0.11817,0.43947,-0.00102,0.99000,-0.12594,0.44529,0.00417,0.99000,0.12653,0.90319,0.01649,0.99000,-0.12311,0.89729,0.02189,0.99000
5,1.0500,wave,0.19639,-0.49713,-0.00822,0.99000,-0.20473,-0.49851,0.00292,0.99000,0.22630,-0.20019,0.00274,0.99000,-0.49816,-0.55126,0.00505,0.99000,0.22632,0.06892,-0.00371,0.99000,-0.70244,-0.37347,0.00673,0.99000,0.12621,0.00059,-0.00346,0.99000,-0.12512,0.00100,0.00038,0.99000,0.13416,0.45040,0.00398,0.99000,-0.12495,0.44998,-0.00012,0.99000,0.11735,0.90099,0.02338,0.99000,-0.13008,0.89721,0.02497,0.99000
5,1.1000,wave,0.20477,-0.49603,-0.00052,0.99000,-0.19764,-0.50604,0.00234,0.99000,0.22035,-0.20229,0.00432,0.99000,-0.49526,-0.54731,0.00247,0.99000,0.22030,0.07093,0.00042,0.99000,-0.71905,-0.40245,-0.00161,0.99000,0.12385,0.00006,0.00333,0.99000,-0.12378,0.00044,-0.00178,0.99000,0.12456,0.44795,0.00210,0.99000,-0.13507,0.45256,0.00126,0.99000,0.12295,0.90211,0.01559,0.99000,-0.12099,0.90224,0.02012,0.99000
5,1.1500,wave,0.19958,-0.49603,0.00597,0.99000,-0.20831,-0.49890,-0.00146,0.99000,0.22868,-0.20300,-0.00301,0.99000,-0.49312,-0.55665,-0.00152,0.99000,0.21637,0.06846,-0.00254,0.99000,-0.73810,-0.42286,0.00535,0.99000,0.12316,-0.00032,-0.01137,0.99000,-0.12021,-0.00009,-0.00369,0.99000,0.12500,0.44594,-0.00430,0.99000,-0.12744,0.45344,-0.00922,0.99000,0.12281,0.90710,0.02660,0.99000,-0.12476,0.89237,0.02158,0.99000
5,1.2000,wave,0.19809,-0.50384,-0.00497,0.99000,-0.19718,-0.49272,0.00775,0.99000,0.23049,-0.20088,-0.00534,0.99000,-0.50423,-0.55992,0.00329,0.99000,0.21920,0.06249,-0.00828,0.99000,-0.73032,-0.42693,0.00173,0.99000,0.13060,0.00067,0.00327,0.99000,-0.12777,-0.00082,0.00280,0.99000,0.12389,0.44744,-0.00197,0.99000,-0.12762,0.45268,-0.00014,0.99000,0.12305,0.89839,0.02181,0.99000,-0.13000,0.90255,0.02568,0.99000
5,1.2500,wave,0.19359,-0.49779,-0.00992,0.99000,-0.19511,-0.49876,0.00304,0.99000,0.22759,-0.20125,-0.00227,0.99000,-0.49512,-0.55120,0.00567,0.99000,0.22066,0.06788,-0.00129,0.99000,-0.72290,-0.41857,-0.00483,0.99000,0.12262,-0.00211,-0.00159,0.99000,-0.12706,0.00068,-0.00038,0.99000,0.12245,0.44198,0.00442,0.99000,-0.12413,0.45429,-0.00097,0.99000,0.12701,0.89501,0.01921,0.99000,-0.13128,0.89552,0.02259,0.99000
5,1.3000,wave,0.20140,-0.49555,-0.00305,0.99000,-0.20367,-0.49827,-0.00082,0.99000,0.23270,-0.20317,0.00068,0.99000,-0.49769,-0.55955,0.00015,0.99000,0.22550,0.06863,-0.00212,0.99000,-0.70658,-0.39044,-0.00270,0.99000,0.12548,0.00526,-0.00214,0.99000,-0.12678,-0.00579,0.00312,0.99000,0.12052,0.44987,-0.00355,0.99000,-0.11884,0.44726,0.00577,0.99000,0.13520,0.90098,0.02584,0.99000,-0.12384,0.90526,0.02086,0.99000
5,1.3500,wave,0.20456,-0.50438,-0.00070,0.99000,-0.20771,-0.50689,-0.00570,0.99000,0.23513,-0.20057,-0.00390,0.99000,-0.49373,-0.55707,0.00048,0.99000,0.22093,0.06767,0.00348,0.99000,-0.68617,-0.36311,-0.00120,0.99000,0.12184,-0.00204,-0.00321,0.99000,-0.12082,0.00515,-0.00096,0.99000,0.12605,0.45601,-0.00165,0.99000,-0.13246,0.44804,-0.00489,0.99000,0.11977,0.90259,0.02761,0.99000,-0.12017,0.90221,0.02377,0.99000
5,1.4000,wave,0.20494,-0.49842,-0.00380,0.99000,-0.19802,-0.50577,-0.00519,0.99000,0.23118,-0.20022,-0.00405,0.99000,-0.49785,-0.55054,-0.00001,0.99000,0.22311,0.07101,-0.00127,0.99000,-0.64719,-0.34042,-0.00584,0.99000,0.11940,0.00518,0.00220,0.99000,-0.12715,0.00005,0.00355,0.99000,0.12469,0.45090,-0.00123,0.99000,-0.12634,0.45375,-0.00232,0.99000,0.12470,0.89853,0.01830,0.99000,-0.12769,0.90376,0.01777,0.99000
5,1.4500,wave,0.19746,-0.50019,-0.00494,0.99000,-0.19464,-0.49939,-0.00544,0.99000,0.23017,-0.20379,-0.00453,0.99000,-0.49620,-0.55962,0.00190,0.99000,0.21617,0.06241,0.00549,0.99000,-0.61707,-0.30535,-0.00074,0.99000,0.12204,-0.00081,0.00014,0.99000,-0.12221,-0.00161,-0.00695,0.99000,0.13042,0.45299,-0.00500,0.99000,-0.12227,0.45832,0.00280,0.99000,0.12560,0.90008,0.02818,0.99000,-0.12549,0.90063,0.02848,0.99000
5,1.5000,wave,0.19706,-0.50206,0.00095,0.99000,-0.20978,-0.50009,0.00814,0.99000,0.22780,-0.20557,-0.00004,0.99000,-0.49213,-0.55594,0.00291,0.99000,0.21837,0.07105,0.00306,0.99000,-0.57322,-0.30150,0.00296,0.99000,0.12521,0.00525,-0.00556,0.99000,-0.12639,0.00695,-0.00291,0.99000,0.13136,0.44946,0.00195,0.99000,-0.11605,0.45572,-0.00008,0.99000,0.12661,0.90084,0.02080,0.99000,-0.12393,0.89858,0.03086,0.99000
5,1.5500,wave,0.19996,-0.49235,0.00371,0.99000,-0.19464,-0.50186,-0.00255,0.99000,0.22328,-0.19833,0.00120,0.99000,-0.49091,-0.54731,-0.00503,0.99000,0.21712,0.06491,0.00426,0.99000,-0.54817,-0.29212,0.00009,0.99000,0.12566,0.00328,-0.00004,0.99000,-0.11919,0.00068,0.00161,0.99000,0.12497,0.45023,-0.00173,0.99000,-0.12394,0.45214,-0.00554,0.99000,0.13093,0.90320,0.02276,0.99000,-0.12585,0.90375,0.01942,0.99000
5,1.6000,wave,0.20002,-0.49491,-0.00253,0.99000,-0.19710,-0.50121,-0.00071,0.99000,0.22316,-0.20087,-0.00071,0.99000,-0.50144,-0.55066,-0.00160,0.99000,0.22124,0.06228,-0.00263,0.99000,-0.53544,-0.28713,-0.00211,0.99000,0.12991,0.00293,0.00522,0.99000,-0.12520,-0.00349,0.00328,0.99000,0.11912,0.44616,-0.00380,0.99000,-0.12547,0.45132,-0.00233,0.99000,0.12235,0.89766,0.02355,0.99000,-0.12913,0.89990,0.02313,0.99000
5,1.6500,wave,0.19695,-0.50166,-0.00552,0.99000,-0.19238,-0.49966,-0.00053,0.99000,0.22771,-0.20701,0.00445,0.99000,-0.50116,-0.55489,0.00174,0.99000,0.21906,0.06291,0.00201,0.99000,-0.54304,-0.27810,-0.00618,0.99000,0.12339,0.00142,0.00439,0.99000,-0.12876,-0.00363,-0.00298,0.99000,0.12782,0.45658,-0.00190,0.99000,-0.12168,0.44952,0.00457,0.99000,0.13032,0.89572,0.01429,0.99000,-0.12290,0.89674,0.02601,0.99000
5,1.7000,wave,0.20633,-0.50516,0.00579,0.99000,-0.19625,-0.49784,0.00430,0.99000,0.22987,-0.20232,0.00520,0.99000,-0.48983,-0.55439,0.00085,0.99000,0.21822,0.06851,0.00504,0.99000,-0.56227,-0.28939,0.00569,0.99000,0.12417,-0.00598,0.00296,0.99000,-0.12416,-0.00160,-0.00540,0.99000,0.12460,0.44534,0.00162,0.99000,-0.13109,0.45363,0.00102,0.99000,0.11468,0.89979,0.02268,0.99000,-0.12928,0.89739,0.02250,0.99000
5,1.7500,wave,0.19674,-0.50017,-0.00775,0.99000,-0.20103,-0.50287,0.00332,0.99000,0.22411,-0.19844,-0.00359,0.99000,-0.49086,-0.55623,0.00023,0.99000,0.22292,0.06302,0.00357,0.99000,-0.58792,-0.30407,-0.00394,0.99000,0.13125,-0.00440,0.00096,0.99000,-0.12389,0.00042,-0.00312,0.99000,0.12844,0.44942,0.00458,0.99000,-0.12176,0.45178,-0.00029,0.99000,0.12559,0.89354,0.01837,0.99000,-0.12826,0.89864,0.02059,0.99000
5,1.8000,wave,0.19602,-0.50277,-0.00045,0.99000,-0.20299,-0.49838,-0.00660,0.99000,0.22798,-0.19801,-0.00108,0.99000,-0.49841,-0.55367,0.00425,0.99000,0.22044,0.06992,-0.00248,0.99000,-0.63718,-0.31610,-0.00050,0.99000,0.11860,-0.00416,0.00051,0.99000,-0.12362,-0.00403,0.00083,0.99000,0.12260,0.44918,0.00395,0.99000,-0.12832,0.45222,-0.00296,0.99000,0.12329,0.89707,0.01789,0.99000,-0.12498,0.89983,0.02673,0.99000
5,1.8500,wave,0.19712,-0.50072,-0.00044,0.99000,-0.19413,-0.49885,0.00469,0.99000,0.22602,-0.20402,-0.00244,0.99000,-0.49255,-0.55157,-0.00060,0.99000,0.21486,0.07222,0.00514,0.99000,-0.65476,-0.34240,0.00781,0.99000,0.12335,-0.00479,-0.00619,0.99000,-0.12782,0.00457,-0.00365,0.99000,0.12921,0.45394,-0.00009,0.99000,-0.12841,0.44911,0.00362,0.99000,0.12421,0.90387,0.01622,0.99000,-0.12300,0.90639,0.02526,0.99000
5,1.9000,wave,0.20072,-0.49714,0.00139,0.99000,-0.19872,-0.49912,-0.00329,0.99000,0.23197,-0.19332,-0.00488,0.99000,-0.49137,-0.55420,-0.00124,0.99000,0.21782,0.07018,-0.00559,0.99000,-0.70015,-0.37346,0.00697,0.99000,0.12743,0.00563,-0.00074,0.99000,-0.12578,0.00311,-0.00150,0.99000,0.12840,0.44899,-0.00161,0.99000,-0.12846,0.44159,-0.00478,0.99000,0.12619,0.90673,0.02014,0.99000,-0.12582,0.90072,0.02525,0.99000
5,1.9500,wave,0.20042,-0.49975,0.00462,0.99000,-0.19790,-0.50444,-0.00244,0.99000,0.23856,-0.19906,0.00266,0.99000,-0.49323,-0.55377,-0.00723,0.99000,0.21459,0.06726,-0.00022,0.99000,-0.71868,-0.40727,-0.00040,0.99000,0.12179,-0.00355,0.00316,0.99000,-0.12714,0.00111,-0.00316,0.99000,0.12328,0.44944,0.01288,0.99000,-0.13128,0.44470,0.00111,0.99000,0.12345,0.89766,0.02078,0.99000,-0.11854,0.89612,0.02489,0.99000
5,2.0000,wave,0.20092,-0.49671,-0.00159,0.99000,-0.20228,-0.49504,-0.00185,0.99000,0.22812,-0.20487,-0.00208,0.99000,-0.48770,-0.55397,0.00268,0.99000,0.21247,0.06153,-0.01127,0.99000,-0.72509,-0.42627,0.00011,0.99000,0.12277,0.00168,0.00527,0.99000,-0.12986,0.00366,0.00095,0.99000,0.12807,0.44767,0.00315,0.99000,-0.12450,0.44970,0.00130,0.99000,0.12262,0.89697,0.02261,0.99000,-0.11956,0.90138,0.02232,0.99000
5,2.0500,wave,0.19710,-0.50511,-0.00072,0.99000,-0.20681,-0.50201,-0.00530,0.99000,0.23212,-0.19741,0.00115,0.99000,-0.48925,-0.56007,-0.00153,0.99000,0.22208,0.06540,-0.00547,0.99000,-0.73332,-0.42591,0.00035,0.99000,0.12157,0.00400,0.00022,0.99000,-0.12391,-0.00535,-0.00444,0.99000,0.12050,0.44871,0.00382,0.99000,-0.12952,0.45190,0.00534,0.99000,0.12350,0.90239,0.02059,0.99000,-0.12319,0.89822,0.02188,0.99000
5,2.1000,wave,0.20259,-0.50023,0.00494,0.99000,-0.19494,-0.49838,-0.00338,0.99000,0.22165,-0.21038,0.00504,0.99000,-0.49945,-0.55414,-0.00127,0.99000,0.22188,0.07446,0.00373,0.99000,-0.72869,-0.41526,0.00281,0.99000,0.12760,0.00565,0.00143,0.99000,-0.13469,-0.00609,0.00191,0.99000,0.12153,0.44727,0.00634,0.99000,-0.12711,0.45449,0.00588,0.99000,0.12473,0.90040,0.02752,0.99000,-0.12054,0.89633,0.02610,0.99000
5,2.1500,wave,0.19619,-0.49172,-0.00091,0.99000,-0.20582,-0.50167,-0.00803,0.99000,0.22611,-0.19674,-0.00053,0.99000,-0.49833,-0.55375,-0.00356,0.99000,0.21899,0.06620,-0.00365,0.99000,-0.71113,-0.39557,-0.00166,0.99000,0.12135,0.00172,0.00421,0.99000,-0.12128,-0.00174,-0.00295,0.99000,0.12783,0.44713,0.00640,0.99000,-0.12569,0.44912,-0.00014,0.99000,0.11777,0.89157,0.01889,0.99000,-0.12870,0.90020,0.02197,0.99000
5,2.2000,wave,0.20109,-0.49830,-0.00622,0.99000,-0.19391,-0.50626,0.00358,0.99000,0.22964,-0.20019,-0.00275,0.99000,-0.49252,-0.55744,-0.00232,0.99000,0.21721,0.06635,-0.00219,0.99000,-0.68193,-0.36494,-0.00830,0.99000,0.12577,0.00111,-0.00283,0.99000,-0.12764,-0.00040,-0.00386,0.99000,0.12937,0.44248,0.00519,0.99000,-0.12821,0.45519,0.00419,0.99000,0.12271,0.90392,0.01780,0.99000,-0.12927,0.90295,0.02500,0.99000
5,2.2500,wave,0.20091,-0.50225,0.00453,0.99000,-0.20362,-0.49851,-0.00207,0.99000,0.21853,-0.20328,0.00401,0.99000,-0.49222,-0.55372,-0.00107,0.99000,0.21649,0.06875,0.00154,0.99000,-0.66255,-0.33886,-0.01002,0.99000,0.11994,0.00077,-0.00156,0.99000,-0.12096,-0.00007,0.00019,0.99000,0.11874,0.44852,0.00062,0.99000,-0.12126,0.45261,-0.00058,0.99000,0.12129,0.90658,0.02501,0.99000,-0.12581,0.89344,0.02337,0.99000
5,2.3000,wave,0.19016,-0.49663,0.00273,0.99000,-0.19967,-0.50362,-0.00043,0.99000,0.23535,-0.20592,0.00056,0.99000,-0.49387,-0.55954,0.00517,0.99000,0.21453,0.06561,0.00089,0.99000,-0.61897,-0.30640,0.00166,0.99000,0.12397,0.00780,0.00076,0.99000,-0.12722,-0.00088,-0.00370,0.99000,0.12965,0.44973,-0.00199,0.99000,-0.12961,0.45748,-0.00235,0.99000,0.12296,0.90286,0.01683,0.99000,-0.12327,0.89652,0.02456,0.99000
5,2.3500,wave,0.20788,-0.50289,0.00232,0.99000,-0.20028,-0.49603,0.00440,0.99000,0.22687,-0.19105,0.00077,0.99000,-0.48795,-0.55284,0.00268,0.99000,0.21702,0.06517,-0.00357,0.99000,-0.57961,-0.29541,0.00909,0.99000,0.12335,0.00030,0.00349,0.99000,-0.12316,0.00480,-0.00526,0.99000,0.12194,0.45520,-0.00441,0.99000,-0.11870,0.44797,-0.00477,0.99000,0.12372,0.89496,0.02470,0.99000,-0.13203,0.89862,0.02013,0.99000
5,2.4000,wave,0.20082,-0.49573,0.00009,0.99000,-0.19949,-0.49702,0.00180,0.99000,0.22709,-0.20439,0.00154,0.99000,-0.49863,-0.55085,-0.00000,0.99000,0.21923,0.06838,0.00223,0.99000,-0.54906,-0.29136,-0.00281,0.99000,0.12458,0.00462,0.00192,0.99000,-0.12093,0.01144,-0.00297,0.99000,0.12793,0.45335,-0.00129,0.99000,-0.12250,0.44842,-0.00065,0.99000,0.11948,0.89633,0.02307,0.99000,-0.12276,0.90530,0.01329,0.99000
5,2.4500,wave,0.19733,-0.50048,0.00310,0.99000,-0.20442,-0.50217,0.00254,0.99000,0.23000,-0.20118,-0.00221,0.99000,-0.48842,-0.54979,-0.00135,0.99000,0.21553,0.06628,-0.00451,0.99000,-0.53996,-0.28394,-0.00269,0.99000,0.12257,0.00234,-0.00249,0.99000,-0.12313,-0.00176,0.00068,0.99000,0.12785,0.44106,-0.00054,0.99000,-0.12261,0.45075,-0.00120,0.99000,0.12699,0.90630,0.03313,0.99000,-0.12476,0.89973,0.01618,0.99000
5,2.5000,wave,0.20720,-0.50171,0.00761,0.99000,-0.19299,-0.50252,0.00222,0.99000,0.22176,-0.20433,-0.00264,0.99000,-0.48883,-0.55183,-0.00120,0.99000,0.21421,0.07339,0.00532,0.99000,-0.54094,-0.28398,0.00507,0.99000,0.12269,-0.00105,0.00547,0.99000,-0.11992,0.00432,-0.00042,0.99000,0.12915,0.44977,-0.00109,0.99000,-0.13155,0.45234,-0.00427,0.99000,0.12266,0.89182,0.02617,0.99000,-0.12326,0.90064,0.01932,0.99000
5,2.5500,wave,0.20127,-0.50740,0.00265,0.99000,-0.19979,-0.50667,-0.00034,0.99000,0.23134,-0.20303,-0.00051,0.99000,-0.49648,-0.56234,-0.00465,0.99000,0.21924,0.06771,0.00130,0.99000,-0.55340,-0.29118,-0.00121,0.99000,0.12362,-0.00566,-0.00027,0.99000,-0.12347,0.00154,-0.00229,0.99000,0.11730,0.44644,-0.00438,0.99000,-0.13002,0.44902,-0.00664,0.99000,0.12903,0.89880,0.02677,0.99000,-0.11974,0.89858,0.02059,0.99000
5,2.6000,wave,0.19505,-0.49524,0.00536,0.99000,-0.19634,-0.50253,-0.00478,0.99000,0.23344,-0.20057,-0.00075,0.99000,-0.49615,-0.56490,0.00387,0.99000,0.22194,0.06600,-0.00504,0.99000,-0.58708,-0.30011,-0.00449,0.99000,0.12101,0.00334,0.00038,0.99000,-0.12811,-0.00307,-0.00280,0.99000,0.13079,0.44687,0.00182,0.99000,-0.12487,0.44505,-0.01041,0.99000,0.13450,0.90084,0.00851,0.99000,-0.11907,0.90215,0.02412,0.99000
5,2.6500,wave,0.20860,-0.49622,-0.00097,0.99000,-0.20139,-0.50014,-0.00288,0.99000,0.23243,-0.19867,-0.00057,0.99000,-0.49335,-0.55410,0.00153,0.99000,0.21711,0.07361,0.00511,0.99000,-0.61777,-0.30985,-0.00073,0.99000,0.12620,0.00348,-0.00544,0.99000,-0.12526,0.00078,0.00722,0.99000,0.11955,0.45050,0.00044,0.99000,-0.13117,0.44743,0.00241,0.99000,0.11987,0.90101,0.02661,0.99000,-0.12770,0.89965,0.02460,0.99000
5,2.7000,wave,0.20136,-0.50035,-0.00603,0.99000,-0.19552,-0.49612,0.00120,0.99000,0.23047,-0.20669,-0.00840,0.99000,-0.49359,-0.55280,0.00162,0.99000,0.21869,0.06510,-0.00556,0.99000,-0.65494,-0.33882,0.00599,0.99000,0.12625,-0.00814,0.00121,0.99000,-0.12834,0.00129,-0.00369,0.99000,0.13051,0.45442,0.00222,0.99000,-0.12417,0.45383,-0.00314,0.99000,0.12499,0.90022,0.01232,0.99000,-0.12146,0.89779,0.01698,0.99000
5,2.7500,wave,0.20093,-0.50136,0.00433,0.99000,-0.19556,-0.49830,0.00225,0.99000,0.23168,-0.20443,0.00064,0.99000,-0.50034,-0.55023,-0.00531,0.99000,0.21927,0.06867,-0.00230,0.99000,-0.69245,-0.36275,0.00287,0.99000,0.12503,-0.00069,-0.00183,0.99000,-0.12633,-0.00223,0.00109,0.99000,0.12433,0.44835,-0.00207,0.99000,-0.12773,0.44957,0.00631,0.99000,0.12433,0.89172,0.02278,0.99000,-0.12215,0.89942,0.02395,0.99000
5,2.8000,wave,0.20315,-0.49604,0.00273,0.99000,-0.20441,-0.50112,0.00268,0.99000,0.23360,-0.19903,0.00002,0.99000,-0.49073,-0.55866,0.00409,0.99000,0.22238,0.07028,0.00269,0.99000,-0.70733,-0.39067,-0.00307,0.99000,0.12651,0.00150,0.01024,0.99000,-0.12892,-0.00023,-0.00097,0.99000,0.12792,0.45251,0.00118,0.99000,-0.13064,0.45726,-0.00046,0.99000,0.12460,0.89542,0.02465,0.99000,-0.12994,0.90561,0.00706,0.99000
5,2.8500,wave,0.20411,-0.50573,0.00427,0.99000,-0.19105,-0.49986,-0.00089,0.99000,0.23189,-0.20050,0.00326,0.99000,-0.49530,-0.55089,-0.00547,0.99000,0.21664,0.06285,-0.00123,0.99000,-0.72102,-0.42237,0.00305,0.99000,0.12611,0.00199,0.00181,0.99000,-0.12971,-0.00589,-0.00320,0.99000,0.12234,0.45668,0.00022,0.99000,-0.12519,0.45309,0.00344,0.99000,0.12945,0.90014,0.01733,0.99000,-0.12720,0.89901,0.01961,0.99000
5,2.9000,wave,0.19781,-0.50092,-0.01228,0.99000,-0.20355,-0.50354,-0.00601,0.99000,0.23016,-0.20310,0.00315,0.99000,-0.49807,-0.55154,-0.00422,0.99000,0.22161,0.06659,0.00985,0.99000,-0.73530,-0.42417,-0.00230,0.99000,0.12622,-0.00546,-0.00145,0.99000,-0.12297,-0.00001,-0.00364,0.99000,0.12357,0.44678,0.00946,0.99000,-0.12778,0.45491,0.00050,0.99000,0.12647,0.89862,0.03057,0.99000,-0.13083,0.89840,0.02256,0.99000
5,2.9500,wave,0.20287,-0.49690,-0.00912,0.99000,-0.19723,-0.49382,-0.00379,0.99000,0.22745,-0.20066,0.00340,0.99000,-0.49587,-0.55760,0.00029,0.99000,0.21926,0.07232,-0.00319,0.99000,-0.72902,-0.42722,0.00556,0.99000,0.12267,0.00384,0.00184,0.99000,-0.12317,-0.00130,0.00129,0.99000,0.12016,0.45485,-0.00121,0.99000,-0.12759,0.45729,-0.00051,0.99000,0.12752,0.89749,0.02236,0.99000,-0.12681,0.89662,0.02539,0.99000
5,3.0000,wave,0.19623,-0.49938,0.00733,0.99000,-0.19350,-0.49423,0.00114,0.99000,0.23208,-0.19890,-0.00083,0.99000,-0.49556,-0.55262,0.00134,0.99000,0.21898,0.06895,0.00034,0.99000,-0.71468,-0.39817,-0.00067,0.99000,0.12597,0.00975,0.00017,0.99000,-0.12697,0.00123,0.00363,0.99000,0.12755,0.45286,0.00035,0.99000,-0.12136,0.44892,0.00320,0.99000,0.12928,0.89571,0.02090,0.99000,-0.12773,0.90539,0.02369,0.99000
5,3.0500,wave,0.19835,-0.49802,0.00283,0.99000,-0.19405,-0.50618,-0.00364,0.99000,0.23777,-0.19747,-0.00456,0.99000,-0.49388,-0.54924,0.00235,0.99000,0.22832,0.07322,0.00258,0.99000,-0.69116,-0.37203,0.00460,0.99000,0.12263,0.00078,-0.00105,0.99000,-0.12772,-0.00572,-0.00250,0.99000,0.12202,0.45159,0.00443,0.99000,-0.11520,0.45132,0.00003,0.99000,0.12193,0.90147,0.02510,0.99000,-0.11408,0.89728,0.02152,0.99000
5,3.1000,wave,0.19862,-0.49909,-0.00179,0.99000,-0.20173,-0.50591,-0.00074,0.99000,0.23176,-0.20547,0.00139,0.99000,-0.49395,-0.55231,-0.00232,0.99000,0.21971,0.06398,0.00049,0.99000,-0.66496,-0.34102,-0.00316,0.99000,0.12190,-0.00062,-0.00067,0.99000,-0.12926,0.00207,0.00199,0.99000,0.12144,0.43950,-0.00368,0.99000,-0.12542,0.45316,-0.00338,0.99000,0.12471,0.89810,0.02018,0.99000,-0.12346,0.90252,0.02068,0.99000
5,3.1500,wave,0.19844,-0.49856,0.00309,0.99000,-0.20145,-0.49950,0.00401,0.99000,0.23348,-0.20209,0.00358,0.99000,-0.49822,-0.54948,-0.00434,0.99000,0.21765,0.06735,0.00844,0.99000,-0.62525,-0.32023,0.00607,0.99000,0.12182,-0.00369,0.00568,0.99000,-0.12148,0.00118,-0.00677,0.99000,0.12116,0.45782,0.00074,0.99000,-0.12967,0.44899,0.00627,0.99000,0.11960,0.90147,0.01908,0.99000,-0.12955,0.89809,0.02927,0.99000
5,3.2000,wave,0.20041,-0.49835,0.00334,0.99000,-0.19465,-0.50438,0.00368,0.99000,0.22515,-0.20854,-0.00692,0.99000,-0.49946,-0.55342,-0.00426,0.99000,0.21992,0.06966,0.00452,0.99000,-0.59145,-0.29615,-0.00088,0.99000,0.13015,0.00086,0.00506,0.99000,-0.12591,0.00282,0.00092,0.99000,0.12681,0.45022,0.00417,0.99000,-0.12411,0.45789,0.00387,0.99000,0.12517,0.90368,0.02376,0.99000,-0.12824,0.89947,0.02347,0.99000
5,3.2500,wave,0.19599,-0.50882,0.00422,0.99000,-0.20262,-0.50121,0.01038,0.99000,0.22686,-0.20041,-0.00397,0.99000,-0.49373,-0.56060,-0.00044,0.99000,0.21753,0.06944,-0.00595,0.99000,-0.55358,-0.29137,-0.00347,0.99000,0.12110,0.00344,-0.00208,0.99000,-0.12576,-0.00558,-0.00540,0.99000,0.12526,0.44771,0.00112,0.99000,-0.12917,0.44840,0.00925,0.99000,0.12914,0.89200,0.02075,0.99000,-0.12525,0.89814,0.01915,0.99000
5,3.3000,wave,0.19940,-0.50117,0.00485,0.99000,-0.19368,-0.50390,-0.00185,0.99000,0.23327,-0.19695,0.00213,0.99000,-0.48848,-0.55013,-0.00859,0.99000,0.21178,0.06775,-0.00372,0.99000,-0.54004,-0.28970,0.00133,0.99000,0.12162,0.00210,-0.00364,0.99000,-0.11934,0.00555,0.00354,0.99000,0.13200,0.44726,-0.00492,0.99000,-0.12096,0.45113,0.00667,0.99000,0.12209,0.89805,0.02601,0.99000,-0.12690,0.89466,0.02605,0.99000
5,3.3500,wave,0.20496,-0.50376,0.00025,0.99000,-0.19804,-0.49935,-0.00341,0.99000,0.22803,-0.20427,0.00282,0.99000,-0.50007,-0.55869,-0.00079,0.99000,0.21846,0.06221,-0.00148,0.99000,-0.53666,-0.29230,0.00260,0.99000,0.13122,-0.00084,0.00348,0.99000,-0.12410,-0.00445,-0.00190,0.99000,0.13249,0.45682,-0.00211,0.99000,-0.12389,0.44970,0.00197,0.99000,0.12985,0.89097,0.02237,0.99000,-0.11997,0.90463,0.01651,0.99000
5,3.4000,wave,0.20123,-0.50117,-0.00442,0.99000,-0.20123,-0.49871,-0.00114,0.99000,0.22815,-0.19647,-0.00151,0.99000,-0.48954,-0.55574,0.00077,0.99000,0.21211,0.07060,0.00601,0.99000,-0.54187,-0.29635,0.01025,0.99000,0.12046,0.00331,0.00328,0.99000,-0.12278,-0.00092,-0.00428,0.99000,0.11787,0.44889,0.00216,0.99000,-0.12739,0.45374,-0.00603,0.99000,0.12024,0.89390,0.02756,0.99000,-0.11832,0.89938,0.02853,0.99000
5,3.4500,wave,0.19840,-0.50261,-0.00104,0.99000,-0.20402,-0.49687,-0.00076,0.99000,0.22659,-0.20713,0.00674,0.99000,-0.49524,-0.55817,0.00471,0.99000,0.21620,0.07054,0.00487,0.99000,-0.56670,-0.30047,-0.00484,0.99000,0.12277,-0.00016,-0.00039,0.99000,-0.13148,0.00560,0.00069,0.99000,0.12951,0.45197,-0.00055,0.99000,-0.12877,0.45511,0.00419,0.99000,0.12000,0.90374,0.01725,0.99000,-0.13272,0.89758,0.02142,0.99000
5,3.5000,wave,0.20333,-0.50675,-0.00037,0.99000,-0.19895,-0.50079,0.00201,0.99000,0.22827,-0.20103,-0.00249,0.99000,-0.49958,-0.55646,-0.00026,0.99000,0.22504,0.07011,-0.00338,0.99000,-0.61760,-0.31183,-0.00353,0.99000,0.12211,-0.00318,-0.00696,0.99000,-0.12244,-0.00135,0.00079,0.99000,0.12761,0.45391,0.00248,0.99000,-0.12046,0.44674,-0.00275,0.99000,0.12072,0.89895,0.01514,0.99000,-0.13226,0.89754,0.01717,0.99000
5,3.5500,wave,0.20281,-0.49610,-0.00114,0.99000,-0.19837,-0.49594,0.00099,0.99000,0.22745,-0.20040,0.00392,0.99000,-0.49509,-0.55456,0.00415,0.99000,0.21916,0.07118,-0.00005,0.99000,-0.65599,-0.33542,0.00390,0.99000,0.12100,-0.00352,-0.00194,0.99000,-0.12955,0.00542,0.00430,0.99000,0.12537,0.44484,0.00015,0.99000,-0.12379,0.44873,0.00526,0.99000,0.12385,0.89816,0.02144,0.99000,-0.11677,0.90494,0.01313,0.99000
5,3.6000,wave,0.19974,-0.50885,0.00338,0.99000,-0.20154,-0.49636,-0.00467,0.99000,0.22926,-0.20364,0.00164,0.99000,-0.49963,-0.55602,0.00500,0.99000,0.21655,0.07077,0.00418,0.99000,-0.68956,-0.36643,0.00094,0.99000,0.13341,0.00033,-0.00200,0.99000,-0.12312,-0.00881,-0.00107,0.99000,0.12721,0.44423,0.00112,0.99000,-0.11877,0.45661,-0.00260,0.99000,0.12384,0.90409,0.01873,0.99000,-0.11860,0.89922,0.02810,0.99000
5,3.6500,wave,0.20787,-0.50007,0.00501,0.99000,-0.19812,-0.49824,0.00671,0.99000,0.22855,-0.20189,0.00107,0.99000,-0.49143,-0.54960,0.00218,0.99000,0.21650,0.06797,0.00210,0.99000,-0.70970,-0.38348,-0.00322,0.99000,0.12070,0.00319,0.00114,0.99000,-0.13428,0.00502,0.00294,0.99000,0.12288,0.44720,0.00023,0.99000,-0.12500,0.45185,-0.00392,0.99000,0.12268,0.90039,0.01416,0.99000,-0.12843,0.89931,0.02597,0.99000
5,3.7000,wave,0.20046,-0.50117,-0.00078,0.99000,-0.19964,-0.50397,-0.00565,0.99000,0.23208,-0.20227,-0.00733,0.99000,-0.48983,-0.54542,0.00259,0.99000,0.21428,0.07270,-0.00432,0.99000,-0.72028,-0.40327,0.00147,0.99000,0.12244,-0.00338,0.00078,0.99000,-0.12782,-0.00484,0.00566,0.99000,0.12172,0.45495,0.00050,0.99000,-0.13084,0.44710,-0.00635,0.99000,0.12506,0.89528,0.02627,0.99000,-0.12877,0.90445,0.02246,0.99000
5,3.7500,wave,0.19812,-0.49955,-0.01119,0.99000,-0.19951,-0.50441,0.00413,0.99000,0.23436,-0.20060,0.00466,0.99000,-0.50250,-0.52108,-0.00435,0.99000,0.21596,0.06046,-0.00290,0.99000,-0.72071,-0.38300,0.00258,0.99000,0.12479,0.00249,0.00246,0.99000,-0.12372,0.00517,-0.00317,0.99000,0.12525,0.44561,0.00648,0.99000,-0.12725,0.45923,-0.00332,0.99000,0.12527,0.89816,0.02333,0.99000,-0.12275,0.90222,0.01628,0.99000
5,3.8000,wave,0.20074,-0.50050,0.00060,0.99000,-0.20319,-0.50176,-0.00273,0.99000,0.23103,-0.20771,0.00307,0.99000,-0.50573,-0.49488,0.00262,0.99000,0.21628,0.07193,0.00587,0.99000,-0.71789,-0.33714,-0.00387,0.99000,0.12259,-0.00429,0.00609,0.99000,-0.12577,0.00683,-0.00173,0.99000,0.13398,0.45389,-0.00476,0.99000,-0.12969,0.45029,0.00313,0.99000,0.12650,0.89761,0.02331,0.99000,-0.12704,0.90382,0.02016,0.99000
5,3.8500,wave,0.19886,-0.50003,-0.00215,0.99000,-0.20026,-0.51091,-0.00056,0.99000,0.23656,-0.20372,0.00219,0.99000,-0.49308,-0.44801,-0.00359,0.99000,0.22093,0.06405,0.00578,0.99000,-0.67427,-0.24934,0.00082,0.99000,0.12842,-0.00274,0.00306,0.99000,-0.12288,0.00012,-0.00142,0.99000,0.12367,0.44634,0.00218,0.99000,-0.11865,0.45386,0.00376,0.99000,0.11883,0.89631,0.02073,0.99000,-0.12342,0.89096,0.02141,0.99000
5,3.9000,wave,0.20080,-0.49729,0.00190,0.99000,-0.20134,-0.49629,0.00063,0.99000,0.22778,-0.19925,0.00117,0.99000,-0.48434,-0.39732,0.00134,0.99000,0.21409,0.06400,0.00351,0.99000,-0.63042,-0.16690,0.00270,0.99000,0.12064,-0.00499,-0.00086,0.99000,-0.12753,-0.00367,-0.00317,0.99000,0.12977,0.44804,0.00059,0.99000,-0.12316,0.45057,-0.00143,0.99000,0.12770,0.90092,0.02318,0.99000,-0.12250,0.89508,0.02644,0.99000
5,3.9500,wave,0.20343,-0.49713,-0.00021,0.99000,-0.20240,-0.50543,-0.00074,0.99000,0.23386,-0.19958,-0.00373,0.99000,-0.45992,-0.34470,0.00160,0.99000,0.22130,0.07191,0.00051,0.99000,-0.56033,-0.09979,0.00265,0.99000,0.12611,0.00070,-0.00061,0.99000,-0.12749,-0.00534,-0.00886,0.99000,0.12720,0.46196,-0.00120,0.99000,-0.12707,0.45417,-0.00061,0.99000,0.12647,0.89380,0.02315,0.99000,-0.12312,0.91050,0.02035,0.99000
5,4.0000,wave,0.19828,-0.49927,0.00138,0.99000,-0.19664,-0.50104,-0.00572,0.99000,0.23035,-0.20354,-0.01261,0.99000,-0.42851,-0.29426,0.00324,0.99000,0.20966,0.07058,-0.00389,0.99000,-0.47240,-0.03646,0.00540,0.99000,0.12926,-0.00290,-0.00080,0.99000,-0.12435,-0.00422,-0.00007,0.99000,0.12434,0.44774,0.00371,0.99000,-0.11413,0.45429,0.00379,0.99000,0.12362,0.89587,0.01943,0.99000,-0.12344,0.89330,0.01875,0.99000
5,4.0500,wave,0.19552,-0.49960,0.00215,0.99000,-0.20344,-0.50151,-0.00196,0.99000,0.23294,-0.19901,0.00304,0.99000,-0.38472,-0.26137,0.00677,0.99000,0.21172,0.06571,-0.00787,0.99000,-0.40436,0.00822,0.00441,0.99000,0.13033,-0.00444,-0.00938,0.99000,-0.12497,0.00426,0.00081,0.99000,0.12618,0.44747,0.00421,0.99000,-0.12171,0.45120,-0.00276,0.99000,0.12699,0.89454,0.01924,0.99000,-0.12652,0.90097,0.02066,0.99000
5,4.1000,wave,0.20072,-0.50360,-0.00336,0.99000,-0.19300,-0.49915,-0.00154,0.99000,0.22593,-0.20742,-0.00736,0.99000,-0.34201,-0.23149,0.00225,0.99000,0.21906,0.06721,0.00258,0.99000,-0.35014,0.03608,-0.00229,0.99000,0.12401,0.00113,-0.00120,0.99000,-0.13069,0.00296,0.00314,0.99000,0.11999,0.45214,-0.00673,0.99000,-0.12639,0.44915,-0.00538,0.99000,0.12232,0.90224,0.01927,0.99000,-0.12385,0.89953,0.02256,0.99000
5,4.1500,wave,0.20318,-0.50283,0.00200,0.99000,-0.19796,-0.49866,-0.00141,0.99000,0.22956,-0.20494,0.00082,0.99000,-0.29903,-0.21866,-0.00275,0.99000,0.22215,0.07202,0.00027,0.99000,-0.29567,0.05128,0.00384,0.99000,0.11942,0.00392,-0.00183,0.99000,-0.12005,-0.00116,0.00098,0.99000,0.13413,0.45314,0.00063,0.99000,-0.12722,0.44995,-0.00008,0.99000,0.12486,0.90222,0.02247,0.99000,-0.12520,0.90263,0.02219,0.99000
5,4.2000,wave,0.19901,-0.50648,0.00049,0.99000,-0.20450,-0.49667,-0.00218,0.99000,0.22693,-0.19697,0.01106,0.99000,-0.26356,-0.20392,0.00173,0.99000,0.21739,0.07184,0.00543,0.99000,-0.25768,0.06234,0.00180,0.99000,0.12777,-0.00811,0.00398,0.99000,-0.11788,0.00278,0.00820,0.99000,0.12996,0.44066,0.00576,0.99000,-0.12990,0.44502,-0.00054,0.99000,0.11729,0.89832,0.02224,0.99000,-0.12619,0.90466,0.02587,0.99000
5,4.2500,wave,0.19655,-0.50585,0.00479,0.99000,-0.20218,-0.50289,0.00292,0.99000,0.22359,-0.19490,0.00211,0.99000,-0.23323,-0.20131,-0.00100,0.99000,0.21560,0.07257,-0.00085,0.99000,-0.22814,0.06861,-0.00044,0.99000,0.13033,-0.00204,-0.00430,0.99000,-0.11284,-0.00240,0.00214,0.99000,0.13278,0.44636,-0.00047,0.99000,-0.12198,0.45388,0.00554,0.99000,0.13521,0.89913,0.02424,0.99000,-0.12572,0.90053,0.02217,0.99000
5,4.3000,wave,0.19430,-0.49716,-0.00178,0.99000,-0.20064,-0.50429,-0.00249,0.99000,0.23427,-0.19441,0.00050,0.99000,-0.22935,-0.20005,-0.00184,0.99000,0.21974,0.06579,-0.00084,0.99000,-0.21829,0.07125,0.00458,0.99000,0.12698,-0.00397,0.00480,0.99000,-0.13009,0.00216,-0.00112,0.99000,0.12023,0.44805,0.00441,0.99000,-0.12405,0.45169,-0.00005,0.99000,0.13323,0.89932,0.02593,0.99000,-0.13036,0.90060,0.02464,0.99000
