episode,timestamp,action,lm0_x,lm0_y,lm0_z,lm0_v,lm1_x,lm1_y,lm1_z,lm1_v,lm2_x,lm2_y,lm2_z,lm2_v,lm3_x,lm3_y,lm3_z,lm3_v,lm4_x,lm4_y,lm4_z,lm4_v,lm5_x,lm5_y,lm5_z,lm5_v,lm6_x,lm6_y,lm6_z,lm6_v,lm7_x,lm7_y,lm7_z,lm7_v,lm8_x,lm8_y,lm8_z,lm8_v,lm9_x,lm9_y,lm9_z,lm9_v,lm10_x,lm10_y,lm10_z,lm10_v,lm11_x,lm11_y,lm11_z,lm11_v
0,0.0000,bend,0.19940,-0.49819,-0.00308,0.99000,-0.19102,-0.49641,-0.00056,0.99000,0.23462,-0.19831,-0.00189,0.99000,-0.23184,-0.20685,-0.00025,0.99000,0.22161,0.06707,-0.00095,0.99000,-0.22668,0.06831,0.00438,0.99000,0.13325,0.00432,0.00415,0.99000,-0.11508,-0.00363,0.00379,0.99000,0.12571,0.45757,0.00913,0.99000,-0.12939,0.45298,0.00725,0.99000,0.12593,0.89882,0.03078,0.99000,-0.12675,0.89131,0.02252,0.99000
0,0.0500,bend,0.19591,-0.50460,-0.00713,0.99000,-0.19752,-0.49879,-0.00835,0.99000,0.22433,-0.19987,0.00254,0.99000,-0.23647,-0.20211,-0.00323,0.99000,0.22002,0.06763,0.00082,0.99000,-0.21891,0.06592,-0.00552,0.99000,0.12490,0.00006,-0.00056,0.99000,-0.12337,-0.00359,0.00111,0.99000,0.12537,0.44859,-0.00256,0.99000,-0.13220,0.45192,0.00391,0.99000,0.12501,0.89985,0.02727,0.99000,-0.12630,0.89791,0.02083,0.99000
0,0.1000,bend,0.19177,-0.49807,-0.00763,0.99000,-0.20119,-0.50569,-0.00297,0.99000,0.23586,-0.19896,-0.00186,0.99000,-0.23519,-0.19979,-0.00009,0.99000,0.22422,0.07163,0.00312,0.99000,-0.21868,0.07272,0.00422,0.99000,0.12806,0.00171,0.00020,0.99000,-0.12905,0.00331,0.00625,0.99000,0.12622,0.45037,-0.00120,0.99000,-0.12843,0.44679,-0.00759,0.99000,0.12148,0.90132,0.02806,0.99000,-0.12835,0.89865,0.02167,0.99000
0,0.1500,bend,0.20323,-0.49518,-0.02253,0.99000,-0.19319,-0.49788,-0.02160,0.99000,0.22859,-0.20352,-0.00911,0.99000,-0.22641,-0.20004,-0.01045,0.99000,0.21748,0.07035,0.00087,0.99000,-0.21816,0.06650,-0.00511,0.99000,0.11821,0.00171,0.00236,0.99000,-0.12646,-0.00588,0.00640,0.99000,0.11906,0.45330,-0.00124,0.99000,-0.12659,0.45147,0.01173,0.99000,0.12351,0.90022,0.03194,0.99000,-0.12818,0.89152,0.02787,0.99000
0,0.2000,bend,0.20446,-0.50399,-0.03442,0.99000,-0.20406,-0.49868,-0.03914,0.99000,0.23047,-0.20215,-0.00783,0.99000,-0.23196,-0.19946,-0.02392,0.99000,0.22022,0.06968,0.00481,0.99000,-0.21716,0.06982,0.00924,0.99000,0.13029,-0.00130,0.00313,0.99000,-0.12277,0.00377,-0.00493,0.99000,0.12380,0.44833,0.00239,0.99000,-0.12639,0.44977,-0.00406,0.99000,0.12431,0.89713,0.02707,0.99000,-0.12337,0.90341,0.02925,0.99000
0,0.2500,bend,0.19636,-0.49938,-0.05087,0.99000,-0.20627,-0.48787,-0.05272,0.99000,0.23104,-0.20455,-0.02095,0.99000,-0.22251,-0.20636,-0.02241,0.99000,0.21817,0.06436,0.00634,0.99000,-0.21998,0.06148,0.00791,0.99000,0.12815,0.00115,-0.00384,0.99000,-0.12764,-0.00297,0.00214,0.99000,0.12449,0.45344,-0.00091,0.99000,-0.12138,0.44795,0.00495,0.99000,0.12472,0.90503,0.03601,0.99000,-0.12227,0.89594,0.03191,0.99000
0,0.3000,bend,0.19877,-0.49411,-0.07413,0.99000,-0.21266,-0.50510,-0.08104,0.99000,0.22791,-0.20317,-0.03500,0.99000,-0.23655,-0.19836,-0.02552,0.99000,0.21497,0.07256,0.00716,0.99000,-0.22014,0.06805,0.01530,0.99000,0.12145,0.00254,0.00185,0.99000,-0.12221,-0.00138,-0.00108,0.99000,0.12779,0.45469,-0.00076,0.99000,-0.12231,0.45359,-0.00100,0.99000,0.12775,0.89892,0.04143,0.99000,-0.13100,0.89165,0.03947,0.99000
0,0.3500,bend,0.19353,-0.49273,-0.09317,0.99000,-0.19555,-0.49701,-0.09669,0.99000,0.23317,-0.19859,-0.04765,0.99000,-0.23155,-0.20029,-0.04304,0.99000,0.21334,0.06879,0.01516,0.99000,-0.21955,0.07209,0.01628,0.99000,0.12132,0.00635,-0.00389,0.99000,-0.12023,0.00505,0.00264,0.99000,0.11985,0.44636,0.00558,0.99000,-0.12769,0.45443,0.00057,0.99000,0.12536,0.89292,0.04452,0.99000,-0.13180,0.90138,0.04299,0.99000
0,0.4000,bend,0.19219,-0.48468,-0.11616,0.99000,-0.19972,-0.48992,-0.11853,0.99000,0.23141,-0.20001,-0.05501,0.99000,-0.23526,-0.20137,-0.05405,0.99000,0.21756,0.06818,0.01321,0.99000,-0.22118,0.06535,0.01826,0.99000,0.12696,-0.00043,-0.00474,0.99000,-0.12267,0.00099,-0.00015,0.99000,0.12339,0.44282,0.00345,0.99000,-0.12550,0.44956,-0.00322,0.99000,0.13133,0.90439,0.05630,0.99000,-0.12342,0.90071,0.05192,0.99000
0,0.4500,bend,0.19679,-0.48361,-0.15260,0.99000,-0.19780,-0.47835,-0.14279,0.99000,0.23093,-0.19033,-0.06498,0.99000,-0.23103,-0.20252,-0.05780,0.99000,0.22053,0.05550,0.02035,0.99000,-0.21725,0.06690,0.02299,0.99000,0.13142,-0.00089,-0.00118,0.99000,-0.12551,-0.00510,0.00093,0.99000,0.12749,0.45078,-0.00381,0.99000,-0.13183,0.45309,0.00342,0.99000,0.12395,0.89434,0.05904,0.99000,-0.12813,0.89155,0.05667,0.99000
0,0.5000,bend,0.20288,-0.46774,-0.17485,0.99000,-0.19757,-0.46847,-0.16971,0.99000,0.23336,-0.18996,-0.06552,0.99000,-0.22237,-0.18944,-0.06773,0.99000,0.22582,0.06384,0.02661,0.99000,-0.21992,0.06571,0.02861,0.99000,0.11925,-0.00510,-0.00252,0.99000,-0.12559,-0.00273,-0.00642,0.99000,0.12702,0.44754,0.00306,0.99000,-0.12974,0.44683,0.00192,0.99000,0.12637,0.89815,0.06700,0.99000,-0.12829,0.89552,0.06815,0.99000
0,0.5500,bend,0.20161,-0.45381,-0.20221,0.99000,-0.19739,-0.46550,-0.20451,0.99000,0.22735,-0.18455,-0.08100,0.99000,-0.23050,-0.18949,-0.08738,0.99000,0.21123,0.06269,0.02750,0.99000,-0.21908,0.06358,0.02370,0.99000,0.11820,-0.00567,-0.00018,0.99000,-0.11982,0.00783,-0.00045,0.99000,0.12924,0.45265,0.00392,0.99000,-0.12521,0.44977,0.00236,0.99000,0.12512,0.89582,0.07108,0.99000,-0.12682,0.89436,0.07797,0.99000
0,0.6000,bend,0.20540,-0.44469,-0.22159,0.99000,-0.19960,-0.44979,-0.22723,0.99000,0.22905,-0.17727,-0.08613,0.99000,-0.22377,-0.18228,-0.08818,0.99000,0.21205,0.05542,0.03106,0.99000,-0.22234,0.05963,0.03013,0.99000,0.12270,0.00220,0.00985,0.99000,-0.13026,0.00107,0.00338,0.99000,0.12625,0.44516,0.00015,0.99000,-0.12270,0.45144,0.00836,0.99000,0.12276,0.88347,0.08731,0.99000,-0.12553,0.89884,0.07945,0.99000
0,0.6500,bend,0.20210,-0.43922,-0.25625,0.99000,-0.20161,-0.42692,-0.25684,0.99000,0.22621,-0.17407,-0.09998,0.99000,-0.22629,-0.17869,-0.09870,0.99000,0.21070,0.06360,0.03661,0.99000,-0.22067,0.05405,0.03306,0.99000,0.12485,-0.00400,-0.00089,0.99000,-0.12470,-0.00335,-0.00728,0.99000,0.12601,0.45362,-0.00019,0.99000,-0.11873,0.45164,0.00733,0.99000,0.12102,0.89247,0.08004,0.99000,-0.12564,0.88654,0.08343,0.99000
0,0.7000,bend,0.20453,-0.42483,-0.26880,0.99000,-0.20493,-0.41857,-0.27747,0.99000,0.22268,-0.16779,-0.11167,0.99000,-0.24375,-0.16293,-0.11194,0.99000,0.22329,0.05766,0.03322,0.99000,-0.21834,0.05428,0.03904,0.99000,0.12454,0.00830,-0.00287,0.99000,-0.12616,-0.00383,0.00189,0.99000,0.12252,0.44859,-0.00342,0.99000,-0.11843,0.44246,0.00070,0.99000,0.12381,0.88774,0.09556,0.99000,-0.12319,0.88655,0.09078,0.99000
0,0.7500,bend,0.19973,-0.40730,-0.29514,0.99000,-0.20584,-0.40993,-0.29286,0.99000,0.23143,-0.16433,-0.11908,0.99000,-0.22965,-0.15901,-0.12330,0.99000,0.21641,0.05458,0.04003,0.99000,-0.22182,0.05695,0.03918,0.99000,0.12303,-0.00646,0.00613,0.99000,-0.11643,0.00071,-0.00345,0.99000,0.12318,0.44701,0.00413,0.99000,-0.12394,0.44899,0.00556,0.99000,0.12260,0.88572,0.10567,0.99000,-0.12342,0.89135,0.09881,0.99000
0,0.8000,bend,0.19880,-0.38394,-0.32320,0.99000,-0.19705,-0.38584,-0.32409,0.99000,0.23074,-0.15138,-0.12865,0.99000,-0.22665,-0.15482,-0.12716,0.99000,0.22778,0.05755,0.04556,0.99000,-0.21483,0.05936,0.03733,0.99000,0.12874,-0.00121,0.00185,0.99000,-0.11914,0.00138,-0.00113,0.99000,0.12714,0.45133,-0.00058,0.99000,-0.11401,0.44257,-0.00239,0.99000,0.11723,0.88700,0.10386,0.99000,-0.12092,0.88704,0.09925,0.99000
0,0.8500,bend,0.19656,-0.37787,-0.33588,0.99000,-0.19453,-0.36730,-0.34082,0.99000,0.22906,-0.15118,-0.13884,0.99000,-0.23380,-0.14433,-0.13667,0.99000,0.21634,0.04826,0.04161,0.99000,-0.21145,0.04693,0.04945,0.99000,0.13159,-0.00589,-0.00805,0.99000,-0.12869,0.00268,0.00491,0.99000,0.12737,0.45150,-0.00330,0.99000,-0.12579,0.44063,0.00623,0.99000,0.12545,0.88482,0.11078,0.99000,-0.11936,0.89503,0.11297,0.99000
0,0.9000,bend,0.20570,-0.35999,-0.34758,0.99000,-0.19849,-0.35240,-0.34870,0.99000,0.22846,-0.14388,-0.13862,0.99000,-0.23502,-0.13914,-0.14257,0.99000,0.22323,0.05012,0.05429,0.99000,-0.22891,0.04672,0.04948,0.99000,0.12372,0.00009,-0.00010,0.99000,-0.12350,-0.00158,-0.00625,0.99000,0.12436,0.43930,-0.00826,0.99000,-0.13246,0.45224,-0.00257,0.99000,0.12829,0.87740,0.11833,0.99000,-0.12560,0.88649,0.11564,0.99000
0,0.9500,bend,0.19630,-0.33406,-0.37018,0.99000,-0.20907,-0.33240,-0.36332,0.99000,0.22345,-0.13918,-0.14778,0.99000,-0.22808,-0.13538,-0.14722,0.99000,0.21939,0.05080,0.03981,0.99000,-0.22068,0.04730,0.06166,0.99000,0.12085,-0.00651,-0.00113,0.99000,-0.12678,-0.00073,0.00751,0.99000,0.12339,0.44839,-0.00498,0.99000,-0.12482,0.44759,0.00547,0.99000,0.12619,0.88314,0.11963,0.99000,-0.12570,0.88057,0.11810,0.99000
0,1.0000,bend,0.20057,-0.33186,-0.37937,0.99000,-0.20435,-0.32483,-0.37946,0.99000,0.22928,-0.12742,-0.15541,0.99000,-0.23084,-0.13167,-0.14993,0.99000,0.21788,0.04506,0.04754,0.99000,-0.21207,0.04213,0.05037,0.99000,0.12512,-0.00373,0.00655,0.99000,-0.12333,-0.00639,0.00911,0.99000,0.12759,0.45229,0.00570,0.99000,-0.11944,0.44712,-0.00169,0.99000,0.12352,0.88227,0.12870,0.99000,-0.11734,0.88791,0.12292,0.99000
0,1.0500,bend,0.20383,-0.32220,-0.39203,0.99000,-0.19963,-0.31249,-0.38564,0.99000,0.22640,-0.12328,-0.15512,0.99000,-0.22879,-0.12922,-0.15324,0.99000,0.21975,0.04529,0.04545,0.99000,-0.22697,0.04414,0.05630,0.99000,0.12506,0.00047,-0.00021,0.99000,-0.12364,0.00029,-0.00295,0.99000,0.11954,0.45260,-0.00201,0.99000,-0.12356,0.44815,0.00237,0.99000,0.12200,0.88466,0.12720,0.99000,-0.13087,0.88443,0.12811,0.99000
0,1.1000,bend,0.19883,-0.30240,-0.39489,0.99000,-0.19835,-0.30938,-0.39835,0.99000,0.23186,-0.12277,-0.15755,0.99000,-0.24261,-0.12557,-0.15750,0.99000,0.22146,0.03789,0.06114,0.99000,-0.22138,0.05013,0.05269,0.99000,0.12224,-0.00092,0.00101,0.99000,-0.12788,0.00191,0.00665,0.99000,0.12274,0.44851,-0.00574,0.99000,-0.13095,0.44870,-0.00114,0.99000,0.12841,0.88507,0.12918,0.99000,-0.12529,0.87297,0.12805,0.99000
0,1.1500,bend,0.19799,-0.30213,-0.39413,0.99000,-0.20382,-0.30667,-0.40312,0.99000,0.22956,-0.12019,-0.16296,0.99000,-0.22805,-0.12394,-0.15234,0.99000,0.21788,0.04282,0.04749,0.99000,-0.21552,0.04472,0.05214,0.99000,0.12877,0.00825,-0.00299,0.99000,-0.12490,0.00386,0.00378,0.99000,0.13167,0.45460,0.00194,0.99000,-0.13014,0.44627,0.00152,0.99000,0.13337,0.88202,0.13613,0.99000,-0.12993,0.88233,0.13186,0.99000
0,1.2000,bend,0.20001,-0.29687,-0.39062,0.99000,-0.19685,-0.30224,-0.40222,0.99000,0.22822,-0.11565,-0.16021,0.99000,-0.23211,-0.12294,-0.15256,0.99000,0.22418,0.04158,0.05413,0.99000,-0.20889,0.03220,0.05523,0.99000,0.12130,0.00063,-0.00463,0.99000,-0.11953,0.00178,-0.00062,0.99000,0.13182,0.44442,-0.00432,0.99000,-0.12403,0.45125,0.00245,0.99000,0.12901,0.87342,0.13236,0.99000,-0.12816,0.87931,0.13134,0.99000
0,1.2500,bend,0.20692,-0.30201,-0.39478,0.99000,-0.19189,-0.29903,-0.39812,0.99000,0.23587,-0.11955,-0.15988,0.99000,-0.22631,-0.12182,-0.15998,0.99000,0.22723,0.03995,0.05870,0.99000,-0.21362,0.04482,0.06111,0.99000,0.12717,0.00016,0.00244,0.99000,-0.12589,0.00017,-0.00362,0.99000,0.12225,0.44840,-0.00307,0.99000,-0.12372,0.45306,0.00286,0.99000,0.12760,0.88069,0.13228,0.99000,-0.12782,0.87566,0.14090,0.99000
0,1.3000,bend,0.20052,-0.30657,-0.40064,0.99000,-0.19471,-0.29563,-0.39582,0.99000,0.23485,-0.11818,-0.16443,0.99000,-0.23331,-0.11953,-0.16371,0.99000,0.21557,0.04964,0.05744,0.99000,-0.21491,0.03868,0.06577,0.99000,0.12675,-0.00086,0.00077,0.99000,-0.12754,-0.00165,-0.00209,0.99000,0.12654,0.45066,0.00268,0.99000,-0.12518,0.45286,0.00302,0.99000,0.12564,0.88450,0.13203,0.99000,-0.12144,0.88334,0.12956,0.99000
0,1.3500,bend,0.20206,-0.30788,-0.40826,0.99000,-0.19575,-0.30107,-0.40220,0.99000,0.23458,-0.12671,-0.15675,0.99000,-0.23112,-0.12110,-0.16291,0.99000,0.22066,0.04396,0.05599,0.99000,-0.22215,0.05050,0.05773,0.99000,0.12291,-0.00643,0.00460,0.99000,-0.12818,0.00270,0.00304,0.99000,0.12600,0.45072,0.00115,0.99000,-0.12005,0.45104,-0.00153,0.99000,0.12884,0.88600,0.12923,0.99000,-0.12347,0.87634,0.13277,0.99000
0,1.4000,bend,0.19532,-0.29539,-0.40616,0.99000,-0.20240,-0.30291,-0.39222,0.99000,0.22655,-0.11634,-0.16838,0.99000,-0.23302,-0.12498,-0.15233,0.99000,0.21250,0.04524,0.05447,0.99000,-0.21239,0.04696,0.05062,0.99000,0.12177,-0.00012,-0.00320,0.99000,-0.12359,-0.00586,0.00079,0.99000,0.12378,0.44937,-0.00122,0.99000,-0.12633,0.45876,0.00213,0.99000,0.13101,0.87756,0.13550,0.99000,-0.12655,0.87492,0.13791,0.99000
0,1.4500,bend,0.20715,-0.30039,-0.39690,0.99000,-0.20208,-0.29923,-0.39954,0.99000,0.23667,-0.11831,-0.16509,0.99000,-0.22721,-0.11779,-0.15802,0.99000,0.22163,0.03943,0.06513,0.99000,-0.21717,0.03396,0.04792,0.99000,0.12926,-0.00308,-0.00172,0.99000,-0.13209,0.00762,0.00393,0.99000,0.12605,0.44641,-0.00241,0.99000,-0.13176,0.45118,0.00075,0.99000,0.12453,0.89148,0.13902,0.99000,-0.11343,0.87934,0.13019,0.99000
0,1.5000,bend,0.20027,-0.30769,-0.39649,0.99000,-0.20301,-0.30211,-0.39828,0.99000,0.22509,-0.11840,-0.15725,0.99000,-0.23175,-0.11875,-0.15145,0.99000,0.21620,0.03774,0.05526,0.99000,-0.22108,0.03963,0.05674,0.99000,0.12600,-0.00177,0.00621,0.99000,-0.12693,-0.00194,0.00666,0.99000,0.12220,0.44899,0.00029,0.99000,-0.12447,0.45133,-0.00023,0.99000,0.12209,0.87459,0.13240,0.99000,-0.12109,0.87168,0.13383,0.99000
0,1.5500,bend,0.19759,-0.29852,-0.40064,0.99000,-0.20004,-0.29936,-0.39973,0.99000,0.23185,-0.12207,-0.16321,0.99000,-0.23327,-0.12632,-0.15256,0.99000,0.22153,0.03836,0.05512,0.99000,-0.22121,0.04275,0.05780,0.99000,0.12241,0.00413,-0.00650,0.99000,-0.12286,-0.00025,-0.00351,0.99000,0.12281,0.45290,-0.00306,0.99000,-0.12478,0.44887,-0.00079,0.99000,0.12450,0.88421,0.13562,0.99000,-0.12249,0.88004,0.13811,0.99000
0,1.6000,bend,0.19731,-0.29833,-0.40030,0.99000,-0.20522,-0.30044,-0.39649,0.99000,0.22823,-0.12016,-0.16274,0.99000,-0.22558,-0.12485,-0.15883,0.99000,0.21323,0.03873,0.05727,0.99000,-0.22065,0.03563,0.05529,0.99000,0.12129,-0.00747,-0.00002,0.99000,-0.11923,-0.00120,0.00199,0.99000,0.12373,0.44012,0.00880,0.99000,-0.11930,0.44522,-0.00466,0.99000,0.13002,0.88173,0.13710,0.99000,-0.12256,0.87961,0.12848,0.99000
0,1.6500,bend,0.20406,-0.29764,-0.39801,0.99000,-0.20174,-0.30811,-0.41050,0.99000,0.22544,-0.11137,-0.15994,0.99000,-0.23288,-0.12728,-0.16185,0.99000,0.21465,0.04383,0.05690,0.99000,-0.22355,0.03917,0.05046,0.99000,0.12718,0.00156,0.00456,0.99000,-0.12821,-0.00338,-0.00293,0.99000,0.13019,0.45257,0.00308,0.99000,-0.12268,0.45118,-0.00324,0.99000,0.12659,0.88208,0.13304,0.99000,-0.12365,0.88853,0.12851,0.99000
0,1.7000,bend,0.20248,-0.30893,-0.40078,0.99000,-0.20286,-0.31047,-0.39876,0.99000,0.22607,-0.12101,-0.15631,0.99000,-0.23081,-0.11720,-0.16430,0.99000,0.21990,0.03631,0.04908,0.99000,-0.21398,0.04761,0.05161,0.99000,0.12698,0.00196,0.00222,0.99000,-0.13071,-0.00465,-0.00227,0.99000,0.12001,0.44212,-0.00324,0.99000,-0.12922,0.44805,-0.00699,0.99000,0.12230,0.87986,0.13331,0.99000,-0.12730,0.88301,0.14144,0.99000
0,1.7500,bend,0.20064,-0.29634,-0.40044,0.99000,-0.20321,-0.29428,-0.39989,0.99000,0.23433,-0.12577,-0.16185,0.99000,-0.22740,-0.11897,-0.16098,0.99000,0.22253,0.04368,0.05631,0.99000,-0.22807,0.04004,0.06136,0.99000,0.12884,-0.00623,-0.00068,0.99000,-0.12608,-0.00472,0.00095,0.99000,0.12057,0.45784,0.00250,0.99000,-0.12536,0.45167,0.00014,0.99000,0.13135,0.87495,0.13115,0.99000,-0.12275,0.87186,0.12959,0.99000
0,1.8000,bend,0.20331,-0.29630,-0.39447,0.99000,-0.19765,-0.30377,-0.39915,0.99000,0.22693,-0.11945,-0.16305,0.99000,-0.23196,-0.11844,-0.15837,0.99000,0.21742,0.04533,0.05964,0.99000,-0.21865,0.03969,0.05797,0.99000,0.12589,0.00453,-0.00591,0.99000,-0.12927,0.00483,0.00309,0.99000,0.12480,0.45013,-0.00537,0.99000,-0.12249,0.44588,0.00012,0.99000,0.13349,0.88391,0.13360,0.99000,-0.13214,0.88373,0.13418,0.99000
0,1.8500,bend,0.19534,-0.29960,-0.39282,0.99000,-0.20548,-0.29792,-0.39275,0.99000,0.22878,-0.11780,-0.15732,0.99000,-0.23024,-0.12212,-0.16213,0.99000,0.22093,0.04787,0.05674,0.99000,-0.22322,0.04301,0.05070,0.99000,0.11852,0.00107,-0.00537,0.99000,-0.11970,-0.00763,-0.00345,0.99000,0.11776,0.45684,-0.00189,0.99000,-0.12846,0.45275,-0.00404,0.99000,0.12521,0.87803,0.13251,0.99000,-0.12108,0.87806,0.13337,0.99000
0,1.9000,bend,0.20241,-0.31084,-0.39383,0.99000,-0.19987,-0.30068,-0.39908,0.99000,0.23582,-0.12048,-0.15458,0.99000,-0.23016,-0.11770,-0.15359,0.99000,0.22045,0.04162,0.05620,0.99000,-0.22354,0.03952,0.05817,0.99000,0.12584,-0.00016,0.00054,0.99000,-0.12077,0.00692,-0.00487,0.99000,0.12434,0.44898,0.00197,0.99000,-0.12521,0.44884,0.00132,0.99000,0.12632,0.88275,0.13352,0.99000,-0.12656,0.88127,0.13975,0.99000
0,1.9500,bend,0.19964,-0.29939,-0.39749,0.99000,-0.20350,-0.30353,-0.39389,0.99000,0.22994,-0.12664,-0.15866,0.99000,-0.22903,-0.12033,-0.15942,0.99000,0.22407,0.04371,0.05020,0.99000,-0.22482,0.03755,0.05806,0.99000,0.12052,0.00269,-0.00593,0.99000,-0.12432,-0.00598,-0.00519,0.99000,0.12176,0.45677,0.00270,0.99000,-0.12070,0.45103,0.00482,0.99000,0.12426,0.88738,0.13269,0.99000,-0.12236,0.88243,0.13597,0.99000
0,2.0000,bend,0.20194,-0.29897,-0.39596,0.99000,-0.19374,-0.30930,-0.39757,0.99000,0.23017,-0.11672,-0.16284,0.99000,-0.23377,-0.11816,-0.15917,0.99000,0.21365,0.03819,0.05124,0.99000,-0.21813,0.04417,0.04672,0.99000,0.12666,0.00147,0.00133,0.99000,-0.12334,0.00545,0.00332,0.99000,0.12570,0.44817,-0.00645,0.99000,-0.12698,0.45199,-0.00791,0.99000,0.12573,0.88384,0.13883,0.99000,-0.12626,0.87571,0.13026,0.99000
0,2.0500,bend,0.20192,-0.30437,-0.39661,0.99000,-0.19025,-0.29668,-0.40200,0.99000,0.22582,-0.11698,-0.16023,0.99000,-0.22708,-0.12057,-0.16869,0.99000,0.22313,0.04572,0.04798,0.99000,-0.21707,0.04270,0.05197,0.99000,0.12420,0.00137,-0.00709,0.99000,-0.12595,-0.00254,0.00843,0.99000,0.11810,0.44520,0.00149,0.99000,-0.12141,0.45382,0.00050,0.99000,0.12972,0.87792,0.13740,0.99000,-0.12808,0.88032,0.13356,0.99000
0,2.1000,bend,0.20675,-0.30348,-0.39894,0.99000,-0.20132,-0.30879,-0.40244,0.99000,0.23418,-0.12189,-0.16111,0.99000,-0.23544,-0.12563,-0.16236,0.99000,0.20948,0.04716,0.05186,0.99000,-0.21878,0.04178,0.05804,0.99000,0.12840,-0.00056,0.00636,0.99000,-0.12615,-0.00353,0.00396,0.99000,0.12497,0.45033,-0.00088,0.99000,-0.12554,0.45468,-0.00031,0.99000,0.11937,0.88305,0.13308,0.99000,-0.12659,0.88055,0.12342,0.99000
0,2.1500,bend,0.19877,-0.29874,-0.39699,0.99000,-0.20777,-0.30896,-0.39744,0.99000,0.22293,-0.12561,-0.15826,0.99000,-0.23091,-0.12371,-0.16130,0.99000,0.22028,0.03957,0.05504,0.99000,-0.22700,0.04370,0.05593,0.99000,0.12701,-0.00399,0.01328,0.99000,-0.12721,0.00190,-0.00282,0.99000,0.12785,0.45390,0.00104,0.99000,-0.12197,0.45019,-0.00227,0.99000,0.12350,0.88376,0.13202,0.99000,-0.12489,0.88275,0.12924,0.99000
0,2.2000,bend,0.20473,-0.30366,-0.40181,0.99000,-0.20716,-0.30406,-0.39656,0.99000,0.22614,-0.12020,-0.16054,0.99000,-0.22736,-0.12267,-0.16152,0.99000,0.22387,0.03938,0.04983,0.99000,-0.21789,0.05059,0.05490,0.99000,0.11884,-0.00052,0.00377,0.99000,-0.12938,-0.00294,0.00062,0.99000,0.12603,0.44962,-0.00338,0.99000,-0.12213,0.44915,-0.00466,0.99000,0.13265,0.87763,0.12715,0.99000,-0.12589,0.88423,0.13562,0.99000
0,2.2500,bend,0.19925,-0.30968,-0.39820,0.99000,-0.20080,-0.30326,-0.39805,0.99000,0.22610,-0.12416,-0.16270,0.99000,-0.22838,-0.12656,-0.16430,0.99000,0.21685,0.04298,0.05433,0.99000,-0.21553,0.04374,0.05027,0.99000,0.12501,0.00360,-0.00811,0.99000,-0.12011,-0.00047,-0.00038,0.99000,0.13176,0.45075,-0.00688,0.99000,-0.11734,0.44891,-0.00216,0.99000,0.12132,0.88429,0.13220,0.99000,-0.12056,0.87883,0.13396,0.99000
0,2.3000,bend,0.19657,-0.30925,-0.39849,0.99000,-0.20187,-0.30712,-0.38624,0.99000,0.23191,-0.12185,-0.15935,0.99000,-0.22173,-0.12529,-0.15552,0.99000,0.21749,0.04304,0.06775,0.99000,-0.22179,0.04604,0.05325,0.99000,0.12601,0.00474,-0.00530,0.99000,-0.12545,-0.00538,-0.00182,0.99000,0.12922,0.44655,0.00406,0.99000,-0.13115,0.45301,0.00001,0.99000,0.12592,0.88225,0.12890,0.99000,-0.12110,0.87864,0.12587,0.99000
0,2.3500,bend,0.20658,-0.31139,-0.38433,0.99000,-0.19890,-0.31804,-0.39343,0.99000,0.22749,-0.12821,-0.15045,0.99000,-0.22378,-0.13584,-0.15210,0.99000,0.21448,0.04490,0.05065,0.99000,-0.22610,0.04380,0.05472,0.99000,0.11749,-0.00481,0.00190,0.99000,-0.12516,-0.00019,-0.00212,0.99000,0.12491,0.45309,-0.00185,0.99000,-0.12324,0.45143,0.00879,0.99000,0.12487,0.87596,0.12880,0.99000,-0.12074,0.88216,0.13285,0.99000
0,2.4000,bend,0.20128,-0.32545,-0.37499,0.99000,-0.19998,-0.32252,-0.38058,0.99000,0.23245,-0.13128,-0.15603,0.99000,-0.23307,-0.12620,-0.15506,0.99000,0.22297,0.04197,0.05687,0.99000,-0.21201,0.04102,0.04431,0.99000,0.11948,0.00127,-0.00309,0.99000,-0.12184,-0.00427,0.00241,0.99000,0.12320,0.45418,0.00239,0.99000,-0.13052,0.45576,0.00277,0.99000,0.12549,0.88451,0.12514,0.99000,-0.12455,0.88009,0.13206,0.99000
0,2.4500,bend,0.20322,-0.33632,-0.36098,0.99000,-0.19512,-0.34451,-0.36111,0.99000,0.22170,-0.13734,-0.15470,0.99000,-0.23205,-0.14244,-0.14623,0.99000,0.22197,0.04804,0.05197,0.99000,-0.21471,0.04653,0.03961,0.99000,0.12734,0.00659,-0.00351,0.99000,-0.11908,0.00251,0.00388,0.99000,0.12495,0.44748,0.00657,0.99000,-0.12054,0.44391,-0.00242,0.99000,0.12485,0.88592,0.12134,0.99000,-0.12469,0.88542,0.11734,0.99000
0,2.5000,bend,0.20570,-0.35472,-0.34213,0.99000,-0.20072,-0.35396,-0.35680,0.99000,0.23543,-0.14284,-0.14001,0.99000,-0.23107,-0.14268,-0.14221,0.99000,0.22104,0.04500,0.04654,0.99000,-0.22485,0.04822,0.04895,0.99000,0.12549,-0.00238,-0.00138,0.99000,-0.12855,-0.00705,-0.00182,0.99000,0.11577,0.44783,-0.00423,0.99000,-0.12096,0.45596,-0.00848,0.99000,0.12395,0.88456,0.11990,0.99000,-0.13040,0.88769,0.11062,0.99000
0,2.5500,bend,0.19539,-0.36882,-0.33267,0.99000,-0.20023,-0.37035,-0.33286,0.99000,0.22399,-0.14749,-0.13336,0.99000,-0.22751,-0.15037,-0.13815,0.99000,0.21882,0.05109,0.04999,0.99000,-0.21990,0.04701,0.04621,0.99000,0.12870,-0.00269,-0.00319,0.99000,-0.12822,-0.00525,0.00746,0.99000,0.12387,0.45431,-0.00599,0.99000,-0.12799,0.45112,0.00793,0.99000,0.12849,0.88952,0.11416,0.99000,-0.13178,0.88637,0.11188,0.99000
0,2.6000,bend,0.19450,-0.39432,-0.31456,0.99000,-0.19852,-0.38354,-0.31553,0.99000,0.23447,-0.15871,-0.12672,0.99000,-0.23525,-0.15487,-0.12388,0.99000,0.22146,0.05153,0.03921,0.99000,-0.22089,0.05275,0.04447,0.99000,0.12151,-0.00271,-0.00004,0.99000,-0.12329,0.01190,0.00641,0.99000,0.12706,0.45063,-0.00458,0.99000,-0.13047,0.44980,-0.00161,0.99000,0.12874,0.88375,0.11051,0.99000,-0.12775,0.88256,0.10323,0.99000
0,2.6500,bend,0.20722,-0.39686,-0.29990,0.99000,-0.20195,-0.40510,-0.29648,0.99000,0.22879,-0.16292,-0.11942,0.99000,-0.23012,-0.16574,-0.12133,0.99000,0.22086,0.06093,0.04878,0.99000,-0.21356,0.05335,0.04373,0.99000,0.12180,0.00758,-0.00009,0.99000,-0.12337,0.00658,0.00254,0.99000,0.12703,0.44588,-0.00537,0.99000,-0.12446,0.45224,-0.00352,0.99000,0.12834,0.88843,0.09957,0.99000,-0.12059,0.88900,0.09997,0.99000
0,2.7000,bend,0.19725,-0.41694,-0.27550,0.99000,-0.19671,-0.41638,-0.27454,0.99000,0.23457,-0.16927,-0.10221,0.99000,-0.22915,-0.16554,-0.11521,0.99000,0.21992,0.05599,0.03661,0.99000,-0.22010,0.05383,0.03580,0.99000,0.12953,0.00129,0.00446,0.99000,-0.13118,-0.00020,0.00636,0.99000,0.12621,0.44920,0.00107,0.99000,-0.12810,0.44649,-0.00154,0.99000,0.13132,0.89119,0.08691,0.99000,-0.12486,0.88856,0.09576,0.99000
0,2.7500,bend,0.20176,-0.44285,-0.24833,0.99000,-0.19830,-0.42202,-0.24955,0.99000,0.22871,-0.17409,-0.09127,0.99000,-0.22890,-0.17765,-0.10087,0.99000,0.21691,0.06078,0.03929,0.99000,-0.21621,0.05842,0.03622,0.99000,0.12188,-0.00162,0.00018,0.99000,-0.12220,0.00052,-0.00132,0.99000,0.12276,0.45621,0.00928,0.99000,-0.12211,0.44940,-0.00442,0.99000,0.12654,0.88801,0.08627,0.99000,-0.11788,0.89216,0.09017,0.99000
0,2.8000,bend,0.19160,-0.44330,-0.22778,0.99000,-0.19117,-0.44577,-0.22339,0.99000,0.22846,-0.17286,-0.08353,0.99000,-0.22621,-0.17243,-0.08666,0.99000,0.22106,0.05468,0.03544,0.99000,-0.21952,0.05974,0.02746,0.99000,0.12859,0.00406,-0.00172,0.99000,-0.12723,-0.00193,0.00132,0.99000,0.13023,0.44427,-0.00389,0.99000,-0.12818,0.45017,-0.00234,0.99000,0.12358,0.88964,0.08560,0.99000,-0.12413,0.90625,0.07929,0.99000
0,2.8500,bend,0.19633,-0.45834,-0.19439,0.99000,-0.19707,-0.45123,-0.20509,0.99000,0.23134,-0.18765,-0.07979,0.99000,-0.23212,-0.18891,-0.08406,0.99000,0.21730,0.05932,0.02539,0.99000,-0.21928,0.06642,0.02621,0.99000,0.12213,0.00141,0.00451,0.99000,-0.12383,0.00875,-0.00328,0.99000,0.12673,0.44746,0.00251,0.99000,-0.12322,0.45521,0.00285,0.99000,0.12350,0.89617,0.07690,0.99000,-0.12435,0.89443,0.06517,0.99000
0,2.9000,bend,0.19795,-0.47261,-0.17168,0.99000,-0.19608,-0.46771,-0.17169,0.99000,0.22308,-0.19631,-0.06730,0.99000,-0.23169,-0.18958,-0.06802,0.99000,0.22369,0.06633,0.02226,0.99000,-0.21689,0.06026,0.02066,0.99000,0.12981,0.00204,-0.00163,0.99000,-0.12498,-0.00226,0.00269,0.99000,0.11671,0.45080,-0.00394,0.99000,-0.12752,0.45333,0.00528,0.99000,0.13068,0.89109,0.05925,0.99000,-0.12360,0.89027,0.06560,0.99000
0,2.9500,bend,0.19340,-0.47646,-0.14043,0.99000,-0.20362,-0.47684,-0.14260,0.99000,0.23222,-0.18823,-0.05485,0.99000,-0.23532,-0.19840,-0.06074,0.99000,0.21761,0.06479,0.01868,0.99000,-0.21688,0.06794,0.01528,0.99000,0.12444,-0.00432,-0.00217,0.99000,-0.12419,-0.00029,-0.00110,0.99000,0.13091,0.45265,-0.00506,0.99000,-0.12127,0.44955,0.00248,0.99000,0.12193,0.89274,0.06072,0.99000,-0.12681,0.89062,0.05943,0.99000
0,3.0000,bend,0.19802,-0.47808,-0.12326,0.99000,-0.19305,-0.49264,-0.12036,0.99000,0.23506,-0.19162,-0.05349,0.99000,-0.22796,-0.19833,-0.04272,0.99000,0.22286,0.06474,0.01059,0.99000,-0.21879,0.06837,0.01741,0.99000,0.12809,0.00666,0.00161,0.99000,-0.13086,0.00113,-0.00684,0.99000,0.12375,0.45334,0.00331,0.99000,-0.12291,0.45994,0.00377,0.99000,0.12518,0.89629,0.05398,0.99000,-0.12821,0.89747,0.06068,0.99000
0,3.0500,bend,0.20229,-0.48666,-0.09696,0.99000,-0.19235,-0.48858,-0.09497,0.99000,0.22602,-0.19719,-0.03904,0.99000,-0.22661,-0.19655,-0.03895,0.99000,0.21587,0.07136,0.01847,0.99000,-0.22244,0.06121,0.01620,0.99000,0.12531,-0.00126,0.00374,0.99000,-0.12702,0.00404,0.00069,0.99000,0.12536,0.45912,-0.00291,0.99000,-0.13092,0.45315,0.00927,0.99000,0.12510,0.90202,0.04461,0.99000,-0.12572,0.89557,0.05268,0.99000
0,3.1000,bend,0.19328,-0.49845,-0.06852,0.99000,-0.19761,-0.49860,-0.07330,0.99000,0.22955,-0.19731,-0.02171,0.99000,-0.22664,-0.19160,-0.02692,0.99000,0.21608,0.06739,0.00877,0.99000,-0.22103,0.06242,0.00936,0.99000,0.12260,-0.00152,-0.00055,0.99000,-0.12400,-0.00048,-0.00140,0.99000,0.11841,0.44353,0.00064,0.99000,-0.12327,0.45332,0.00006,0.99000,0.12373,0.89513,0.03721,0.99000,-0.12472,0.89886,0.04100,0.99000
0,3.1500,bend,0.19980,-0.49431,-0.05110,0.99000,-0.20172,-0.49523,-0.05374,0.99000,0.22799,-0.20080,-0.02061,0.99000,-0.22960,-0.20638,-0.02220,0.99000,0.21940,0.05495,0.00318,0.99000,-0.21642,0.06121,0.00608,0.99000,0.12977,0.00227,-0.00607,0.99000,-0.12859,-0.00816,0.00005,0.99000,0.12283,0.44542,-0.00696,0.99000,-0.11630,0.45145,-0.00118,0.99000,0.12086,0.89736,0.03224,0.99000,-0.13472,0.89378,0.03635,0.99000
0,3.2000,bend,0.19977,-0.49873,-0.03284,0.99000,-0.20302,-0.50510,-0.03686,0.99000,0.23328,-0.20148,-0.00628,0.99000,-0.23251,-0.19518,-0.01699,0.99000,0.21500,0.06560,0.00446,0.99000,-0.22018,0.06663,0.00536,0.99000,0.12718,0.00128,0.00998,0.99000,-0.12168,0.00349,-0.00041,0.99000,0.13323,0.45412,0.00648,0.99000,-0.11974,0.45070,-0.00010,0.99000,0.11899,0.91077,0.03292,0.99000,-0.12032,0.90303,0.03080,0.99000
0,3.2500,bend,0.20432,-0.50418,-0.02092,0.99000,-0.19509,-0.50200,-0.01891,0.99000,0.22981,-0.20094,-0.00626,0.99000,-0.23026,-0.19830,-0.00741,0.99000,0.21659,0.06393,0.00384,0.99000,-0.21528,0.06645,0.00286,0.99000,0.12734,-0.00446,0.00215,0.99000,-0.12284,0.00470,0.00482,0.99000,0.12621,0.44787,0.00035,0.99000,-0.12277,0.45973,-0.00462,0.99000,0.12879,0.89928,0.02929,0.99000,-0.12414,0.90239,0.02764,0.99000
0,3.3000,bend,0.20401,-0.50111,-0.00379,0.99000,-0.20383,-0.50157,-0.01080,0.99000,0.23398,-0.20713,-0.00086,0.99000,-0.22823,-0.20110,-0.00114,0.99000,0.21363,0.06492,0.00070,0.99000,-0.21673,0.07027,-0.00232,0.99000,0.12213,0.00324,-0.00021,0.99000,-0.12372,-0.00139,0.00486,0.99000,0.13111,0.45245,0.00754,0.99000,-0.13059,0.45495,0.00424,0.99000,0.12698,0.89459,0.02265,0.99000,-0.11865,0.90091,0.02348,0.99000
0,3.3500,bend,0.20517,-0.50165,0.00297,0.99000,-0.20059,-0.50202,-0.00436,0.99000,0.22339,-0.19106,0.00065,0.99000,-0.22492,-0.21075,-0.00203,0.99000,0.22005,0.06994,-0.00307,0.99000,-0.21316,0.06259,0.00184,0.99000,0.12230,-0.00145,-0.00276,0.99000,-0.12528,0.00003,-0.00465,0.99000,0.12693,0.44577,0.00133,0.99000,-0.12296,0.44951,-0.00045,0.99000,0.13161,0.90319,0.02861,0.99000,-0.13210,0.89437,0.02220,0.99000
0,3.4000,bend,0.20423,-0.50638,0.00199,0.99000,-0.20399,-0.50159,0.00298,0.99000,0.22815,-0.20876,-0.00612,0.99000,-0.22959,-0.19750,-0.00015,0.99000,0.22392,0.07243,-0.00346,0.99000,-0.22307,0.06766,0.00268,0.99000,0.12403,-0.00157,0.00449,0.99000,-0.12965,-0.00482,0.00486,0.99000,0.12941,0.43886,-0.00124,0.99000,-0.11866,0.44925,0.00052,0.99000,0.12466,0.89592,0.02234,0.99000,-0.12471,0.90012,0.02575,0.99000
1,0.0000,bend,0.19077,-0.50434,-0.00758,0.99000,-0.19729,-0.50025,-0.00242,0.99000,0.22639,-0.19608,-0.00226,0.99000,-0.22755,-0.20446,-0.00360,0.99000,0.21350,0.06698,0.00156,0.99000,-0.22571,0.06418,-0.00611,0.99000,0.12570,-0.00118,0.00384,0.99000,-0.12411,-0.00088,-0.00313,0.99000,0.12747,0.44800,0.00088,0.99000,-0.12784,0.45004,0.00233,0.99000,0.13011,0.89718,0.01707,0.99000,-0.13215,0.89613,0.02804,0.99000
1,0.0500,bend,0.20880,-0.50240,0.00353,0.99000,-0.19535,-0.49951,-0.00519,0.99000,0.22892,-0.20502,-0.00449,0.99000,-0.23596,-0.20222,-0.00203,0.99000,0.22054,0.07084,0.00458,0.99000,-0.22421,0.06231,-0.00470,0.99000,0.13065,0.00066,-0.00757,0.99000,-0.12750,0.00395,-0.00105,0.99000,0.12692,0.44363,0.00462,0.99000,-0.12722,0.44982,0.00187,0.99000,0.12289,0.90001,0.02258,0.99000,-0.12364,0.89184,0.01458,0.99000
1,0.1000,bend,0.20566,-0.49543,-0.00573,0.99000,-0.19667,-0.50146,-0.00771,0.99000,0.22819,-0.20459,-0.00439,0.99000,-0.22188,-0.20110,-0.00115,0.99000,0.21475,0.06576,0.00256,0.99000,-0.21969,0.06622,-0.00163,0.99000,0.13052,0.00116,-0.00080,0.99000,-0.13886,-0.00001,0.00275,0.99000,0.12004,0.45316,-0.00030,0.99000,-0.11514,0.45100,0.00655,0.99000,0.12250,0.90138,0.03198,0.99000,-0.11983,0.90096,0.02824,0.99000
1,0.1500,bend,0.20435,-0.50150,-0.01904,0.99000,-0.19737,-0.49905,-0.01943,0.99000,0.22966,-0.20053,-0.00302,0.99000,-0.23165,-0.19785,-0.00446,0.99000,0.21648,0.06676,0.00087,0.99000,-0.21054,0.06089,0.00267,0.99000,0.12563,-0.00161,-0.00062,0.99000,-0.12056,0.00449,-0.00470,0.99000,0.12939,0.45145,-0.00166,0.99000,-0.12663,0.45306,-0.00181,0.99000,0.12878,0.90070,0.03208,0.99000,-0.11881,0.89726,0.02747,0.99000
1,0.2000,bend,0.20797,-0.49570,-0.04217,0.99000,-0.19759,-0.49366,-0.03276,0.99000,0.22691,-0.20661,-0.01466,0.99000,-0.22445,-0.20657,-0.01151,0.99000,0.21613,0.06593,0.00107,0.99000,-0.21707,0.06254,0.00602,0.99000,0.11988,-0.00167,0.00145,0.99000,-0.12706,-0.00122,-0.00039,0.99000,0.12530,0.44776,0.00286,0.99000,-0.11931,0.45313,0.00157,0.99000,0.13317,0.90364,0.02772,0.99000,-0.12320,0.90326,0.02414,0.99000
1,0.2500,bend,0.20212,-0.49600,-0.05391,0.99000,-0.20222,-0.49683,-0.04835,0.99000,0.22753,-0.19529,-0.02218,0.99000,-0.22930,-0.19318,-0.02274,0.99000,0.21945,0.06274,0.00474,0.99000,-0.21872,0.07203,0.01777,0.99000,0.12622,-0.00458,-0.00261,0.99000,-0.12485,-0.00708,0.00023,0.99000,0.11994,0.45551,0.00352,0.99000,-0.11843,0.45202,-0.00450,0.99000,0.12793,0.89465,0.03369,0.99000,-0.12228,0.90489,0.03668,0.99000
1,0.3000,bend,0.19649,-0.48802,-0.07179,0.99000,-0.20060,-0.49339,-0.06110,0.99000,0.23195,-0.20545,-0.02490,0.99000,-0.22947,-0.19729,-0.02459,0.99000,0.21652,0.06337,0.01145,0.99000,-0.21870,0.06166,0.00895,0.99000,0.12189,0.00490,0.00161,0.99000,-0.11708,-0.00205,-0.00068,0.99000,0.11900,0.45038,-0.00622,0.99000,-0.12900,0.45158,0.00198,0.99000,0.12057,0.90492,0.03670,0.99000,-0.12630,0.89956,0.03637,0.99000
1,0.3500,bend,0.19855,-0.49560,-0.09588,0.99000,-0.19808,-0.48669,-0.08497,0.99000,0.22751,-0.19363,-0.03716,0.99000,-0.22082,-0.20054,-0.03903,0.99000,0.21331,0.06998,0.01295,0.99000,-0.22509,0.06978,0.01546,0.99000,0.13163,0.00318,-0.00290,0.99000,-0.12554,0.00419,-0.00005,0.99000,0.12946,0.44777,-0.00027,0.99000,-0.12157,0.45091,0.00157,0.99000,0.12717,0.89613,0.05386,0.99000,-0.12677,0.88953,0.04609,0.99000
1,0.4000,bend,0.20429,-0.49114,-0.11956,0.99000,-0.20441,-0.48894,-0.10495,0.99000,0.22990,-0.19643,-0.04591,0.99000,-0.23656,-0.19955,-0.05021,0.99000,0.22142,0.07265,0.01701,0.99000,-0.21537,0.06710,0.01400,0.99000,0.12775,0.00151,-0.00113,0.99000,-0.12364,-0.00113,0.00225,0.99000,0.12406,0.45471,0.00241,0.99000,-0.12078,0.44735,-0.00002,0.99000,0.12181,0.90189,0.04726,0.99000,-0.12819,0.90444,0.05045,0.99000
1,0.4500,bend,0.20382,-0.48219,-0.13905,0.99000,-0.20101,-0.48054,-0.14627,0.99000,0.23393,-0.18633,-0.05633,0.99000,-0.22896,-0.19384,-0.05926,0.99000,0.21531,0.05583,0.03058,0.99000,-0.21208,0.06316,0.01459,0.99000,0.13636,-0.00164,0.00440,0.99000,-0.12725,0.00405,0.00251,0.99000,0.11940,0.44765,0.00459,0.99000,-0.12262,0.44793,0.00022,0.99000,0.12718,0.90238,0.06161,0.99000,-0.12231,0.90010,0.05522,0.99000
1,0.5000,bend,0.19793,-0.47259,-0.17518,0.99000,-0.20374,-0.47103,-0.17108,0.99000,0.23163,-0.18422,-0.07257,0.99000,-0.22646,-0.19401,-0.06543,0.99000,0.21807,0.06900,0.01942,0.99000,-0.21989,0.06375,0.03066,0.99000,0.12087,0.00035,0.00144,0.99000,-0.13257,-0.00009,0.00317,0.99000,0.13053,0.45550,0.00228,0.99000,-0.12691,0.45396,0.00627,0.99000,0.13266,0.90006,0.06917,0.99000,-0.12396,0.89751,0.06263,0.99000
1,0.5500,bend,0.20161,-0.46121,-0.19428,0.99000,-0.20327,-0.45344,-0.19819,0.99000,0.22357,-0.19906,-0.08006,0.99000,-0.22541,-0.18912,-0.08726,0.99000,0.22620,0.06775,0.02853,0.99000,-0.21718,0.06439,0.02653,0.99000,0.11878,-0.00291,0.00472,0.99000,-0.12492,0.00032,-0.00270,0.99000,0.12709,0.44912,0.00619,0.99000,-0.12324,0.44964,0.00282,0.99000,0.12628,0.89756,0.07075,0.99000,-0.12446,0.89620,0.06413,0.99000
1,0.6000,bend,0.19283,-0.44666,-0.22118,0.99000,-0.19559,-0.45180,-0.21949,0.99000,0.23157,-0.17331,-0.08784,0.99000,-0.22811,-0.18365,-0.08472,0.99000,0.21068,0.06097,0.02600,0.99000,-0.22928,0.06614,0.02917,0.99000,0.12703,0.00123,0.00667,0.99000,-0.12129,0.00010,-0.00595,0.99000,0.12257,0.44970,-0.00045,0.99000,-0.12461,0.45000,-0.00598,0.99000,0.12825,0.89519,0.07897,0.99000,-0.12274,0.89650,0.07773,0.99000
1,0.6500,bend,0.20355,-0.43730,-0.24760,0.99000,-0.20382,-0.43506,-0.24138,0.99000,0.23106,-0.17418,-0.10214,0.99000,-0.22792,-0.17330,-0.09929,0.99000,0.21348,0.06119,0.03334,0.99000,-0.21123,0.05738,0.03775,0.99000,0.12509,-0.00003,-0.00096,0.99000,-0.12513,-0.00454,0.00576,0.99000,0.12833,0.45170,-0.00014,0.99000,-0.12587,0.45220,-0.00213,0.99000,0.12100,0.89468,0.08413,0.99000,-0.12601,0.89413,0.08822,0.99000
1,0.7000,bend,0.19981,-0.42360,-0.27406,0.99000,-0.20218,-0.41955,-0.27809,0.99000,0.22751,-0.16602,-0.09897,0.99000,-0.21926,-0.17429,-0.10786,0.99000,0.21451,0.05402,0.03671,0.99000,-0.22556,0.06657,0.03502,0.99000,0.12183,-0.00783,-0.00479,0.99000,-0.12977,0.00307,-0.00566,0.99000,0.12750,0.45015,0.00322,0.99000,-0.11862,0.45278,-0.00026,0.99000,0.12772,0.88998,0.08569,0.99000,-0.12652,0.89739,0.09032,0.99000
1,0.7500,bend,0.19468,-0.39964,-0.29680,0.99000,-0.19376,-0.40464,-0.29426,0.99000,0.22794,-0.16794,-0.12069,0.99000,-0.22995,-0.15973,-0.12502,0.99000,0.21813,0.05552,0.03844,0.99000,-0.21619,0.05716,0.04083,0.99000,0.12747,0.00665,-0.00412,0.99000,-0.13392,-0.00026,-0.00221,0.99000,0.11994,0.45429,-0.00158,0.99000,-0.12461,0.45966,-0.00305,0.99000,0.11958,0.89186,0.10053,0.99000,-0.13010,0.88711,0.09881,0.99000
1,0.8000,bend,0.20293,-0.38255,-0.31674,0.99000,-0.20535,-0.37979,-0.30431,0.99000,0.23311,-0.15599,-0.12803,0.99000,-0.22769,-0.16151,-0.13424,0.99000,0.22408,0.05391,0.04193,0.99000,-0.21503,0.05779,0.03943,0.99000,0.12822,-0.00351,0.00257,0.99000,-0.12105,-0.00576,0.00136,0.99000,0.11849,0.44838,0.00052,0.99000,-0.12769,0.44680,0.00262,0.99000,0.11646,0.88302,0.10036,0.99000,-0.12554,0.89613,0.10393,0.99000
1,0.8500,bend,0.19903,-0.36857,-0.33245,0.99000,-0.20498,-0.36965,-0.33463,0.99000,0.23194,-0.14565,-0.13407,0.99000,-0.23307,-0.14831,-0.13806,0.99000,0.21445,0.04543,0.04188,0.99000,-0.22342,0.04872,0.04969,0.99000,0.12053,0.00776,0.00064,0.99000,-0.12281,0.00305,-0.00290,0.99000,0.12259,0.45316,0.00248,0.99000,-0.13051,0.44545,0.00325,0.99000,0.12434,0.88039,0.10766,0.99000,-0.12960,0.89244,0.11090,0.99000
1,0.9000,bend,0.20033,-0.35700,-0.34832,0.99000,-0.19934,-0.35333,-0.35855,0.99000,0.22944,-0.14362,-0.13781,0.99000,-0.22861,-0.14590,-0.13908,0.99000,0.21316,0.04860,0.04628,0.99000,-0.22005,0.05243,0.04906,0.99000,0.11798,0.00069,-0.00228,0.99000,-0.12063,-0.00321,0.00472,0.99000,0.12297,0.44834,0.00432,0.99000,-0.13133,0.45262,-0.00291,0.99000,0.13286,0.88189,0.11069,0.99000,-0.12235,0.88343,0.11520,0.99000
1,0.9500,bend,0.19865,-0.34467,-0.36927,0.99000,-0.20117,-0.33488,-0.36961,0.99000,0.23289,-0.12989,-0.14761,0.99000,-0.22983,-0.13446,-0.15160,0.99000,0.22141,0.04442,0.05269,0.99000,-0.22232,0.04589,0.04883,0.99000,0.11624,0.00508,-0.00495,0.99000,-0.12658,-0.00243,-0.00665,0.99000,0.12230,0.45599,-0.00868,0.99000,-0.12689,0.44830,0.00185,0.99000,0.13225,0.88102,0.11530,0.99000,-0.12599,0.88325,0.11906,0.99000
1,1.0000,bend,0.20849,-0.34063,-0.37433,0.99000,-0.19757,-0.33206,-0.38261,0.99000,0.22526,-0.13543,-0.15559,0.99000,-0.23482,-0.13243,-0.15926,0.99000,0.22521,0.03994,0.05537,0.99000,-0.23044,0.04144,0.05651,0.99000,0.12676,0.00134,-0.00528,0.99000,-0.12056,-0.00193,0.00051,0.99000,0.12344,0.44713,-0.00692,0.99000,-0.12836,0.44563,-0.00161,0.99000,0.12080,0.88077,0.12043,0.99000,-0.12260,0.88478,0.11910,0.99000
1,1.0500,bend,0.19988,-0.31440,-0.38999,0.99000,-0.20339,-0.31339,-0.38760,0.99000,0.22823,-0.13212,-0.15161,0.99000,-0.23360,-0.12431,-0.15573,0.99000,0.21944,0.03743,0.05259,0.99000,-0.21888,0.03967,0.04884,0.99000,0.12365,-0.00074,-0.00246,0.99000,-0.13459,-0.00638,-0.00488,0.99000,0.12313,0.44722,-0.00364,0.99000,-0.12928,0.45035,0.00268,0.99000,0.12246,0.88091,0.12845,0.99000,-0.12054,0.88166,0.12350,0.99000
1,1.1000,bend,0.20056,-0.30553,-0.39441,0.99000,-0.19689,-0.31148,-0.39272,0.99000,0.22529,-0.11956,-0.15919,0.99000,-0.22246,-0.12971,-0.15864,0.99000,0.22404,0.04353,0.05729,0.99000,-0.21526,0.03821,0.05157,0.99000,0.12272,-0.00018,-0.00651,0.99000,-0.12320,0.00385,-0.00052,0.99000,0.12849,0.44980,0.00300,0.99000,-0.12648,0.44891,0.00009,0.99000,0.12303,0.87276,0.12581,0.99000,-0.13035,0.87455,0.13101,0.99000
1,1.1500,bend,0.20060,-0.30242,-0.39761,0.99000,-0.20199,-0.30126,-0.39727,0.99000,0.22503,-0.11928,-0.15966,0.99000,-0.22437,-0.13414,-0.15328,0.99000,0.22252,0.03400,0.05314,0.99000,-0.22044,0.04260,0.05695,0.99000,0.13068,0.00184,-0.00035,0.99000,-0.12588,-0.00060,0.00033,0.99000,0.11895,0.44875,-0.00058,0.99000,-0.11829,0.45127,0.00170,0.99000,0.12831,0.88078,0.12921,0.99000,-0.12343,0.88092,0.13456,0.99000
1,1.2000,bend,0.19751,-0.29270,-0.39328,0.99000,-0.20849,-0.30030,-0.40311,0.99000,0.22782,-0.11947,-0.16235,0.99000,-0.23265,-0.12779,-0.16012,0.99000,0.21911,0.04398,0.04993,0.99000,-0.22004,0.04490,0.05448,0.99000,0.12428,0.00209,0.00269,0.99000,-0.12985,0.00594,0.00064,0.99000,0.12799,0.45380,0.00948,0.99000,-0.11755,0.45429,-0.00193,0.99000,0.13049,0.87878,0.13481,0.99000,-0.12389,0.87182,0.12723,0.99000
1,1.2500,bend,0.20404,-0.29911,-0.39926,0.99000,-0.19922,-0.29800,-0.39771,0.99000,0.22703,-0.12435,-0.15463,0.99000,-0.23145,-0.11823,-0.16563,0.99000,0.21722,0.03987,0.05552,0.99000,-0.21729,0.04049,0.05429,0.99000,0.12325,-0.00257,-0.00420,0.99000,-0.12597,0.00837,-0.00104,0.99000,0.12778,0.45032,0.00171,0.99000,-0.13168,0.44721,-0.00365,0.99000,0.12117,0.87577,0.13588,0.99000,-0.12464,0.88113,0.13400,0.99000
1,1.3000,bend,0.20168,-0.29661,-0.40302,0.99000,-0.20764,-0.30014,-0.40107,0.99000,0.23317,-0.11813,-0.16095,0.99000,-0.23413,-0.12119,-0.15692,0.99000,0.21755,0.04521,0.05464,0.99000,-0.22785,0.04136,0.04883,0.99000,0.12095,-0.00681,0.00265,0.99000,-0.12736,-0.00221,-0.00442,0.99000,0.12506,0.45180,0.00289,0.99000,-0.12059,0.45528,-0.00426,0.99000,0.12190,0.87958,0.12960,0.99000,-0.12618,0.87325,0.13924,0.99000
1,1.3500,bend,0.19836,-0.30027,-0.40599,0.99000,-0.19436,-0.29723,-0.39328,0.99000,0.23142,-0.12436,-0.15726,0.99000,-0.22812,-0.12780,-0.15469,0.99000,0.22398,0.03903,0.05397,0.99000,-0.21639,0.04452,0.05490,0.99000,0.12770,0.00030,0.00151,0.99000,-0.12922,0.00326,-0.00514,0.99000,0.12414,0.44802,0.00869,0.99000,-0.12554,0.44720,-0.00072,0.99000,0.13314,0.88484,0.12837,0.99000,-0.12318,0.87744,0.12810,0.99000
1,1.4000,bend,0.19803,-0.29609,-0.39832,0.99000,-0.20217,-0.29559,-0.39796,0.99000,0.22877,-0.12608,-0.16269,0.99000,-0.23035,-0.13117,-0.15263,0.99000,0.20931,0.02552,0.05884,0.99000,-0.22084,0.03575,0.05053,0.99000,0.12742,-0.00627,-0.00239,0.99000,-0.12212,0.00467,-0.00488,0.99000,0.12181,0.45133,-0.00158,0.99000,-0.12625,0.45499,-0.00086,0.99000,0.12745,0.88419,0.13254,0.99000,-0.12079,0.87456,0.13608,0.99000
1,1.4500,bend,0.20459,-0.30246,-0.39970,0.99000,-0.20053,-0.29561,-0.40008,0.99000,0.23768,-0.11632,-0.16661,0.99000,-0.23353,-0.11714,-0.15552,0.99000,0.21996,0.03872,0.05667,0.99000,-0.21278,0.04332,0.06153,0.99000,0.12108,0.00324,0.00141,0.99000,-0.12729,-0.00004,0.00023,0.99000,0.12742,0.45014,0.00440,0.99000,-0.13503,0.45296,0.00158,0.99000,0.12988,0.88476,0.13905,0.99000,-0.12007,0.88098,0.13355,0.99000
1,1.5000,bend,0.20203,-0.30175,-0.39699,0.99000,-0.19983,-0.30044,-0.39557,0.99000,0.22763,-0.12544,-0.15616,0.99000,-0.22173,-0.11915,-0.15847,0.99000,0.22014,0.03565,0.05995,0.99000,-0.22016,0.04381,0.04746,0.99000,0.11900,0.00137,-0.00450,0.99000,-0.12854,-0.00455,-0.00335,0.99000,0.11949,0.44979,-0.00054,0.99000,-0.12792,0.44989,0.00751,0.99000,0.12775,0.88907,0.12978,0.99000,-0.12495,0.87793,0.13993,0.99000
1,1.5500,bend,0.19653,-0.30590,-0.39948,0.99000,-0.20046,-0.30781,-0.40437,0.99000,0.22427,-0.12019,-0.15802,0.99000,-0.22320,-0.12511,-0.16332,0.99000,0.21481,0.04388,0.05100,0.99000,-0.22193,0.03794,0.05522,0.99000,0.12691,0.00303,-0.00576,0.99000,-0.12832,0.00524,-0.00010,0.99000,0.12751,0.44776,-0.00049,0.99000,-0.12879,0.45183,0.00003,0.99000,0.12367,0.88108,0.13401,0.99000,-0.12800,0.87781,0.13377,0.99000
1,1.6000,bend,0.20153,-0.29760,-0.40921,0.99000,-0.20309,-0.30263,-0.39901,0.99000,0.23536,-0.12118,-0.15772,0.99000,-0.22964,-0.12302,-0.16825,0.99000,0.21965,0.03486,0.04858,0.99000,-0.20919,0.04336,0.05347,0.99000,0.12841,-0.00080,-0.00406,0.99000,-0.12423,-0.00767,0.00103,0.99000,0.12496,0.45565,0.00868,0.99000,-0.12229,0.44935,-0.00429,0.99000,0.12445,0.87919,0.13836,0.99000,-0.12788,0.87572,0.13237,0.99000
1,1.6500,bend,0.19636,-0.29041,-0.39895,0.99000,-0.20530,-0.30266,-0.39853,0.99000,0.22430,-0.12470,-0.16833,0.99000,-0.22879,-0.12592,-0.15205,0.99000,0.22061,0.04398,0.05575,0.99000,-0.21649,0.04080,0.05849,0.99000,0.12479,0.00300,-0.00144,0.99000,-0.12136,0.00609,-0.00169,0.99000,0.12306,0.44541,-0.00114,0.99000,-0.12204,0.44990,-0.00016,0.99000,0.13006,0.87704,0.13484,0.99000,-0.12272,0.88213,0.12771,0.99000
1,1.7000,bend,0.19806,-0.29671,-0.39554,0.99000,-0.19629,-0.29491,-0.39033,0.99000,0.22328,-0.11931,-0.16336,0.99000,-0.22745,-0.12088,-0.15150,0.99000,0.21182,0.04107,0.05646,0.99000,-0.21885,0.03369,0.06011,0.99000,0.13041,-0.00059,0.00533,0.99000,-0.13166,0.00963,-0.00533,0.99000,0.13145,0.45178,0.00072,0.99000,-0.12591,0.44996,0.00090,0.99000,0.12178,0.87268,0.13058,0.99000,-0.12676,0.87976,0.13312,0.99000
1,1.7500,bend,0.20318,-0.30292,-0.39913,0.99000,-0.20776,-0.29539,-0.40227,0.99000,0.22712,-0.11864,-0.16000,0.99000,-0.22685,-0.11867,-0.16530,0.99000,0.22682,0.04122,0.04698,0.99000,-0.22105,0.04234,0.04755,0.99000,0.12300,0.00678,-0.00103,0.99000,-0.12425,0.00759,0.00480,0.99000,0.12728,0.44942,-0.00211,0.99000,-0.12535,0.44286,0.00113,0.99000,0.12126,0.88270,0.13307,0.99000,-0.11833,0.88273,0.13763,0.99000
1,1.8000,bend,0.19387,-0.30317,-0.40299,0.99000,-0.20573,-0.30276,-0.39622,0.99000,0.23082,-0.11921,-0.15762,0.99000,-0.23030,-0.11898,-0.15659,0.99000,0.21888,0.04273,0.05701,0.99000,-0.22233,0.04570,0.05479,0.99000,0.12312,-0.00473,-0.00321,0.99000,-0.12396,-0.00292,0.00082,0.99000,0.12590,0.45390,-0.00565,0.99000,-0.13049,0.44647,0.00090,0.99000,0.12848,0.87591,0.13633,0.99000,-0.12283,0.87970,0.12959,0.99000
1,1.8500,bend,0.20270,-0.30646,-0.40214,0.99000,-0.20276,-0.30126,-0.40085,0.99000,0.23607,-0.12921,-0.15546,0.99000,-0.22454,-0.11643,-0.16578,0.99000,0.21154,0.03611,0.05785,0.99000,-0.20508,0.03735,0.05705,0.99000,0.12581,-0.00479,-0.00336,0.99000,-0.12528,-0.00135,-0.00269,0.99000,0.12820,0.44875,-0.00185,0.99000,-0.11890,0.45042,0.00764,0.99000,0.12630,0.88363,0.12714,0.99000,-0.12460,0.88289,0.12911,0.99000
1,1.9000,bend,0.20176,-0.30509,-0.40503,0.99000,-0.20017,-0.30797,-0.39561,0.99000,0.22432,-0.12119,-0.16064,0.99000,-0.23149,-0.12273,-0.15438,0.99000,0.22167,0.04044,0.05429,0.99000,-0.22243,0.04182,0.05144,0.99000,0.12577,-0.00072,0.00544,0.99000,-0.12574,0.00540,-0.00232,0.99000,0.12542,0.45195,-0.00042,0.99000,-0.12634,0.44456,-0.00143,0.99000,0.12797,0.87703,0.13509,0.99000,-0.12810,0.86671,0.13067,0.99000
1,1.9500,bend,0.19783,-0.30050,-0.40349,0.99000,-0.19586,-0.29865,-0.40275,0.99000,0.23147,-0.12168,-0.16843,0.99000,-0.22791,-0.11778,-0.15962,0.99000,0.21104,0.03958,0.05075,0.99000,-0.21862,0.04156,0.05869,0.99000,0.12057,-0.00380,0.00074,0.99000,-0.12163,-0.00056,0.00075,0.99000,0.12081,0.44628,0.00530,0.99000,-0.11900,0.44506,0.00015,0.99000,0.12980,0.87969,0.12927,0.99000,-0.12397,0.88521,0.13441,0.99000
1,2.0000,bend,0.20135,-0.29961,-0.40594,0.99000,-0.20976,-0.30317,-0.40053,0.99000,0.22788,-0.12124,-0.16297,0.99000,-0.23318,-0.12288,-0.15982,0.99000,0.22381,0.04348,0.05383,0.99000,-0.21861,0.04363,0.05101,0.99000,0.12319,-0.00165,0.00170,0.99000,-0.12688,-0.00107,-0.00268,0.99000,0.12800,0.44577,0.00074,0.99000,-0.12076,0.44724,0.00072,0.99000,0.12843,0.87809,0.13726,0.99000,-0.12338,0.87166,0.12979,0.99000
1,2.0500,bend,0.19539,-0.30131,-0.39711,0.99000,-0.19995,-0.30156,-0.40386,0.99000,0.22533,-0.12311,-0.16439,0.99000,-0.22593,-0.12855,-0.16077,0.99000,0.22431,0.04341,0.05917,0.99000,-0.21329,0.03973,0.04944,0.99000,0.12432,0.00126,0.00034,0.99000,-0.12596,-0.00010,0.00633,0.99000,0.12883,0.45314,-0.00364,0.99000,-0.12026,0.44803,-0.00688,0.99000,0.12404,0.88658,0.12442,0.99000,-0.12669,0.87885,0.13344,0.99000
1,2.1000,bend,0.20407,-0.30556,-0.40402,0.99000,-0.19662,-0.30006,-0.39772,0.99000,0.23401,-0.12061,-0.16276,0.99000,-0.22829,-0.12664,-0.15947,0.99000,0.22067,0.04289,0.05205,0.99000,-0.21650,0.04006,0.05637,0.99000,0.12686,0.00006,0.00193,0.99000,-0.12443,-0.00373,-0.00397,0.99000,0.12297,0.44892,-0.00140,0.99000,-0.12599,0.45588,0.00015,0.99000,0.12560,0.87582,0.12596,0.99000,-0.12261,0.88512,0.12468,0.99000
1,2.1500,bend,0.19975,-0.30065,-0.40081,0.99000,-0.20652,-0.30286,-0.40331,0.99000,0.23321,-0.12427,-0.16210,0.99000,-0.23121,-0.12548,-0.16278,0.99000,0.22083,0.04029,0.06118,0.99000,-0.21761,0.03575,0.05146,0.99000,0.12618,0.01317,0.00178,0.99000,-0.11886,-0.00470,0.00076,0.99000,0.12324,0.45271,0.00656,0.99000,-0.12622,0.44819,-0.00175,0.99000,0.12327,0.87562,0.13264,0.99000,-0.12178,0.87450,0.12874,0.99000
1,2.2000,bend,0.19408,-0.29805,-0.39830,0.99000,-0.19590,-0.29923,-0.40272,0.99000,0.23221,-0.12199,-0.15572,0.99000,-0.23455,-0.12623,-0.16575,0.99000,0.22229,0.04311,0.06556,0.99000,-0.22520,0.04126,0.05850,0.99000,0.11989,0.00232,0.00549,0.99000,-0.13137,0.00132,-0.00235,0.99000,0.12940,0.45147,-0.00120,0.99000,-0.12054,0.44468,-0.00414,0.99000,0.12149,0.87399,0.12821,0.99000,-0.12639,0.88061,0.13781,0.99000
1,2.2500,bend,0.19951,-0.30218,-0.40623,0.99000,-0.21001,-0.30310,-0.39817,0.99000,0.22934,-0.12481,-0.16350,0.99000,-0.22840,-0.11949,-0.15955,0.99000,0.22382,0.04286,0.05145,0.99000,-0.22261,0.04071,0.04964,0.99000,0.12797,-0.00131,0.00381,0.99000,-0.12926,0.00347,0.00232,0.99000,0.12004,0.44600,-0.00093,0.99000,-0.12100,0.45703,0.00472,0.99000,0.12534,0.87979,0.13030,0.99000,-0.12866,0.88444,0.13545,0.99000
1,2.3000,bend,0.19554,-0.30059,-0.39786,0.99000,-0.19412,-0.29982,-0.40038,0.99000,0.23356,-0.12163,-0.16423,0.99000,-0.22216,-0.12331,-0.15775,0.99000,0.21906,0.04527,0.05190,0.99000,-0.21567,0.04287,0.05938,0.99000,0.13081,-0.00145,0.00184,0.99000,-0.12628,-0.00397,-0.00137,0.99000,0.12479,0.45644,0.00295,0.99000,-0.11627,0.44585,-0.00440,0.99000,0.12145,0.87638,0.13591,0.99000,-0.12367,0.87394,0.13837,0.99000
1,2.3500,bend,0.19850,-0.30848,-0.39210,0.99000,-0.20441,-0.30938,-0.39813,0.99000,0.23252,-0.11874,-0.16609,0.99000,-0.23382,-0.12421,-0.16084,0.99000,0.21355,0.04266,0.05127,0.99000,-0.21430,0.04218,0.05323,0.99000,0.11996,0.00056,0.00826,0.99000,-0.13150,0.00391,-0.00038,0.99000,0.13266,0.44992,0.00180,0.99000,-0.12409,0.45705,0.00031,0.99000,0.12239,0.87547,0.13043,0.99000,-0.13016,0.87981,0.13389,0.99000
1,2.4000,bend,0.20275,-0.31881,-0.38370,0.99000,-0.19573,-0.31089,-0.38012,0.99000,0.23019,-0.12923,-0.16557,0.99000,-0.22976,-0.12135,-0.15706,0.99000,0.21760,0.04591,0.04298,0.99000,-0.21514,0.04533,0.05581,0.99000,0.12434,0.00146,-0.00149,0.99000,-0.12536,0.00165,-0.00109,0.99000,0.11684,0.45190,0.00878,0.99000,-0.12900,0.44679,-0.00175,0.99000,0.12335,0.88494,0.12952,0.99000,-0.12438,0.88011,0.13733,0.99000
1,2.4500,bend,0.19817,-0.32423,-0.37671,0.99000,-0.19336,-0.32638,-0.38079,0.99000,0.22645,-0.12922,-0.14843,0.99000,-0.22609,-0.13051,-0.15029,0.99000,0.21885,0.04789,0.05386,0.99000,-0.22099,0.04308,0.05326,0.99000,0.12258,-0.00009,-0.00333,0.99000,-0.12807,0.00275,-0.00051,0.99000,0.12291,0.45114,0.00750,0.99000,-0.13490,0.44734,0.00154,0.99000,0.12698,0.88192,0.12325,0.99000,-0.12669,0.88509,0.12799,0.99000
1,2.5000,bend,0.19339,-0.34085,-0.36690,0.99000,-0.20242,-0.34141,-0.35702,0.99000,0.22314,-0.13921,-0.15012,0.99000,-0.23077,-0.13547,-0.14194,0.99000,0.21674,0.04464,0.04880,0.99000,-0.21348,0.05108,0.05313,0.99000,0.12454,-0.00100,0.00024,0.99000,-0.12589,-0.00478,-0.00719,0.99000,0.12320,0.44643,-0.00097,0.99000,-0.12499,0.44844,0.00298,0.99000,0.12873,0.88110,0.12505,0.99000,-0.13784,0.88461,0.12422,0.99000
1,2.5500,bend,0.19755,-0.36181,-0.34667,0.99000,-0.19570,-0.34959,-0.34630,0.99000,0.22728,-0.14515,-0.13925,0.99000,-0.22738,-0.14386,-0.14424,0.99000,0.21449,0.04578,0.05099,0.99000,-0.22103,0.05409,0.04602,0.99000,0.12523,-0.00245,-0.00277,0.99000,-0.12436,-0.00445,-0.00361,0.99000,0.12829,0.44619,-0.00797,0.99000,-0.12510,0.45264,0.00626,0.99000,0.11650,0.88472,0.11814,0.99000,-0.12321,0.89048,0.11931,0.99000
1,2.6000,bend,0.19479,-0.37413,-0.32748,0.99000,-0.20470,-0.37156,-0.33024,0.99000,0.22607,-0.14749,-0.13507,0.99000,-0.22889,-0.14891,-0.13310,0.99000,0.22315,0.05098,0.04842,0.99000,-0.21581,0.05282,0.04681,0.99000,0.12059,0.00066,0.00079,0.99000,-0.12083,0.00569,-0.00561,0.99000,0.12953,0.44422,-0.00091,0.99000,-0.11722,0.44910,-0.00037,0.99000,0.12383,0.88196,0.10772,0.99000,-0.12797,0.88735,0.10682,0.99000
1,2.6500,bend,0.20047,-0.38564,-0.31757,0.99000,-0.20564,-0.38978,-0.31655,0.99000,0.23382,-0.15461,-0.12798,0.99000,-0.22933,-0.15918,-0.12691,0.99000,0.21663,0.05094,0.03701,0.99000,-0.21662,0.05404,0.04637,0.99000,0.12226,-0.00156,-0.00343,0.99000,-0.12128,0.00250,0.00686,0.99000,0.12758,0.45439,0.00275,0.99000,-0.11911,0.45649,0.00226,0.99000,0.12891,0.88216,0.10527,0.99000,-0.12226,0.88462,0.10286,0.99000
1,2.7000,bend,0.20136,-0.40040,-0.29744,0.99000,-0.20324,-0.40792,-0.29663,0.99000,0.22591,-0.16342,-0.11963,0.99000,-0.22962,-0.15795,-0.10957,0.99000,0.21884,0.04502,0.03929,0.99000,-0.21634,0.05380,0.04142,0.99000,0.12543,-0.00352,0.00725,0.99000,-0.12513,-0.00193,0.00464,0.99000,0.11678,0.45015,0.00235,0.99000,-0.12636,0.46087,-0.00386,0.99000,0.12546,0.88516,0.09699,0.99000,-0.12387,0.89607,0.09743,0.99000
1,2.7500,bend,0.20787,-0.42031,-0.26544,0.99000,-0.19988,-0.41531,-0.27150,0.99000,0.22966,-0.17528,-0.10545,0.99000,-0.23319,-0.16555,-0.10605,0.99000,0.21979,0.05361,0.03638,0.99000,-0.21377,0.05891,0.03291,0.99000,0.12731,0.00111,0.00484,0.99000,-0.12186,-0.00058,0.00056,0.99000,0.13006,0.45689,-0.00281,0.99000,-0.12620,0.45392,0.00307,0.99000,0.13330,0.89270,0.09188,0.99000,-0.12241,0.89071,0.09401,0.99000
1,2.8000,bend,0.20237,-0.43620,-0.24518,0.99000,-0.20626,-0.43170,-0.24619,0.99000,0.22890,-0.18200,-0.10286,0.99000,-0.23204,-0.17608,-0.10213,0.99000,0.22548,0.05867,0.03979,0.99000,-0.21816,0.05460,0.02994,0.99000,0.12693,-0.00050,0.00639,0.99000,-0.12457,0.00302,-0.00054,0.99000,0.13037,0.44635,-0.00079,0.99000,-0.12432,0.44372,-0.00657,0.99000,0.12317,0.88793,0.08744,0.99000,-0.12968,0.88982,0.08026,0.99000
1,2.8500,bend,0.20081,-0.45003,-0.21809,0.99000,-0.19790,-0.45003,-0.21657,0.99000,0.22726,-0.17893,-0.08966,0.99000,-0.22745,-0.18635,-0.08449,0.99000,0.21982,0.06053,0.02522,0.99000,-0.21298,0.06467,0.02790,0.99000,0.12778,-0.00737,-0.00370,0.99000,-0.12791,-0.00254,-0.00297,0.99000,0.12834,0.44822,0.00487,0.99000,-0.11770,0.44996,0.00397,0.99000,0.12683,0.88994,0.08309,0.99000,-0.13097,0.89229,0.07410,0.99000
1,2.9000,bend,0.19708,-0.46356,-0.19142,0.99000,-0.19442,-0.45920,-0.19073,0.99000,0.22450,-0.18086,-0.08489,0.99000,-0.23645,-0.18751,-0.08358,0.99000,0.22668,0.06624,0.02640,0.99000,-0.21653,0.06897,0.02724,0.99000,0.12896,0.00377,-0.00300,0.99000,-0.12624,-0.00231,0.00348,0.99000,0.12859,0.44817,-0.00260,0.99000,-0.12950,0.44314,-0.00101,0.99000,0.12644,0.89381,0.06446,0.99000,-0.12722,0.89908,0.07786,0.99000
1,2.9500,bend,0.20233,-0.47415,-0.16379,0.99000,-0.20640,-0.47392,-0.17308,0.99000,0.23306,-0.19066,-0.07802,0.99000,-0.23530,-0.19203,-0.07011,0.99000,0.21998,0.06193,0.01848,0.99000,-0.21906,0.06412,0.01236,0.99000,0.12268,0.00123,-0.00155,0.99000,-0.12152,-0.00108,-0.00444,0.99000,0.13728,0.45578,-0.00189,0.99000,-0.12765,0.45313,0.00123,0.99000,0.12841,0.89422,0.06680,0.99000,-0.12266,0.89576,0.06142,0.99000
1,3.0000,bend,0.20904,-0.47780,-0.14081,0.99000,-0.20171,-0.48408,-0.13772,0.99000,0.23652,-0.19298,-0.06060,0.99000,-0.22923,-0.19552,-0.06432,0.99000,0.22434,0.06902,0.01847,0.99000,-0.21619,0.06651,0.01801,0.99000,0.11906,-0.00501,-0.00033,0.99000,-0.11974,-0.00733,0.00016,0.99000,0.12275,0.45298,-0.00201,0.99000,-0.12572,0.45395,0.00178,0.99000,0.12056,0.89732,0.05399,0.99000,-0.11901,0.88752,0.05490,0.99000
1,3.0500,bend,0.20155,-0.48668,-0.11389,0.99000,-0.20264,-0.48747,-0.11046,0.99000,0.21959,-0.19424,-0.04549,0.99000,-0.23120,-0.20124,-0.05495,0.99000,0.21534,0.06103,0.01272,0.99000,-0.22116,0.06602,0.01434,0.99000,0.12339,-0.00677,0.00433,0.99000,-0.12655,0.00346,0.00510,0.99000,0.12525,0.45816,0.00224,0.99000,-0.12651,0.45480,-0.00849,0.99000,0.12442,0.89503,0.04983,0.99000,-0.12935,0.90384,0.04373,0.99000
1,3.1000,bend,0.19450,-0.49478,-0.09536,0.99000,-0.20159,-0.49462,-0.08985,0.99000,0.22880,-0.18537,-0.02920,0.99000,-0.21878,-0.19519,-0.04311,0.99000,0.22268,0.06299,0.00956,0.99000,-0.21858,0.06290,0.01818,0.99000,0.11837,0.00260,0.00559,0.99000,-0.12648,-0.00140,-0.00362,0.99000,0.12176,0.44859,-0.00233,0.99000,-0.11969,0.45635,0.00084,0.99000,0.12129,0.89290,0.03825,0.99000,-0.12942,0.90631,0.04722,0.99000
1,3.1500,bend,0.19740,-0.49653,-0.06902,0.99000,-0.20082,-0.50226,-0.07718,0.99000,0.22576,-0.20097,-0.02326,0.99000,-0.23312,-0.19691,-0.02897,0.99000,0.21926,0.05784,0.01137,0.99000,-0.22330,0.06645,0.00736,0.99000,0.12918,0.00301,-0.00043,0.99000,-0.12382,0.00470,-0.00243,0.99000,0.12799,0.45356,-0.00224,0.99000,-0.12060,0.44722,-0.00567,0.99000,0.12662,0.89104,0.03309,0.99000,-0.12795,0.89496,0.04185,0.99000
1,3.2000,bend,0.20042,-0.49959,-0.04831,0.99000,-0.20458,-0.49470,-0.05875,0.99000,0.23288,-0.19768,-0.01891,0.99000,-0.22568,-0.19834,-0.02386,0.99000,0.22359,0.06847,0.00069,0.99000,-0.21686,0.06220,0.00665,0.99000,0.12610,-0.00449,-0.00489,0.99000,-0.12211,0.00427,0.00209,0.99000,0.12157,0.44278,0.00164,0.99000,-0.12828,0.44812,-0.00376,0.99000,0.12750,0.89889,0.03094,0.99000,-0.11893,0.89766,0.03603,0.99000
1,3.2500,bend,0.20515,-0.49961,-0.03282,0.99000,-0.19936,-0.50107,-0.03165,0.99000,0.23590,-0.19482,-0.01096,0.99000,-0.23386,-0.20279,-0.00778,0.99000,0.21913,0.06514,0.00571,0.99000,-0.21956,0.07541,0.00559,0.99000,0.12214,0.00029,0.00655,0.99000,-0.12552,-0.00094,-0.00003,0.99000,0.12193,0.45125,0.00359,0.99000,-0.11887,0.44938,-0.00505,0.99000,0.12508,0.89510,0.03143,0.99000,-0.13194,0.90283,0.02812,0.99000
1,3.3000,bend,0.19606,-0.50183,-0.01696,0.99000,-0.20230,-0.50787,-0.02055,0.99000,0.22543,-0.19908,-0.00599,0.99000,-0.22984,-0.19944,-0.00918,0.99000,0.21899,0.07181,0.00059,0.99000,-0.22175,0.06564,0.00151,0.99000,0.12105,-0.00658,-0.00579,0.99000,-0.12802,0.00602,-0.00126,0.99000,0.12680,0.44923,0.00305,0.99000,-0.12528,0.44042,-0.00724,0.99000,0.12523,0.90173,0.02507,0.99000,-0.12950,0.90003,0.03113,0.99000
1,3.3500,bend,0.20146,-0.50023,-0.00973,0.99000,-0.19853,-0.50609,-0.00514,0.99000,0.23811,-0.19627,0.00280,0.99000,-0.23689,-0.19227,0.00130,0.99000,0.21791,0.05880,0.00155,0.99000,-0.21586,0.06946,0.00743,0.99000,0.12606,-0.00152,0.00401,0.99000,-0.13141,0.00287,0.00080,0.99000,0.13160,0.44612,0.00108,0.99000,-0.12742,0.45266,0.00504,0.99000,0.12714,0.89931,0.02872,0.99000,-0.12535,0.90020,0.03370,0.99000
1,3.4000,bend,0.19978,-0.49877,0.00263,0.99000,-0.19830,-0.50468,-0.00029,0.99000,0.23432,-0.20218,-0.00289,0.99000,-0.22807,-0.20054,-0.00039,0.99000,0.22184,0.07085,0.00544,0.99000,-0.22428,0.06944,0.00037,0.99000,0.12258,0.00543,-0.00150,0.99000,-0.11856,0.00388,-0.00012,0.99000,0.12512,0.44574,0.00018,0.99000,-0.12333,0.45291,-0.00286,0.99000,0.13555,0.89894,0.01908,0.99000,-0.12628,0.89908,0.02837,0.99000
1,3.4500,bend,0.19797,-0.50103,-0.00370,0.99000,-0.19828,-0.49575,0.00037,0.99000,0.22744,-0.19483,0.00201,0.99000,-0.21972,-0.19770,0.00332,0.99000,0.22371,0.07126,0.00713,0.99000,-0.21963,0.06816,0.00820,0.99000,0.12780,-0.00568,-0.01081,0.99000,-0.12589,-0.00260,0.00165,0.99000,0.11912,0.45570,-0.00297,0.99000,-0.12780,0.45095,-0.00472,0.99000,0.11995,0.89604,0.02212,0.99000,-0.12471,0.90029,0.01848,0.99000
2,0.0000,bend,0.19756,-0.50137,0.00019,0.99000,-0.19830,-0.50664,-0.00305,0.99000,0.23454,-0.20273,-0.00724,0.99000,-0.23345,-0.20545,-0.00240,0.99000,0.22153,0.06824,-0.00581,0.99000,-0.21332,0.07281,-0.00212,0.99000,0.12578,0.00596,-0.00036,0.99000,-0.12237,0.00430,0.00235,0.99000,0.12270,0.45096,0.00035,0.99000,-0.12515,0.44157,0.00195,0.99000,0.12660,0.90015,0.01855,0.99000,-0.12270,0.90122,0.02319,0.99000
2,0.0500,bend,0.19674,-0.50100,-0.00189,0.99000,-0.20110,-0.49580,0.00070,0.99000,0.22903,-0.21236,0.00142,0.99000,-0.23188,-0.19713,0.00292,0.99000,0.21882,0.07031,-0.00596,0.99000,-0.21704,0.06706,0.00145,0.99000,0.12342,0.00876,0.00082,0.99000,-0.12635,-0.00524,-0.00203,0.99000,0.12214,0.44668,-0.00647,0.99000,-0.13022,0.45111,0.00353,0.99000,0.12451,0.89603,0.02056,0.99000,-0.12000,0.89737,0.02376,0.99000
2,0.1000,bend,0.20355,-0.49699,-0.00553,0.99000,-0.19210,-0.49855,-0.01247,0.99000,0.22824,-0.20080,0.00428,0.99000,-0.24207,-0.20572,-0.00638,0.99000,0.21841,0.07310,-0.00131,0.99000,-0.21726,0.06082,-0.00241,0.99000,0.12395,0.00201,0.00560,0.99000,-0.12323,-0.00103,-0.00402,0.99000,0.12262,0.45725,0.00177,0.99000,-0.12758,0.44401,0.00054,0.99000,0.12672,0.90421,0.02128,0.99000,-0.12574,0.89242,0.03161,0.99000
2,0.1500,bend,0.19786,-0.49359,-0.02749,0.99000,-0.20135,-0.50301,-0.01772,0.99000,0.23102,-0.20438,-0.00769,0.99000,-0.22785,-0.20699,0.00144,0.99000,0.21854,0.07106,-0.00103,0.99000,-0.20799,0.06894,0.00835,0.99000,0.12162,-0.00794,0.00277,0.99000,-0.11815,0.00047,-0.00818,0.99000,0.12011,0.44235,-0.00708,0.99000,-0.11464,0.45133,-0.00296,0.99000,0.11652,0.89840,0.03033,0.99000,-0.12612,0.89667,0.01967,0.99000
2,0.2000,bend,0.19632,-0.49917,-0.03288,0.99000,-0.19688,-0.49938,-0.03886,0.99000,0.23863,-0.20743,-0.01472,0.99000,-0.22785,-0.19334,-0.01659,0.99000,0.21531,0.06831,0.00458,0.99000,-0.21894,0.07100,0.00639,0.99000,0.12386,0.00072,-0.00152,0.99000,-0.12229,-0.00153,0.00240,0.99000,0.12287,0.45518,-0.00538,0.99000,-0.12056,0.44397,-0.00314,0.99000,0.11263,0.89498,0.02853,0.99000,-0.12732,0.89716,0.03105,0.99000
2,0.2500,bend,0.20596,-0.49590,-0.05683,0.99000,-0.19723,-0.49537,-0.06500,0.99000,0.22606,-0.20334,-0.02118,0.99000,-0.23222,-0.19659,-0.01698,0.99000,0.21176,0.06247,0.01199,0.99000,-0.21564,0.07146,0.00547,0.99000,0.12720,0.00523,0.00268,0.99000,-0.12727,-0.00282,-0.00451,0.99000,0.12450,0.45118,-0.00026,0.99000,-0.12011,0.45074,-0.00149,0.99000,0.13397,0.90000,0.03119,0.99000,-0.12358,0.89425,0.02849,0.99000
2,0.3000,bend,0.19990,-0.49242,-0.07879,0.99000,-0.19525,-0.49365,-0.06970,0.99000,0.23157,-0.19969,-0.03348,0.99000,-0.22537,-0.20232,-0.03504,0.99000,0.21812,0.06124,0.00734,0.99000,-0.21485,0.06994,0.00702,0.99000,0.13122,-0.00138,-0.00142,0.99000,-0.12351,-0.00124,0.00650,0.99000,0.12446,0.45138,-0.00127,0.99000,-0.12395,0.44167,0.00622,0.99000,0.12947,0.91002,0.03626,0.99000,-0.12913,0.89791,0.03574,0.99000
2,0.3500,bend,0.19482,-0.49398,-0.09980,0.99000,-0.20199,-0.48870,-0.10152,0.99000,0.22238,-0.19664,-0.04452,0.99000,-0.23645,-0.19621,-0.04382,0.99000,0.21646,0.07006,0.00782,0.99000,-0.22117,0.06022,0.00582,0.99000,0.12037,-0.00711,0.00953,0.99000,-0.12661,-0.00249,0.00895,0.99000,0.12667,0.45110,-0.00507,0.99000,-0.12316,0.44987,-0.00400,0.99000,0.12951,0.89723,0.04316,0.99000,-0.12513,0.90041,0.05155,0.99000
2,0.4000,bend,0.20074,-0.48333,-0.13006,0.99000,-0.19981,-0.48685,-0.12825,0.99000,0.22724,-0.19871,-0.05551,0.99000,-0.23058,-0.19184,-0.04791,0.99000,0.22300,0.06450,0.01463,0.99000,-0.21981,0.06571,0.01786,0.99000,0.12065,-0.00001,0.00380,0.99000,-0.12162,-0.00495,0.00449,0.99000,0.12193,0.45052,-0.00745,0.99000,-0.12025,0.45116,-0.00268,0.99000,0.12582,0.89876,0.05652,0.99000,-0.11622,0.89676,0.05274,0.99000
2,0.4500,bend,0.19716,-0.47325,-0.15464,0.99000,-0.19795,-0.47419,-0.15398,0.99000,0.22736,-0.18586,-0.06446,0.99000,-0.23145,-0.18888,-0.06374,0.99000,0.21784,0.06644,0.01809,0.99000,-0.21457,0.07221,0.02809,0.99000,0.11993,0.00851,0.00090,0.99000,-0.13025,-0.00555,-0.00194,0.99000,0.12138,0.44857,0.00908,0.99000,-0.12271,0.45454,-0.00050,0.99000,0.13559,0.89329,0.05699,0.99000,-0.12464,0.89748,0.05510,0.99000
2,0.5000,bend,0.20092,-0.47176,-0.17662,0.99000,-0.19852,-0.46342,-0.17718,0.99000,0.23463,-0.18815,-0.07528,0.99000,-0.22349,-0.18839,-0.07564,0.99000,0.22264,0.06151,0.02310,0.99000,-0.21309,0.06535,0.01804,0.99000,0.13105,0.00170,-0.00126,0.99000,-0.13014,0.00214,0.00018,0.99000,0.12400,0.45002,-0.00547,0.99000,-0.11950,0.45771,0.00130,0.99000,0.11912,0.89495,0.06470,0.99000,-0.12519,0.89814,0.06930,0.99000
2,0.5500,bend,0.19749,-0.45018,-0.21264,0.99000,-0.20143,-0.46099,-0.20435,0.99000,0.22724,-0.18035,-0.08731,0.99000,-0.22982,-0.17347,-0.08549,0.99000,0.22146,0.05779,0.02851,0.99000,-0.22217,0.06759,0.02893,0.99000,0.12400,0.00050,-0.00088,0.99000,-0.12004,-0.00224,-0.00023,0.99000,0.12734,0.44942,-0.00219,0.99000,-0.12146,0.44764,0.00784,0.99000,0.12800,0.89311,0.06945,0.99000,-0.12053,0.89936,0.07430,0.99000
2,0.6000,bend,0.19942,-0.43288,-0.23689,0.99000,-0.20154,-0.44117,-0.23606,0.99000,0.23305,-0.17320,-0.10100,0.99000,-0.23232,-0.17915,-0.09361,0.99000,0.21741,0.06622,0.03508,0.99000,-0.22221,0.05864,0.03142,0.99000,0.12346,-0.00284,0.00012,0.99000,-0.12854,0.00321,-0.00096,0.99000,0.12304,0.44388,-0.00159,0.99000,-0.12527,0.44492,-0.00083,0.99000,0.12390,0.90631,0.08325,0.99000,-0.12069,0.89140,0.07919,0.99000
2,0.6500,bend,0.20112,-0.42028,-0.26147,0.99000,-0.19577,-0.42864,-0.26396,0.99000,0.23127,-0.16801,-0.10262,0.99000,-0.22524,-0.16773,-0.11006,0.99000,0.21459,0.05680,0.02899,0.99000,-0.21529,0.05679,0.03983,0.99000,0.12112,-0.00303,0.00616,0.99000,-0.12068,-0.00648,0.00267,0.99000,0.12424,0.45538,-0.00269,0.99000,-0.12531,0.45925,0.00841,0.99000,0.12526,0.88930,0.08366,0.99000,-0.12179,0.89317,0.09373,0.99000
2,0.7000,bend,0.20112,-0.40638,-0.29114,0.99000,-0.19620,-0.41433,-0.29589,0.99000,0.23017,-0.16062,-0.11550,0.99000,-0.23488,-0.17070,-0.11576,0.99000,0.22002,0.05911,0.03439,0.99000,-0.22413,0.05598,0.04013,0.99000,0.12071,-0.00364,0.00595,0.99000,-0.12188,0.00373,0.00026,0.99000,0.12658,0.44623,-0.00550,0.99000,-0.13243,0.45576,-0.00237,0.99000,0.12373,0.89412,0.09915,0.99000,-0.11746,0.89121,0.08700,0.99000
2,0.7500,bend,0.20045,-0.38916,-0.32063,0.99000,-0.19411,-0.39084,-0.31782,0.99000,0.23248,-0.15518,-0.12682,0.99000,-0.23206,-0.15964,-0.13090,0.99000,0.22337,0.04642,0.03495,0.99000,-0.22517,0.05583,0.03634,0.99000,0.12211,0.00102,0.00014,0.99000,-0.12800,-0.00100,-0.00685,0.99000,0.13091,0.44868,-0.00276,0.99000,-0.13219,0.45312,0.00846,0.99000,0.12195,0.89169,0.10292,0.99000,-0.12481,0.89737,0.09878,0.99000
2,0.8000,bend,0.20109,-0.36815,-0.33497,0.99000,-0.19567,-0.36303,-0.32903,0.99000,0.22514,-0.14567,-0.13137,0.99000,-0.23622,-0.15017,-0.13327,0.99000,0.22176,0.05143,0.04760,0.99000,-0.21500,0.05769,0.04324,0.99000,0.11986,0.00588,0.00293,0.99000,-0.12540,0.00305,-0.00055,0.99000,0.12118,0.44282,-0.01043,0.99000,-0.12853,0.44885,-0.00438,0.99000,0.12647,0.89076,0.10893,0.99000,-0.12764,0.89018,0.10313,0.99000
2,0.8500,bend,0.19954,-0.35382,-0.36152,0.99000,-0.20406,-0.35547,-0.35373,0.99000,0.22980,-0.14701,-0.14926,0.99000,-0.22526,-0.13856,-0.13915,0.99000,0.21619,0.05443,0.04878,0.99000,-0.21560,0.04478,0.05163,0.99000,0.12860,-0.00196,0.00142,0.99000,-0.12441,-0.00771,0.00196,0.99000,0.12885,0.44827,-0.00294,0.99000,-0.11963,0.44648,-0.00087,0.99000,0.12913,0.89092,0.10845,0.99000,-0.12496,0.89075,0.11620,0.99000
2,0.9000,bend,0.19391,-0.33627,-0.37013,0.99000,-0.19937,-0.33338,-0.37670,0.99000,0.23165,-0.13751,-0.14284,0.99000,-0.23336,-0.13240,-0.15215,0.99000,0.21993,0.05346,0.04883,0.99000,-0.21958,0.04790,0.05208,0.99000,0.12222,-0.00427,0.00192,0.99000,-0.12742,0.00239,0.00376,0.99000,0.12151,0.45045,0.00180,0.99000,-0.12425,0.45432,0.00168,0.99000,0.12401,0.87977,0.11707,0.99000,-0.12440,0.88769,0.11618,0.99000
2,0.9500,bend,0.20291,-0.32797,-0.38644,0.99000,-0.19480,-0.31666,-0.38111,0.99000,0.23008,-0.12462,-0.15229,0.99000,-0.23469,-0.12947,-0.15627,0.99000,0.21729,0.04497,0.05330,0.99000,-0.21381,0.04247,0.05726,0.99000,0.12256,-0.00203,-0.00227,0.99000,-0.12918,0.00055,-0.00317,0.99000,0.12757,0.44482,-0.00512,0.99000,-0.12847,0.44676,0.00728,0.99000,0.13192,0.87763,0.12321,0.99000,-0.12072,0.88321,0.11588,0.99000
2,1.0000,bend,0.19656,-0.30348,-0.40076,0.99000,-0.19298,-0.30619,-0.40090,0.99000,0.23081,-0.11545,-0.16221,0.99000,-0.23546,-0.11771,-0.15789,0.99000,0.21621,0.04483,0.05300,0.99000,-0.21874,0.04059,0.05490,0.99000,0.12294,0.00422,0.00183,0.99000,-0.13015,-0.00721,-0.00526,0.99000,0.13175,0.44870,0.00636,0.99000,-0.12147,0.44970,0.00110,0.99000,0.12908,0.88067,0.12488,0.99000,-0.13133,0.88178,0.12692,0.99000
2,1.0500,bend,0.19326,-0.29939,-0.40770,0.99000,-0.20658,-0.29160,-0.40593,0.99000,0.22894,-0.11422,-0.16087,0.99000,-0.22823,-0.11558,-0.15950,0.99000,0.21665,0.03912,0.05726,0.99000,-0.21831,0.03965,0.04737,0.99000,0.11990,0.00698,0.00403,0.99000,-0.12645,0.00047,0.00330,0.99000,0.13169,0.45031,0.00318,0.99000,-0.12859,0.44648,0.00126,0.99000,0.12275,0.88494,0.12700,0.99000,-0.13142,0.87126,0.13160,0.99000
2,1.1000,bend,0.19805,-0.28168,-0.40839,0.99000,-0.19862,-0.28359,-0.40688,0.99000,0.23512,-0.11411,-0.16012,0.99000,-0.23547,-0.11157,-0.16735,0.99000,0.22352,0.04189,0.04991,0.99000,-0.21171,0.04042,0.05108,0.99000,0.12592,-0.00039,-0.00405,0.99000,-0.12415,0.00269,0.00218,0.99000,0.12302,0.45023,0.00235,0.99000,-0.12851,0.45589,0.00747,0.99000,0.12456,0.87673,0.13118,0.99000,-0.12419,0.87700,0.12403,0.99000
2,1.1500,bend,0.20049,-0.28197,-0.41618,0.99000,-0.20382,-0.28272,-0.41570,0.99000,0.22985,-0.11406,-0.17160,0.99000,-0.23109,-0.10916,-0.17175,0.99000,0.22141,0.03755,0.05374,0.99000,-0.21479,0.03554,0.06122,0.99000,0.12888,0.00007,0.00908,0.99000,-0.12043,-0.00604,-0.00777,0.99000,0.12619,0.45080,-0.00150,0.99000,-0.12413,0.44851,-0.00122,0.99000,0.12485,0.88437,0.13121,0.99000,-0.12006,0.87799,0.12911,0.99000
2,1.2000,bend,0.20202,-0.28540,-0.41464,0.99000,-0.20033,-0.27240,-0.42166,0.99000,0.23788,-0.10760,-0.16736,0.99000,-0.23909,-0.11706,-0.16909,0.99000,0.21587,0.04147,0.05673,0.99000,-0.21411,0.04453,0.05512,0.99000,0.12033,0.00375,0.00354,0.99000,-0.12856,-0.00334,-0.00173,0.99000,0.12521,0.45717,-0.00067,0.99000,-0.12918,0.44873,-0.00119,0.99000,0.12747,0.87841,0.13702,0.99000,-0.12765,0.88279,0.14082,0.99000
2,1.2500,bend,0.19674,-0.27780,-0.41286,0.99000,-0.20245,-0.27369,-0.41160,0.99000,0.22887,-0.10432,-0.16918,0.99000,-0.22970,-0.10858,-0.16899,0.99000,0.22249,0.03605,0.06535,0.99000,-0.21485,0.03686,0.05616,0.99000,0.12541,0.00057,0.00187,0.99000,-0.12213,0.00173,0.00208,0.99000,0.12007,0.45417,0.00460,0.99000,-0.12809,0.44617,0.00380,0.99000,0.12950,0.87552,0.13866,0.99000,-0.13413,0.87688,0.13195,0.99000
2,1.3000,bend,0.20070,-0.27577,-0.40966,0.99000,-0.19678,-0.27875,-0.41899,0.99000,0.22978,-0.11186,-0.16198,0.99000,-0.23424,-0.11230,-0.17044,0.99000,0.21628,0.04296,0.05355,0.99000,-0.21674,0.04568,0.05701,0.99000,0.12523,0.00170,-0.00098,0.99000,-0.12847,-0.00228,0.00438,0.99000,0.11434,0.44768,-0.00428,0.99000,-0.13434,0.44698,-0.00545,0.99000,0.11831,0.87657,0.13173,0.99000,-0.12489,0.87279,0.12531,0.99000
2,1.3500,bend,0.20495,-0.27752,-0.41713,0.99000,-0.20086,-0.27996,-0.41645,0.99000,0.23104,-0.11311,-0.17628,0.99000,-0.22652,-0.11169,-0.16850,0.99000,0.21695,0.03212,0.05836,0.99000,-0.21528,0.04256,0.05690,0.99000,0.12234,0.00323,-0.00787,0.99000,-0.12152,0.00931,0.00188,0.99000,0.13134,0.45154,0.00353,0.99000,-0.12956,0.44411,0.00430,0.99000,0.13245,0.87428,0.12977,0.99000,-0.12844,0.88253,0.13348,0.99000
2,1.4000,bend,0.19469,-0.27814,-0.40829,0.99000,-0.20045,-0.27901,-0.41712,0.99000,0.22157,-0.10693,-0.16751,0.99000,-0.22634,-0.11673,-0.16518,0.99000,0.21296,0.03802,0.06072,0.99000,-0.22463,0.04020,0.05566,0.99000,0.12390,0.00206,-0.00205,0.99000,-0.12425,0.00190,-0.00451,0.99000,0.12894,0.44985,0.00445,0.99000,-0.12766,0.45206,-0.00250,0.99000,0.12384,0.88339,0.13223,0.99000,-0.11990,0.88690,0.13300,0.99000
2,1.4500,bend,0.19483,-0.27683,-0.41306,0.99000,-0.20139,-0.27896,-0.40897,0.99000,0.22701,-0.10847,-0.16695,0.99000,-0.22581,-0.11663,-0.16652,0.99000,0.22060,0.04779,0.04560,0.99000,-0.21832,0.03845,0.05121,0.99000,0.12358,-0.00155,-0.00159,0.99000,-0.12238,0.00171,-0.00031,0.99000,0.12594,0.45793,0.00286,0.99000,-0.12458,0.45024,0.00366,0.99000,0.11743,0.88260,0.13152,0.99000,-0.12129,0.87468,0.13250,0.99000
2,1.5000,bend,0.20135,-0.27630,-0.41581,0.99000,-0.21350,-0.28426,-0.41974,0.99000,0.23302,-0.10948,-0.16080,0.99000,-0.23591,-0.10938,-0.16974,0.99000,0.21718,0.04227,0.05290,0.99000,-0.21877,0.02659,0.06200,0.99000,0.12307,-0.00754,-0.00146,0.99000,-0.12656,0.00094,0.00316,0.99000,0.12819,0.44785,0.00266,0.99000,-0.12707,0.45274,0.00153,0.99000,0.11712,0.87830,0.13554,0.99000,-0.12523,0.88272,0.13033,0.99000
2,1.5500,bend,0.19525,-0.27834,-0.41790,0.99000,-0.19892,-0.28112,-0.42081,0.99000,0.22941,-0.10803,-0.16769,0.99000,-0.22612,-0.11247,-0.16717,0.99000,0.21010,0.03982,0.05268,0.99000,-0.21722,0.03655,0.05260,0.99000,0.12384,-0.00231,0.00790,0.99000,-0.12402,0.00306,-0.00272,0.99000,0.12990,0.45232,0.00226,0.99000,-0.12546,0.45428,-0.00304,0.99000,0.12248,0.88202,0.13233,0.99000,-0.12364,0.88104,0.13659,0.99000
2,1.6000,bend,0.20163,-0.27646,-0.41761,0.99000,-0.19936,-0.28130,-0.42460,0.99000,0.22832,-0.11080,-0.16318,0.99000,-0.23818,-0.11577,-0.16604,0.99000,0.22003,0.03559,0.05678,0.99000,-0.22950,0.03969,0.05668,0.99000,0.13319,0.00618,-0.00152,0.99000,-0.13112,0.00156,0.00077,0.99000,0.12908,0.45638,-0.00189,0.99000,-0.11860,0.45161,0.00246,0.99000,0.12769,0.88372,0.13465,0.99000,-0.12418,0.88330,0.13715,0.99000
2,1.6500,bend,0.19572,-0.28266,-0.41644,0.99000,-0.19955,-0.27263,-0.41076,0.99000,0.22680,-0.11446,-0.16909,0.99000,-0.22949,-0.11281,-0.17481,0.99000,0.21659,0.03675,0.06181,0.99000,-0.22266,0.03867,0.05694,0.99000,0.12382,0.00063,0.00391,0.99000,-0.11670,0.00092,-0.00562,0.99000,0.11822,0.44935,-0.00427,0.99000,-0.12435,0.44553,-0.00084,0.99000,0.12960,0.88152,0.13054,0.99000,-0.11780,0.87925,0.12754,0.99000
2,1.7000,bend,0.20174,-0.26802,-0.41129,0.99000,-0.20623,-0.28018,-0.40400,0.99000,0.22851,-0.10802,-0.16761,0.99000,-0.22656,-0.11235,-0.16395,0.99000,0.21605,0.03320,0.05031,0.99000,-0.21518,0.03460,0.06321,0.99000,0.12254,0.00027,0.00682,0.99000,-0.12602,-0.00018,0.00234,0.99000,0.12153,0.44643,0.00041,0.99000,-0.12315,0.45172,-0.00770,0.99000,0.12420,0.88068,0.12429,0.99000,-0.12898,0.87562,0.13694,0.99000
2,1.7500,bend,0.20072,-0.27346,-0.40839,0.99000,-0.18231,-0.28247,-0.41531,0.99000,0.22987,-0.11581,-0.16817,0.99000,-0.22521,-0.11742,-0.16470,0.99000,0.21991,0.04105,0.05395,0.99000,-0.21962,0.03654,0.06020,0.99000,0.12572,0.00373,-0.00368,0.99000,-0.12606,0.00047,0.00465,0.99000,0.12429,0.45320,-0.00268,0.99000,-0.12207,0.45308,0.00056,0.99000,0.11895,0.88017,0.12769,0.99000,-0.13089,0.87831,0.13288,0.99000
2,1.8000,bend,0.20342,-0.27562,-0.41919,0.99000,-0.19448,-0.28321,-0.41124,0.99000,0.22525,-0.11943,-0.16290,0.99000,-0.22589,-0.11312,-0.16296,0.99000,0.21170,0.03674,0.06200,0.99000,-0.21463,0.03623,0.05724,0.99000,0.12973,-0.00094,-0.00072,0.99000,-0.13041,0.00357,-0.00056,0.99000,0.12162,0.45127,0.00322,0.99000,-0.12322,0.44748,-0.00135,0.99000,0.12013,0.88091,0.13474,0.99000,-0.12468,0.87995,0.13759,0.99000
2,1.8500,bend,0.20003,-0.27981,-0.41664,0.99000,-0.19312,-0.28075,-0.41154,0.99000,0.23109,-0.10720,-0.17155,0.99000,-0.22905,-0.12145,-0.16948,0.99000,0.21777,0.03219,0.04663,0.99000,-0.22071,0.03350,0.05861,0.99000,0.12356,-0.00314,0.00206,0.99000,-0.13038,0.00568,-0.00043,0.99000,0.12177,0.45548,0.00032,0.99000,-0.12715,0.44329,0.00249,0.99000,0.12472,0.88103,0.12999,0.99000,-0.12936,0.88220,0.12927,0.99000
2,1.9000,bend,0.20364,-0.27267,-0.41167,0.99000,-0.20549,-0.28247,-0.41770,0.99000,0.23105,-0.10812,-0.16309,0.99000,-0.23303,-0.10595,-0.16792,0.99000,0.21722,0.03190,0.06593,0.99000,-0.21972,0.03442,0.06339,0.99000,0.12812,-0.00122,-0.00640,0.99000,-0.12193,-0.00411,-0.00513,0.99000,0.12711,0.44620,0.00528,0.99000,-0.11971,0.45376,-0.00000,0.99000,0.12316,0.87547,0.13701,0.99000,-0.12285,0.87401,0.13269,0.99000
2,1.9500,bend,0.20133,-0.27805,-0.42708,0.99000,-0.20051,-0.28217,-0.41822,0.99000,0.23224,-0.11491,-0.16674,0.99000,-0.23038,-0.11076,-0.17061,0.99000,0.22649,0.03478,0.04879,0.99000,-0.21880,0.03830,0.05762,0.99000,0.12277,0.00420,0.00085,0.99000,-0.12354,-0.00185,-0.00005,0.99000,0.12690,0.44495,0.00367,0.99000,-0.13066,0.45068,-0.00180,0.99000,0.12810,0.88507,0.13319,0.99000,-0.12396,0.88058,0.12940,0.99000
2,2.0000,bend,0.20167,-0.27127,-0.41601,0.99000,-0.19610,-0.27418,-0.41706,0.99000,0.23144,-0.10569,-0.15777,0.99000,-0.23478,-0.11732,-0.16665,0.99000,0.21942,0.03476,0.05584,0.99000,-0.22530,0.03788,0.05573,0.99000,0.13394,0.00308,-0.00038,0.99000,-0.11727,-0.00100,-0.00142,0.99000,0.12593,0.44952,0.00213,0.99000,-0.12739,0.44934,-0.00326,0.99000,0.12854,0.88207,0.12431,0.99000,-0.12163,0.88099,0.12907,0.99000
2,2.0500,bend,0.20268,-0.27513,-0.40999,0.99000,-0.20029,-0.27466,-0.41434,0.99000,0.22952,-0.11098,-0.16511,0.99000,-0.22737,-0.10988,-0.16642,0.99000,0.22038,0.03918,0.05055,0.99000,-0.21218,0.03139,0.05634,0.99000,0.12199,-0.00097,0.00635,0.99000,-0.12214,-0.00501,-0.00373,0.99000,0.12731,0.45973,-0.00364,0.99000,-0.11722,0.45255,-0.00390,0.99000,0.12126,0.87561,0.13228,0.99000,-0.12794,0.88468,0.12930,0.99000
2,2.1000,bend,0.20084,-0.27550,-0.41192,0.99000,-0.19909,-0.27845,-0.41547,0.99000,0.23153,-0.11134,-0.16373,0.99000,-0.22750,-0.11456,-0.17305,0.99000,0.21333,0.03443,0.06059,0.99000,-0.21231,0.03912,0.05731,0.99000,0.12625,0.00180,0.00103,0.99000,-0.12078,-0.00664,-0.00109,0.99000,0.13360,0.45072,-0.00378,0.99000,-0.12860,0.45114,-0.00113,0.99000,0.12604,0.88225,0.12986,0.99000,-0.12278,0.88012,0.13539,0.99000
2,2.1500,bend,0.19605,-0.27508,-0.42377,0.99000,-0.20477,-0.27101,-0.41615,0.99000,0.22531,-0.11094,-0.17260,0.99000,-0.23036,-0.11601,-0.16975,0.99000,0.21999,0.04521,0.05952,0.99000,-0.21647,0.04299,0.05700,0.99000,0.12567,0.00253,-0.00129,0.99000,-0.12267,0.00862,0.00167,0.99000,0.11892,0.45101,0.00644,0.99000,-0.11728,0.45368,-0.00125,0.99000,0.12467,0.88393,0.13721,0.99000,-0.11527,0.87375,0.13251,0.99000
2,2.2000,bend,0.19576,-0.28038,-0.41520,0.99000,-0.19939,-0.27792,-0.41248,0.99000,0.22563,-0.11104,-0.16861,0.99000,-0.22525,-0.11217,-0.16819,0.99000,0.22037,0.04189,0.05918,0.99000,-0.21600,0.03972,0.05056,0.99000,0.12396,0.00196,0.00696,0.99000,-0.12333,-0.00371,-0.00097,0.99000,0.12721,0.45115,-0.00271,0.99000,-0.13499,0.45097,-0.00532,0.99000,0.12962,0.88863,0.13454,0.99000,-0.12526,0.87844,0.13176,0.99000
2,2.2500,bend,0.19948,-0.27684,-0.41662,0.99000,-0.19366,-0.27644,-0.41592,0.99000,0.23235,-0.10929,-0.16452,0.99000,-0.22763,-0.10934,-0.16719,0.99000,0.21379,0.03312,0.05853,0.99000,-0.21757,0.04065,0.05573,0.99000,0.11980,0.00327,0.00657,0.99000,-0.12749,-0.00781,0.00232,0.99000,0.12606,0.45291,-0.00982,0.99000,-0.12457,0.44798,0.00601,0.99000,0.12817,0.87940,0.12721,0.99000,-0.12445,0.88336,0.13220,0.99000
2,2.3000,bend,0.19903,-0.28683,-0.40661,0.99000,-0.20072,-0.28163,-0.40953,0.99000,0.23485,-0.11305,-0.16234,0.99000,-0.22645,-0.11724,-0.16869,0.99000,0.22012,0.04468,0.05539,0.99000,-0.21477,0.03376,0.04582,0.99000,0.11713,0.00045,-0.00444,0.99000,-0.12076,-0.00266,0.00021,0.99000,0.12918,0.45507,0.01047,0.99000,-0.13175,0.44606,-0.00120,0.99000,0.11308,0.88013,0.13574,0.99000,-0.12584,0.88778,0.13405,0.99000
2,2.3500,bend,0.19761,-0.28926,-0.40273,0.99000,-0.19895,-0.29991,-0.40944,0.99000,0.23528,-0.11499,-0.16353,0.99000,-0.23217,-0.11642,-0.15647,0.99000,0.21911,0.04074,0.05679,0.99000,-0.22414,0.03533,0.04823,0.99000,0.12932,0.00352,-0.00443,0.99000,-0.12225,0.00044,-0.00368,0.99000,0.12455,0.45009,-0.01507,0.99000,-0.12639,0.45416,-0.00450,0.99000,0.12975,0.88396,0.13510,0.99000,-0.12024,0.88128,0.12743,0.99000
2,2.4000,bend,0.20595,-0.30435,-0.39737,0.99000,-0.19711,-0.30277,-0.38600,0.99000,0.23365,-0.11700,-0.15954,0.99000,-0.22538,-0.12233,-0.15442,0.99000,0.21618,0.04118,0.05744,0.99000,-0.21897,0.03788,0.05677,0.99000,0.13038,0.00341,0.00259,0.99000,-0.12664,0.00459,0.00163,0.99000,0.13380,0.44885,-0.00092,0.99000,-0.12319,0.45312,0.00205,0.99000,0.12539,0.88006,0.12208,0.99000,-0.12125,0.87848,0.13028,0.99000
2,2.4500,bend,0.19675,-0.32315,-0.38448,0.99000,-0.19530,-0.32150,-0.38871,0.99000,0.23008,-0.13041,-0.15853,0.99000,-0.23303,-0.12642,-0.15293,0.99000,0.22044,0.04381,0.05685,0.99000,-0.21521,0.03181,0.04892,0.99000,0.12425,-0.00081,-0.00448,0.99000,-0.12428,-0.00688,-0.00279,0.99000,0.12595,0.44565,-0.00328,0.99000,-0.12052,0.45020,-0.00293,0.99000,0.12071,0.88067,0.11863,0.99000,-0.12496,0.88446,0.11219,0.99000
2,2.5000,bend,0.19834,-0.33580,-0.37296,0.99000,-0.19581,-0.32816,-0.36526,0.99000,0.22576,-0.13915,-0.14515,0.99000,-0.22998,-0.13292,-0.15057,0.99000,0.22260,0.04079,0.05133,0.99000,-0.21348,0.04769,0.04689,0.99000,0.12021,-0.00392,0.00366,0.99000,-0.13761,0.00001,0.00048,0.99000,0.12098,0.45670,-0.00263,0.99000,-0.12012,0.45184,0.01493,0.99000,0.12856,0.88618,0.10991,0.99000,-0.12486,0.88418,0.11463,0.99000
2,2.5500,bend,0.19580,-0.35460,-0.35328,0.99000,-0.20014,-0.35783,-0.35013,0.99000,0.23124,-0.14118,-0.14899,0.99000,-0.23637,-0.13999,-0.14017,0.99000,0.22366,0.04773,0.04817,0.99000,-0.22390,0.04660,0.04586,0.99000,0.12867,0.00239,0.00387,0.99000,-0.12319,-0.00012,-0.00367,0.99000,0.12080,0.45155,0.00465,0.99000,-0.11907,0.44772,0.00046,0.99000,0.12211,0.89045,0.11709,0.99000,-0.12405,0.88424,0.11186,0.99000
2,2.6000,bend,0.20723,-0.36877,-0.33606,0.99000,-0.20148,-0.37222,-0.33858,0.99000,0.22923,-0.14932,-0.13327,0.99000,-0.23135,-0.15832,-0.12795,0.99000,0.21693,0.05573,0.04568,0.99000,-0.22146,0.05032,0.04644,0.99000,0.12655,0.00186,-0.00445,0.99000,-0.12773,0.00441,-0.00478,0.99000,0.12175,0.45281,-0.00167,0.99000,-0.12732,0.45240,0.00542,0.99000,0.12160,0.88824,0.10781,0.99000,-0.12565,0.89124,0.11029,0.99000
2,2.6500,bend,0.20267,-0.39138,-0.31133,0.99000,-0.20047,-0.38489,-0.31139,0.99000,0.23127,-0.15569,-0.13045,0.99000,-0.23574,-0.15644,-0.11539,0.99000,0.21553,0.05627,0.04693,0.99000,-0.21740,0.05436,0.04164,0.99000,0.12536,-0.00221,0.00730,0.99000,-0.12229,0.00738,-0.00242,0.99000,0.12364,0.44009,0.00685,0.99000,-0.12330,0.45249,-0.00369,0.99000,0.13569,0.88405,0.10138,0.99000,-0.12121,0.88312,0.10495,0.99000
2,2.7000,bend,0.20065,-0.40337,-0.28966,0.99000,-0.20263,-0.40350,-0.29511,0.99000,0.23522,-0.16212,-0.11890,0.99000,-0.23053,-0.15542,-0.11608,0.99000,0.21535,0.05417,0.03729,0.99000,-0.21824,0.05218,0.03807,0.99000,0.12144,0.00166,0.00163,0.99000,-0.11946,-0.00364,-0.00209,0.99000,0.12592,0.44801,0.00452,0.99000,-0.12977,0.45253,0.00058,0.99000,0.13892,0.89064,0.08735,0.99000,-0.12732,0.88529,0.09879,0.99000
2,2.7500,bend,0.20333,-0.43051,-0.26342,0.99000,-0.20381,-0.42726,-0.26023,0.99000,0.22313,-0.16930,-0.10946,0.99000,-0.22480,-0.16897,-0.10674,0.99000,0.21863,0.05647,0.02962,0.99000,-0.21551,0.05781,0.03453,0.99000,0.12153,-0.00155,-0.00314,0.99000,-0.12582,0.00195,0.00331,0.99000,0.12210,0.44523,0.00084,0.99000,-0.12726,0.44997,0.00572,0.99000,0.12797,0.89929,0.07938,0.99000,-0.12514,0.89049,0.08828,0.99000
2,2.8000,bend,0.19863,-0.44332,-0.24191,0.99000,-0.20211,-0.43634,-0.23368,0.99000,0.22609,-0.17434,-0.09411,0.99000,-0.22956,-0.17798,-0.08879,0.99000,0.21865,0.06026,0.03368,0.99000,-0.21071,0.06346,0.02578,0.99000,0.12162,-0.00891,-0.00011,0.99000,-0.12201,0.00255,-0.00164,0.99000,0.12280,0.44787,0.00325,0.99000,-0.12871,0.45258,-0.00206,0.99000,0.11935,0.89567,0.08180,0.99000,-0.12402,0.89466,0.08078,0.99000
2,2.8500,bend,0.20095,-0.45495,-0.20477,0.99000,-0.19999,-0.45035,-0.20626,0.99000,0.22838,-0.18339,-0.08635,0.99000,-0.22869,-0.17847,-0.08275,0.99000,0.21517,0.05991,0.02887,0.99000,-0.22143,0.06493,0.03106,0.99000,0.12845,0.00226,0.00381,0.99000,-0.12571,-0.00073,-0.00312,0.99000,0.11913,0.45548,-0.01315,0.99000,-0.12140,0.44365,0.00072,0.99000,0.13629,0.89862,0.07219,0.99000,-0.11723,0.89797,0.07537,0.99000
2,2.9000,bend,0.20453,-0.46817,-0.18308,0.99000,-0.19479,-0.46302,-0.18369,0.99000,0.23051,-0.18374,-0.07203,0.99000,-0.23019,-0.19056,-0.08092,0.99000,0.22072,0.06676,0.02096,0.99000,-0.21982,0.06466,0.02707,0.99000,0.12779,0.00297,-0.00506,0.99000,-0.12603,0.00419,0.00754,0.99000,0.12641,0.44761,-0.00479,0.99000,-0.11851,0.45139,-0.00043,0.99000,0.12679,0.90143,0.06602,0.99000,-0.12706,0.89829,0.06839,0.99000
2,2.9500,bend,0.20058,-0.47628,-0.16245,0.99000,-0.20838,-0.47081,-0.15100,0.99000,0.22589,-0.19079,-0.06180,0.99000,-0.23678,-0.18806,-0.06821,0.99000,0.21201,0.06726,0.02712,0.99000,-0.22372,0.06230,0.02343,0.99000,0.12354,0.00739,0.00349,0.99000,-0.12620,-0.00522,0.00240,0.99000,0.12256,0.45164,-0.00632,0.99000,-0.12560,0.44525,0.00315,0.99000,0.11840,0.89870,0.05826,0.99000,-0.12695,0.89702,0.06119,0.99000
2,3.0000,bend,0.20656,-0.48762,-0.12761,0.99000,-0.19475,-0.48869,-0.12240,0.99000,0.22658,-0.18845,-0.05262,0.99000,-0.22909,-0.18292,-0.04342,0.99000,0.22421,0.06504,0.01186,0.99000,-0.21957,0.06887,0.01350,0.99000,0.12344,0.00329,0.00065,0.99000,-0.12845,-0.00510,0.00933,0.99000,0.12886,0.45566,0.00449,0.99000,-0.12865,0.44758,-0.00168,0.99000,0.12261,0.89898,0.05397,0.99000,-0.12413,0.89846,0.05475,0.99000
2,3.0500,bend,0.20378,-0.48617,-0.10164,0.99000,-0.20125,-0.49431,-0.10474,0.99000,0.22473,-0.19818,-0.04801,0.99000,-0.23246,-0.19506,-0.03883,0.99000,0.22795,0.06416,0.01294,0.99000,-0.21358,0.07217,0.01750,0.99000,0.12676,0.00230,0.00042,0.99000,-0.12706,0.00048,-0.00183,0.99000,0.12284,0.45521,-0.00039,0.99000,-0.12811,0.45106,-0.00149,0.99000,0.12434,0.90446,0.03837,0.99000,-0.13286,0.89259,0.04696,0.99000
2,3.1000,bend,0.19138,-0.49136,-0.07231,0.99000,-0.20226,-0.49877,-0.07927,0.99000,0.22648,-0.20386,-0.02592,0.99000,-0.22427,-0.20285,-0.03441,0.99000,0.21379,0.06197,0.01029,0.99000,-0.21379,0.06621,0.01203,0.99000,0.12970,-0.00149,-0.00113,0.99000,-0.12343,-0.00638,-0.00120,0.99000,0.13249,0.44563,0.00302,0.99000,-0.12893,0.45069,0.00446,0.99000,0.12689,0.89742,0.03869,0.99000,-0.12447,0.89961,0.04057,0.99000
2,3.1500,bend,0.20058,-0.50125,-0.05444,0.99000,-0.20094,-0.50091,-0.05416,0.99000,0.22713,-0.19809,-0.02290,0.99000,-0.23882,-0.20130,-0.02056,0.99000,0.21567,0.06533,0.00999,0.99000,-0.21455,0.07006,0.00763,0.99000,0.12374,-0.00156,0.00464,0.99000,-0.12792,0.00294,0.00158,0.99000,0.12463,0.45152,0.00054,0.99000,-0.12984,0.45705,-0.00546,0.99000,0.13147,0.88911,0.03862,0.99000,-0.12471,0.89834,0.03606,0.99000
2,3.2000,bend,0.20470,-0.50192,-0.03885,0.99000,-0.19830,-0.49186,-0.03549,0.99000,0.23201,-0.19242,-0.01233,0.99000,-0.22583,-0.19926,-0.01104,0.99000,0.21479,0.06281,-0.00132,0.99000,-0.22246,0.06571,-0.00001,0.99000,0.12429,0.00428,0.00633,0.99000,-0.12198,0.00066,-0.00882,0.99000,0.12355,0.44758,0.00319,0.99000,-0.12213,0.45421,0.00155,0.99000,0.13161,0.89396,0.03449,0.99000,-0.12140,0.89755,0.02591,0.99000
2,3.2500,bend,0.19891,-0.50287,-0.02460,0.99000,-0.20287,-0.49774,-0.02607,0.99000,0.22561,-0.19792,-0.00967,0.99000,-0.22970,-0.20118,-0.01200,0.99000,0.21665,0.07032,0.00028,0.99000,-0.21686,0.07196,0.00066,0.99000,0.12317,-0.00266,0.00707,0.99000,-0.12189,0.00606,0.00701,0.99000,0.12382,0.44802,-0.00427,0.99000,-0.12488,0.44473,0.00524,0.99000,0.12052,0.89743,0.03762,0.99000,-0.13262,0.89957,0.02543,0.99000
2,3.3000,bend,0.20189,-0.49869,-0.01577,0.99000,-0.19786,-0.49762,-0.01496,0.99000,0.22710,-0.20261,-0.00344,0.99000,-0.23276,-0.20432,-0.00974,0.99000,0.21723,0.07993,0.00659,0.99000,-0.22270,0.06731,0.00272,0.99000,0.12521,-0.00419,0.00080,0.99000,-0.11968,0.00097,0.00360,0.99000,0.12703,0.44686,0.00098,0.99000,-0.12638,0.44271,0.00255,0.99000,0.12183,0.90056,0.01904,0.99000,-0.11789,0.89654,0.02139,0.99000
2,3.3500,bend,0.19892,-0.49760,0.00587,0.99000,-0.19950,-0.49844,0.00075,0.99000,0.23148,-0.20345,-0.00974,0.99000,-0.22684,-0.20395,0.00002,0.99000,0.21488,0.06745,0.00463,0.99000,-0.21341,0.06547,-0.00529,0.99000,0.12585,0.00841,-0.00473,0.99000,-0.12354,-0.00493,0.00184,0.99000,0.12226,0.45305,0.00640,0.99000,-0.11773,0.44348,0.00367,0.99000,0.12389,0.89533,0.02362,0.99000,-0.13010,0.89701,0.02055,0.99000
2,3.4000,bend,0.19387,-0.50288,-0.00027,0.99000,-0.19669,-0.50938,0.00301,0.99000,0.23072,-0.20047,-0.00095,0.99000,-0.22470,-0.20230,0.00051,0.99000,0.21626,0.06659,0.00089,0.99000,-0.22019,0.07096,0.00699,0.99000,0.12579,0.00231,-0.00404,0.99000,-0.13544,-0.00513,-0.00420,0.99000,0.12568,0.45376,-0.00225,0.99000,-0.12440,0.44375,0.00482,0.99000,0.12424,0.89737,0.01447,0.99000,-0.12204,0.89443,0.01995,0.99000
3,0.0000,bend,0.20179,-0.50161,-0.00276,0.99000,-0.20162,-0.50099,0.00259,0.99000,0.22058,-0.19797,-0.00195,0.99000,-0.22954,-0.19937,-0.00509,0.99000,0.21729,0.06802,-0.00019,0.99000,-0.21284,0.06232,0.00077,0.99000,0.12486,-0.00782,-0.00501,0.99000,-0.12075,0.00105,0.00105,0.99000,0.12718,0.45853,0.00106,0.99000,-0.13038,0.45751,0.00068,0.99000,0.12277,0.89603,0.01851,0.99000,-0.12349,0.90637,0.01155,0.99000
3,0.0500,bend,0.19993,-0.49938,0.00433,0.99000,-0.20533,-0.50188,0.00769,0.99000,0.23748,-0.20692,-0.00280,0.99000,-0.23076,-0.19503,-0.00455,0.99000,0.21204,0.06854,0.00255,0.99000,-0.21550,0.07145,-0.00092,0.99000,0.11848,0.00083,-0.00137,0.99000,-0.12084,-0.00021,0.00597,0.99000,0.12933,0.44783,-0.00500,0.99000,-0.13141,0.44719,0.00202,0.99000,0.12160,0.89585,0.02525,0.99000,-0.12042,0.90051,0.01977,0.99000
3,0.1000,bend,0.19627,-0.50002,-0.00820,0.99000,-0.19461,-0.49655,-0.00006,0.99000,0.23056,-0.20227,-0.00006,0.99000,-0.22822,-0.19853,0.00424,0.99000,0.21938,0.07039,0.00203,0.99000,-0.22001,0.07117,-0.00713,0.99000,0.12081,-0.00162,0.00719,0.99000,-0.12334,-0.00528,-0.00305,0.99000,0.12888,0.44206,-0.00168,0.99000,-0.12906,0.45499,-0.00104,0.99000,0.12590,0.89679,0.02782,0.99000,-0.12490,0.90163,0.02271,0.99000
3,0.1500,bend,0.19652,-0.49756,-0.02014,0.99000,-0.20475,-0.49654,-0.01070,0.99000,0.22675,-0.20642,-0.00540,0.99000,-0.22791,-0.19919,-0.00411,0.99000,0.21951,0.06502,0.00344,0.99000,-0.21646,0.06104,0.00172,0.99000,0.12422,-0.00699,-0.00157,0.99000,-0.12382,0.00211,0.00376,0.99000,0.12934,0.44608,-0.00338,0.99000,-0.12335,0.44803,0.00310,0.99000,0.11957,0.90054,0.03046,0.99000,-0.12639,0.90703,0.02611,0.99000
3,0.2000,bend,0.19764,-0.49488,-0.02236,0.99000,-0.20906,-0.50308,-0.02100,0.99000,0.24080,-0.20314,-0.00309,0.99000,-0.23134,-0.19532,-0.00530,0.99000,0.21595,0.06534,-0.00552,0.99000,-0.22514,0.05912,0.00226,0.99000,0.12139,-0.01295,-0.00070,0.99000,-0.12919,-0.00538,-0.00414,0.99000,0.12211,0.45582,0.00580,0.99000,-0.12750,0.44578,-0.00366,0.99000,0.12393,0.89671,0.03321,0.99000,-0.12224,0.89961,0.02667,0.99000
3,0.2500,bend,0.20210,-0.49849,-0.03481,0.99000,-0.20927,-0.49872,-0.03984,0.99000,0.22881,-0.19550,-0.01541,0.99000,-0.22550,-0.19885,-0.02156,0.99000,0.21960,0.06865,0.00277,0.99000,-0.21707,0.06566,0.00098,0.99000,0.12239,0.00268,-0.00388,0.99000,-0.13028,0.00058,-0.00494,0.99000,0.13585,0.44647,-0.00047,0.99000,-0.12394,0.44977,0.00225,0.99000,0.12530,0.89593,0.03743,0.99000,-0.12371,0.89771,0.02936,0.99000
3,0.3000,bend,0.20506,-0.49827,-0.04661,0.99000,-0.20293,-0.49651,-0.04464,0.99000,0.22881,-0.20184,-0.02167,0.99000,-0.23041,-0.19930,-0.02278,0.99000,0.22527,0.06838,0.00841,0.99000,-0.21778,0.06517,0.00664,0.99000,0.12667,-0.00357,0.00490,0.99000,-0.12575,0.00573,-0.00222,0.99000,0.12880,0.45183,-0.00655,0.99000,-0.12165,0.45148,0.00152,0.99000,0.12293,0.90023,0.03543,0.99000,-0.12261,0.89830,0.03665,0.99000
3,0.3500,bend,0.20230,-0.49942,-0.06551,0.99000,-0.19072,-0.49571,-0.06721,0.99000,0.23075,-0.19799,-0.02525,0.99000,-0.23150,-0.19784,-0.02828,0.99000,0.21116,0.06835,0.00524,0.99000,-0.22187,0.07640,0.00594,0.99000,0.12248,-0.00304,-0.00398,0.99000,-0.12496,-0.00076,-0.00122,0.99000,0.12425,0.45104,-0.00158,0.99000,-0.12827,0.44793,-0.00061,0.99000,0.12393,0.89591,0.03766,0.99000,-0.12295,0.89875,0.03921,0.99000
3,0.4000,bend,0.19692,-0.49347,-0.08611,0.99000,-0.20250,-0.48382,-0.08068,0.99000,0.22432,-0.19561,-0.03500,0.99000,-0.22999,-0.20249,-0.03846,0.99000,0.21748,0.06423,0.01761,0.99000,-0.22015,0.06144,0.01706,0.99000,0.12326,0.00417,0.00008,0.99000,-0.12834,-0.00506,-0.00117,0.99000,0.12830,0.45263,-0.00390,0.99000,-0.13269,0.43838,-0.00361,0.99000,0.12989,0.90080,0.04310,0.99000,-0.12549,0.90949,0.04188,0.99000
3,0.4500,bend,0.19782,-0.49169,-0.10768,0.99000,-0.19121,-0.49153,-0.10436,0.99000,0.23337,-0.20415,-0.04078,0.99000,-0.22910,-0.19081,-0.03305,0.99000,0.22285,0.07404,0.01290,0.99000,-0.22639,0.06484,0.01235,0.99000,0.12681,0.00212,-0.01020,0.99000,-0.12293,0.01060,0.01037,0.99000,0.12602,0.44997,-0.00491,0.99000,-0.12803,0.45293,0.00279,0.99000,0.12696,0.89487,0.04544,0.99000,-0.12553,0.89575,0.04368,0.99000
3,0.5000,bend,0.20563,-0.47696,-0.12761,0.99000,-0.19638,-0.48377,-0.13165,0.99000,0.22543,-0.19071,-0.05401,0.99000,-0.22302,-0.19796,-0.05139,0.99000,0.21920,0.06710,0.00927,0.99000,-0.21838,0.06561,0.01332,0.99000,0.12352,-0.00630,0.00774,0.99000,-0.12244,-0.00207,0.00312,0.99000,0.12266,0.44360,-0.00136,0.99000,-0.12147,0.45246,-0.00079,0.99000,0.12688,0.89602,0.05196,0.99000,-0.12360,0.89983,0.05545,0.99000
3,0.5500,bend,0.20142,-0.47421,-0.14720,0.99000,-0.20140,-0.47454,-0.14748,0.99000,0.22547,-0.19045,-0.06163,0.99000,-0.23032,-0.18641,-0.06265,0.99000,0.21489,0.07185,0.02244,0.99000,-0.22135,0.06401,0.02533,0.99000,0.12580,-0.00248,-0.00451,0.99000,-0.12838,0.00465,0.00150,0.99000,0.13072,0.45530,0.00519,0.99000,-0.13202,0.44966,-0.00430,0.99000,0.12302,0.89141,0.06633,0.99000,-0.12786,0.89764,0.06169,0.99000
3,0.6000,bend,0.19799,-0.47362,-0.18534,0.99000,-0.19853,-0.47128,-0.17482,0.99000,0.23026,-0.18976,-0.06964,0.99000,-0.23002,-0.19116,-0.06153,0.99000,0.22045,0.07718,0.02538,0.99000,-0.22164,0.06868,0.02598,0.99000,0.13087,-0.00101,-0.00822,0.99000,-0.12310,-0.00062,-0.00652,0.99000,0.12904,0.45343,-0.00051,0.99000,-0.12447,0.45179,-0.00363,0.99000,0.11925,0.89566,0.05962,0.99000,-0.12396,0.90433,0.06459,0.99000
3,0.6500,bend,0.19720,-0.45809,-0.19023,0.99000,-0.20753,-0.45905,-0.19921,0.99000,0.22876,-0.18596,-0.08020,0.99000,-0.22397,-0.18189,-0.07640,0.99000,0.22369,0.05449,0.02686,0.99000,-0.22279,0.05837,0.02847,0.99000,0.11597,0.00525,0.00049,0.99000,-0.12955,0.00029,-0.00585,0.99000,0.12908,0.45030,-0.00281,0.99000,-0.12914,0.44764,-0.00147,0.99000,0.12737,0.90037,0.06638,0.99000,-0.12794,0.89048,0.07008,0.99000
3,0.7000,bend,0.20025,-0.45337,-0.21092,0.99000,-0.20042,-0.45175,-0.21433,0.99000,0.23211,-0.18149,-0.08657,0.99000,-0.23000,-0.18099,-0.07963,0.99000,0.21530,0.06011,0.02728,0.99000,-0.21839,0.06219,0.02435,0.99000,0.12480,-0.00054,0.00093,0.99000,-0.12856,0.00270,0.00307,0.99000,0.12921,0.45782,-0.00129,0.99000,-0.13245,0.44969,0.00223,0.99000,0.13008,0.88893,0.07795,0.99000,-0.12583,0.89117,0.07129,0.99000
3,0.7500,bend,0.20424,-0.44153,-0.23886,0.99000,-0.20225,-0.43550,-0.23989,0.99000,0.22976,-0.17127,-0.10032,0.99000,-0.22994,-0.17363,-0.09376,0.99000,0.22030,0.06281,0.02932,0.99000,-0.21833,0.06148,0.03208,0.99000,0.12772,0.00072,0.00668,0.99000,-0.12361,0.00190,-0.00620,0.99000,0.13073,0.44897,-0.00223,0.99000,-0.13347,0.45129,0.00129,0.99000,0.13343,0.89299,0.08436,0.99000,-0.12197,0.89075,0.08277,0.99000
3,0.8000,bend,0.20313,-0.43053,-0.26049,0.99000,-0.20264,-0.43121,-0.26055,0.99000,0.22479,-0.17623,-0.10644,0.99000,-0.22920,-0.16984,-0.10275,0.99000,0.21536,0.05394,0.03682,0.99000,-0.21986,0.04988,0.03751,0.99000,0.12746,-0.00158,0.00477,0.99000,-0.12464,-0.00611,0.00167,0.99000,0.13098,0.45103,-0.00292,0.99000,-0.12803,0.45004,0.00398,0.99000,0.12115,0.89033,0.08535,0.99000,-0.12647,0.88919,0.08279,0.99000
3,0.8500,bend,0.20324,-0.41336,-0.27702,0.99000,-0.20381,-0.41643,-0.28442,0.99000,0.22483,-0.17158,-0.10971,0.99000,-0.23072,-0.16721,-0.11156,0.99000,0.22034,0.05158,0.03962,0.99000,-0.22620,0.05725,0.03777,0.99000,0.12201,-0.00473,0.00095,0.99000,-0.12250,-0.00113,0.00239,0.99000,0.12132,0.44757,0.00465,0.99000,-0.12817,0.44948,-0.00143,0.99000,0.12388,0.89611,0.09172,0.99000,-0.12137,0.89227,0.09037,0.99000
3,0.9000,bend,0.20245,-0.40112,-0.30003,0.99000,-0.20781,-0.39651,-0.29408,0.99000,0.23832,-0.16185,-0.12486,0.99000,-0.23423,-0.16223,-0.12037,0.99000,0.21449,0.05784,0.04133,0.99000,-0.22070,0.05872,0.04364,0.99000,0.12038,0.00160,0.00038,0.99000,-0.12514,-0.00342,-0.00475,0.99000,0.12291,0.45049,0.00821,0.99000,-0.11600,0.45085,0.00117,0.99000,0.12770,0.88715,0.08718,0.99000,-0.13266,0.89050,0.09976,0.99000
3,0.9500,bend,0.20161,-0.39169,-0.31849,0.99000,-0.19774,-0.38718,-0.32297,0.99000,0.23205,-0.15376,-0.12264,0.99000,-0.23342,-0.15430,-0.12115,0.99000,0.21246,0.04926,0.03847,0.99000,-0.21205,0.04772,0.03916,0.99000,0.13518,-0.00484,0.00251,0.99000,-0.12398,-0.00019,0.00079,0.99000,0.12763,0.44904,0.00311,0.99000,-0.12908,0.44882,0.00266,0.99000,0.11997,0.88440,0.10109,0.99000,-0.12483,0.88285,0.09986,0.99000
3,1.0000,bend,0.19674,-0.37655,-0.33281,0.99000,-0.19457,-0.37689,-0.33521,0.99000,0.22383,-0.14560,-0.13445,0.99000,-0.22507,-0.15157,-0.13204,0.99000,0.22156,0.04837,0.04274,0.99000,-0.22009,0.05197,0.04838,0.99000,0.11902,-0.00002,0.00076,0.99000,-0.12168,0.00968,0.00178,0.99000,0.12731,0.44923,-0.00687,0.99000,-0.12377,0.45329,-0.00174,0.99000,0.12443,0.89283,0.10601,0.99000,-0.12417,0.89538,0.10866,0.99000
3,1.0500,bend,0.20078,-0.36587,-0.34349,0.99000,-0.20060,-0.35505,-0.34532,0.99000,0.22851,-0.14646,-0.14224,0.99000,-0.23059,-0.14669,-0.13419,0.99000,0.21938,0.04139,0.04292,0.99000,-0.21686,0.05038,0.03769,0.99000,0.12403,-0.00047,0.00166,0.99000,-0.12224,0.00571,0.00120,0.99000,0.11869,0.45606,0.00420,0.99000,-0.12646,0.44443,0.00242,0.99000,0.12445,0.88818,0.11745,0.99000,-0.12599,0.87801,0.10841,0.99000
3,1.1000,bend,0.19900,-0.34563,-0.36532,0.99000,-0.20248,-0.34508,-0.35710,0.99000,0.22451,-0.13867,-0.14015,0.99000,-0.22744,-0.13706,-0.14698,0.99000,0.21256,0.04421,0.05024,0.99000,-0.21404,0.04375,0.05190,0.99000,0.12328,0.00503,0.00539,0.99000,-0.12496,0.00223,-0.00051,0.99000,0.11904,0.45145,-0.00987,0.99000,-0.12923,0.45146,-0.00120,0.99000,0.12889,0.88274,0.11425,0.99000,-0.11723,0.88694,0.11727,0.99000
3,1.1500,bend,0.20049,-0.33705,-0.36916,0.99000,-0.20409,-0.33600,-0.37235,0.99000,0.22804,-0.13267,-0.14689,0.99000,-0.22547,-0.13360,-0.14861,0.99000,0.21702,0.04613,0.04657,0.99000,-0.20831,0.04237,0.05498,0.99000,0.12389,0.00255,-0.00407,0.99000,-0.12272,-0.00171,-0.00182,0.99000,0.12154,0.45317,0.00040,0.99000,-0.12381,0.45500,0.00134,0.99000,0.12201,0.88032,0.12486,0.99000,-0.12578,0.88509,0.12568,0.99000
3,1.2000,bend,0.19700,-0.32540,-0.37439,0.99000,-0.19965,-0.32451,-0.39233,0.99000,0.23103,-0.14240,-0.15724,0.99000,-0.23333,-0.12198,-0.16187,0.99000,0.21662,0.03964,0.05001,0.99000,-0.22103,0.04824,0.05158,0.99000,0.12036,0.00096,0.00609,0.99000,-0.12875,0.00045,0.00241,0.99000,0.12211,0.45148,-0.00287,0.99000,-0.13082,0.44982,0.00404,0.99000,0.12577,0.88394,0.12576,0.99000,-0.12508,0.87863,0.12484,0.99000
3,1.2500,bend,0.19719,-0.31043,-0.39784,0.99000,-0.19582,-0.30488,-0.39509,0.99000,0.22483,-0.12861,-0.15819,0.99000,-0.23368,-0.12693,-0.16251,0.99000,0.21267,0.05123,0.05696,0.99000,-0.22245,0.04167,0.05097,0.99000,0.12355,-0.00251,0.00477,0.99000,-0.12277,0.00163,-0.00034,0.99000,0.13225,0.45354,-0.00051,0.99000,-0.12306,0.45359,0.00376,0.99000,0.12480,0.88430,0.11840,0.99000,-0.12316,0.87909,0.12793,0.99000
3,1.3000,bend,0.19630,-0.30402,-0.40494,0.99000,-0.20493,-0.30434,-0.39363,0.99000,0.22695,-0.12077,-0.16509,0.99000,-0.22950,-0.12521,-0.16017,0.99000,0.21695,0.04076,0.05966,0.99000,-0.22019,0.03987,0.05578,0.99000,0.12322,-0.00094,0.00031,0.99000,-0.12674,0.00020,0.00747,0.99000,0.12877,0.45117,-0.00826,0.99000,-0.12691,0.45228,0.00113,0.99000,0.12484,0.88021,0.12832,0.99000,-0.12350,0.88206,0.12927,0.99000
3,1.3500,bend,0.20001,-0.29856,-0.39395,0.99000,-0.19992,-0.29700,-0.40248,0.99000,0.23158,-0.12054,-0.16413,0.99000,-0.23408,-0.11514,-0.16200,0.99000,0.21420,0.04344,0.05037,0.99000,-0.21714,0.03855,0.05640,0.99000,0.13208,-0.00351,0.00232,0.99000,-0.12418,0.00084,-0.00150,0.99000,0.12930,0.44677,-0.00227,0.99000,-0.12900,0.45177,0.00630,0.99000,0.11841,0.88080,0.13040,0.99000,-0.12730,0.88231,0.13215,0.99000
3,1.4000,bend,0.20167,-0.28616,-0.40822,0.99000,-0.19669,-0.29371,-0.40677,0.99000,0.22527,-0.11254,-0.16421,0.99000,-0.22661,-0.11750,-0.16409,0.99000,0.21808,0.03667,0.05480,0.99000,-0.21884,0.03625,0.05359,0.99000,0.12230,0.00101,-0.00442,0.99000,-0.12717,-0.00108,-0.00405,0.99000,0.13219,0.45657,-0.00545,0.99000,-0.12470,0.45178,0.00073,0.99000,0.12333,0.87822,0.13650,0.99000,-0.12020,0.88128,0.12958,0.99000
3,1.4500,bend,0.20172,-0.28811,-0.40596,0.99000,-0.20738,-0.28396,-0.40399,0.99000,0.23828,-0.11717,-0.16549,0.99000,-0.23391,-0.12011,-0.16206,0.99000,0.22122,0.02689,0.04810,0.99000,-0.22269,0.04120,0.05778,0.99000,0.12043,-0.00201,-0.00628,0.99000,-0.12400,0.00513,-0.00006,0.99000,0.12886,0.44926,-0.00491,0.99000,-0.12023,0.45600,0.00687,0.99000,0.12175,0.87998,0.12915,0.99000,-0.12872,0.87702,0.12703,0.99000
3,1.5000,bend,0.20411,-0.28884,-0.41339,0.99000,-0.19837,-0.29083,-0.41571,0.99000,0.22813,-0.11474,-0.16955,0.99000,-0.22360,-0.12270,-0.16450,0.99000,0.21728,0.03341,0.05724,0.99000,-0.22113,0.04658,0.04969,0.99000,0.12018,-0.00097,0.00600,0.99000,-0.12818,-0.00563,0.00660,0.99000,0.12558,0.45012,0.00118,0.99000,-0.12720,0.44885,-0.00091,0.99000,0.11710,0.87728,0.13180,0.99000,-0.12027,0.87623,0.13770,0.99000
3,1.5500,bend,0.19868,-0.29219,-0.41401,0.99000,-0.20126,-0.28556,-0.41140,0.99000,0.22603,-0.11757,-0.16428,0.99000,-0.22955,-0.11599,-0.17178,0.99000,0.22277,0.03800,0.04684,0.99000,-0.22293,0.03494,0.05456,0.99000,0.11798,-0.00118,-0.00331,0.99000,-0.12880,-0.00097,0.00601,0.99000,0.12656,0.44886,0.00033,0.99000,-0.11846,0.44228,-0.00470,0.99000,0.12417,0.87838,0.13403,0.99000,-0.12693,0.88156,0.13211,0.99000
3,1.6000,bend,0.19241,-0.28712,-0.40858,0.99000,-0.19265,-0.29386,-0.40670,0.99000,0.23374,-0.11608,-0.17084,0.99000,-0.23084,-0.11727,-0.16837,0.99000,0.22024,0.03565,0.04946,0.99000,-0.22791,0.04007,0.05644,0.99000,0.12839,0.00073,0.00111,0.99000,-0.12135,-0.00625,0.00430,0.99000,0.13107,0.45374,0.00259,0.99000,-0.12107,0.45278,0.00216,0.99000,0.12454,0.88290,0.13432,0.99000,-0.13024,0.87915,0.13374,0.99000
3,1.6500,bend,0.20088,-0.28257,-0.40850,0.99000,-0.20069,-0.28578,-0.40800,0.99000,0.23132,-0.11526,-0.16900,0.99000,-0.23163,-0.11280,-0.16663,0.99000,0.21510,0.03543,0.05146,0.99000,-0.22005,0.04166,0.04946,0.99000,0.12402,0.00525,-0.00630,0.99000,-0.12417,-0.00033,-0.00046,0.99000,0.12455,0.44828,0.00395,0.99000,-0.12613,0.45054,0.00106,0.99000,0.12568,0.88277,0.13338,0.99000,-0.12297,0.87672,0.13291,0.99000
3,1.7000,bend,0.19836,-0.28618,-0.41113,0.99000,-0.20791,-0.28753,-0.40671,0.99000,0.22003,-0.11885,-0.16663,0.99000,-0.22579,-0.12101,-0.16877,0.99000,0.22226,0.04330,0.05490,0.99000,-0.21965,0.03691,0.05489,0.99000,0.12017,-0.00325,-0.00381,0.99000,-0.12800,0.00230,-0.00260,0.99000,0.13092,0.44860,0.00022,0.99000,-0.12173,0.45157,0.00359,0.99000,0.12623,0.88172,0.13446,0.99000,-0.12771,0.87289,0.13368,0.99000
3,1.7500,bend,0.19766,-0.28888,-0.41067,0.99000,-0.19768,-0.28835,-0.41035,0.99000,0.23335,-0.11221,-0.15483,0.99000,-0.22675,-0.11520,-0.16946,0.99000,0.21983,0.04811,0.06017,0.99000,-0.22346,0.04660,0.05208,0.99000,0.12820,0.00450,0.00194,0.99000,-0.12609,0.00436,-0.00119,0.99000,0.12903,0.44811,-0.00083,0.99000,-0.12808,0.45229,0.00686,0.99000,0.12632,0.88846,0.12898,0.99000,-0.12804,0.88156,0.13580,0.99000
3,1.8000,bend,0.20270,-0.29107,-0.41212,0.99000,-0.20588,-0.29416,-0.40684,0.99000,0.23402,-0.11702,-0.16737,0.99000,-0.23291,-0.11175,-0.16442,0.99000,0.21835,0.03811,0.05241,0.99000,-0.21587,0.04339,0.05637,0.99000,0.12677,0.00328,0.00081,0.99000,-0.12793,-0.00436,0.00446,0.99000,0.12175,0.44641,0.00083,0.99000,-0.12644,0.45104,-0.00472,0.99000,0.12596,0.87868,0.13336,0.99000,-0.12388,0.88139,0.13047,0.99000
3,1.8500,bend,0.20067,-0.29190,-0.41768,0.99000,-0.19810,-0.28784,-0.41318,0.99000,0.22835,-0.11318,-0.16763,0.99000,-0.23145,-0.12089,-0.16153,0.99000,0.22605,0.03611,0.05391,0.99000,-0.21873,0.03853,0.05629,0.99000,0.12179,-0.00250,-0.00155,0.99000,-0.13050,-0.00287,-0.00136,0.99000,0.13009,0.44815,0.00467,0.99000,-0.12119,0.44765,-0.00102,0.99000,0.12164,0.88932,0.12821,0.99000,-0.13308,0.88061,0.13428,0.99000
3,1.9000,bend,0.19824,-0.28995,-0.41018,0.99000,-0.20955,-0.29387,-0.41058,0.99000,0.23520,-0.11141,-0.16810,0.99000,-0.23355,-0.11633,-0.16513,0.99000,0.22158,0.04867,0.06179,0.99000,-0.21612,0.04869,0.06144,0.99000,0.11559,0.00069,0.00945,0.99000,-0.12084,0.00330,-0.00500,0.99000,0.12193,0.45006,0.00805,0.99000,-0.12701,0.45688,-0.00369,0.99000,0.12181,0.88321,0.13030,0.99000,-0.12955,0.87852,0.13252,0.99000
3,1.9500,bend,0.20433,-0.28582,-0.41041,0.99000,-0.20133,-0.28142,-0.41450,0.99000,0.23026,-0.11550,-0.15475,0.99000,-0.22589,-0.11733,-0.16436,0.99000,0.21652,0.03390,0.05574,0.99000,-0.21714,0.04137,0.05236,0.99000,0.12131,-0.00153,0.00624,0.99000,-0.12260,-0.00385,-0.00049,0.99000,0.12702,0.45577,-0.00253,0.99000,-0.12706,0.44920,0.00245,0.99000,0.12269,0.87607,0.13221,0.99000,-0.12583,0.87914,0.13730,0.99000
3,2.0000,bend,0.20346,-0.28862,-0.40612,0.99000,-0.20457,-0.29240,-0.41130,0.99000,0.23698,-0.10982,-0.16754,0.99000,-0.23247,-0.12213,-0.17182,0.99000,0.21872,0.03555,0.05950,0.99000,-0.22087,0.04341,0.05692,0.99000,0.12135,-0.00081,0.00183,0.99000,-0.12359,0.00231,-0.00102,0.99000,0.12522,0.45319,-0.00469,0.99000,-0.12304,0.45406,0.00149,0.99000,0.12364,0.88530,0.13791,0.99000,-0.12596,0.88193,0.13435,0.99000
3,2.0500,bend,0.19337,-0.28494,-0.40930,0.99000,-0.19988,-0.28349,-0.40667,0.99000,0.23176,-0.11725,-0.17046,0.99000,-0.22900,-0.11664,-0.16128,0.99000,0.21445,0.04557,0.06062,0.99000,-0.21810,0.04451,0.05722,0.99000,0.12120,0.00125,0.00380,0.99000,-0.12667,0.00327,0.00187,0.99000,0.12060,0.44345,0.00011,0.99000,-0.13238,0.44784,-0.00217,0.99000,0.11923,0.88407,0.14162,0.99000,-0.13056,0.87686,0.13216,0.99000
3,2.1000,bend,0.20027,-0.28918,-0.40314,0.99000,-0.20098,-0.28930,-0.40777,0.99000,0.22907,-0.11136,-0.16522,0.99000,-0.22713,-0.10904,-0.16979,0.99000,0.22361,0.04173,0.05843,0.99000,-0.22107,0.04279,0.05862,0.99000,0.12119,0.00129,0.00553,0.99000,-0.11986,0.00457,0.00029,0.99000,0.12294,0.45574,-0.00701,0.99000,-0.12290,0.44823,0.00497,0.99000,0.12438,0.87872,0.12980,0.99000,-0.12753,0.88416,0.13322,0.99000
3,2.1500,bend,0.20583,-0.28845,-0.40944,0.99000,-0.19740,-0.29298,-0.41123,0.99000,0.23035,-0.12357,-0.16422,0.99000,-0.23342,-0.11870,-0.16954,0.99000,0.22266,0.03752,0.06300,0.99000,-0.21844,0.03679,0.05367,0.99000,0.12019,0.00796,-0.00547,0.99000,-0.12202,-0.00444,-0.00589,0.99000,0.12255,0.45112,-0.00135,0.99000,-0.12532,0.44818,-0.00976,0.99000,0.12809,0.87677,0.13338,0.99000,-0.12386,0.88262,0.13539,0.99000
3,2.2000,bend,0.20050,-0.29205,-0.40665,0.99000,-0.19973,-0.29239,-0.40940,0.99000,0.23008,-0.11447,-0.16737,0.99000,-0.22687,-0.12084,-0.16527,0.99000,0.21450,0.03654,0.05836,0.99000,-0.21770,0.03705,0.06396,0.99000,0.12228,0.00092,-0.00634,0.99000,-0.13148,-0.00609,-0.00032,0.99000,0.12967,0.44573,-0.00425,0.99000,-0.12053,0.44785,-0.00018,0.99000,0.12025,0.88602,0.13732,0.99000,-0.12903,0.87983,0.13654,0.99000
3,2.2500,bend,0.19873,-0.28009,-0.41151,0.99000,-0.19356,-0.28873,-0.40540,0.99000,0.23333,-0.11926,-0.16125,0.99000,-0.22606,-0.11613,-0.16012,0.99000,0.21845,0.03439,0.05955,0.99000,-0.21621,0.04041,0.05464,0.99000,0.12442,0.00766,-0.00067,0.99000,-0.12381,-0.00095,-0.00211,0.99000,0.11935,0.45360,0.00551,0.99000,-0.12964,0.45578,-0.00702,0.99000,0.12055,0.87667,0.13664,0.99000,-0.12457,0.88323,0.13857,0.99000
3,2.3000,bend,0.19847,-0.28853,-0.39952,0.99000,-0.19846,-0.27796,-0.41482,0.99000,0.23555,-0.11846,-0.15714,0.99000,-0.22919,-0.10647,-0.16569,0.99000,0.22353,0.03995,0.05921,0.99000,-0.21228,0.03978,0.05517,0.99000,0.12039,0.00456,-0.00102,0.99000,-0.12457,-0.00119,0.00445,0.99000,0.13009,0.44744,0.00294,0.99000,-0.12205,0.45051,0.00024,0.99000,0.12832,0.88131,0.13032,0.99000,-0.12313,0.88364,0.13470,0.99000
3,2.3500,bend,0.19339,-0.28378,-0.41103,0.99000,-0.19757,-0.29373,-0.41429,0.99000,0.23765,-0.12243,-0.16476,0.99000,-0.22993,-0.12723,-0.15706,0.99000,0.22380,0.04055,0.05603,0.99000,-0.21906,0.03522,0.05829,0.99000,0.12343,0.00227,-0.00336,0.99000,-0.11902,0.00806,-0.00021,0.99000,0.11968,0.44172,0.00518,0.99000,-0.12408,0.45050,-0.00127,0.99000,0.12614,0.87573,0.12860,0.99000,-0.12926,0.88182,0.12959,0.99000
3,2.4000,bend,0.20804,-0.28631,-0.41384,0.99000,-0.19459,-0.28787,-0.40555,0.99000,0.23110,-0.12133,-0.17249,0.99000,-0.22676,-0.10908,-0.16140,0.99000,0.22163,0.04216,0.05465,0.99000,-0.21669,0.03502,0.05183,0.99000,0.12340,0.00049,0.00239,0.99000,-0.12588,-0.00821,-0.00053,0.99000,0.13099,0.45243,0.00034,0.99000,-0.12777,0.44538,-0.00523,0.99000,0.12651,0.88176,0.13022,0.99000,-0.12179,0.88281,0.13784,0.99000
3,2.4500,bend,0.20825,-0.29192,-0.40605,0.99000,-0.20541,-0.28942,-0.40677,0.99000,0.23761,-0.11099,-0.15910,0.99000,-0.23292,-0.11619,-0.16549,0.99000,0.21552,0.04496,0.05524,0.99000,-0.21391,0.03651,0.05271,0.99000,0.12119,-0.00143,0.00460,0.99000,-0.11973,-0.00143,-0.00044,0.99000,0.11958,0.44962,-0.00697,0.99000,-0.13056,0.45234,0.00254,0.99000,0.12393,0.87630,0.14254,0.99000,-0.12421,0.87607,0.13179,0.99000
3,2.5000,bend,0.19750,-0.28909,-0.40938,0.99000,-0.20410,-0.29033,-0.40826,0.99000,0.22680,-0.12100,-0.16355,0.99000,-0.22966,-0.11774,-0.16028,0.99000,0.21810,0.04733,0.06055,0.99000,-0.22083,0.04868,0.05424,0.99000,0.12742,0.00315,-0.00508,0.99000,-0.11841,0.00393,-0.00019,0.99000,0.12385,0.45013,0.00592,0.99000,-0.12515,0.44621,0.00269,0.99000,0.11619,0.87433,0.13238,0.99000,-0.12552,0.88695,0.12845,0.99000
3,2.5500,bend,0.21015,-0.28215,-0.40954,0.99000,-0.19892,-0.28351,-0.40077,0.99000,0.22383,-0.12231,-0.16686,0.99000,-0.23230,-0.12706,-0.15982,0.99000,0.21247,0.04015,0.05576,0.99000,-0.21761,0.03747,0.05518,0.99000,0.12403,-0.00690,0.00348,0.99000,-0.12304,-0.00346,0.00349,0.99000,0.12908,0.45383,-0.01293,0.99000,-0.12583,0.44782,-0.00227,0.99000,0.13318,0.87807,0.13391,0.99000,-0.12385,0.87598,0.13269,0.99000
3,2.6000,bend,0.19928,-0.28776,-0.41087,0.99000,-0.20527,-0.28733,-0.40915,0.99000,0.22100,-0.12075,-0.16451,0.99000,-0.23062,-0.11748,-0.16446,0.99000,0.21430,0.03970,0.05713,0.99000,-0.21668,0.03869,0.05565,0.99000,0.12839,0.00246,-0.00333,0.99000,-0.12753,-0.00214,-0.00401,0.99000,0.12467,0.44805,0.00182,0.99000,-0.12364,0.45658,-0.00525,0.99000,0.12458,0.88343,0.14144,0.99000,-0.12633,0.87912,0.13210,0.99000
3,2.6500,bend,0.20383,-0.28926,-0.40324,0.99000,-0.20860,-0.29026,-0.40434,0.99000,0.22880,-0.11478,-0.16476,0.99000,-0.22588,-0.11783,-0.16247,0.99000,0.21896,0.04087,0.05626,0.99000,-0.22117,0.03795,0.05787,0.99000,0.13177,-0.00246,-0.00223,0.99000,-0.12664,-0.00280,0.00313,0.99000,0.12417,0.45401,-0.00154,0.99000,-0.11842,0.45264,-0.00025,0.99000,0.12466,0.88193,0.13790,0.99000,-0.12762,0.87451,0.13393,0.99000
3,2.7000,bend,0.20656,-0.28351,-0.41561,0.99000,-0.19552,-0.28660,-0.40506,0.99000,0.23844,-0.11190,-0.15950,0.99000,-0.22315,-0.11343,-0.16301,0.99000,0.22058,0.04554,0.05224,0.99000,-0.21654,0.03055,0.06229,0.99000,0.12461,-0.00163,-0.00092,0.99000,-0.11790,0.00186,-0.00491,0.99000,0.12756,0.44609,0.00494,0.99000,-0.13068,0.45536,0.00437,0.99000,0.12304,0.88174,0.13154,0.99000,-0.12879,0.88389,0.13995,0.99000
3,2.7500,bend,0.19743,-0.29184,-0.40771,0.99000,-0.20306,-0.29138,-0.41354,0.99000,0.22108,-0.11864,-0.16429,0.99000,-0.23148,-0.11232,-0.16578,0.99000,0.21936,0.03293,0.06278,0.99000,-0.21406,0.04069,0.05212,0.99000,0.12433,-0.00127,0.00121,0.99000,-0.12825,-0.00332,0.00428,0.99000,0.13086,0.45071,-0.00527,0.99000,-0.12732,0.45309,-0.00141,0.99000,0.12677,0.87704,0.13459,0.99000,-0.12945,0.87821,0.13066,0.99000
3,2.8000,bend,0.19936,-0.28947,-0.40675,0.99000,-0.20233,-0.29138,-0.41261,0.99000,0.22996,-0.12256,-0.17365,0.99000,-0.22826,-0.11542,-0.15646,0.99000,0.22495,0.04385,0.05775,0.99000,-0.21049,0.03826,0.05802,0.99000,0.11767,0.00245,-0.00168,0.99000,-0.12845,0.00256,-0.00290,0.99000,0.12565,0.44977,0.00981,0.99000,-0.12499,0.45289,-0.00359,0.99000,0.13050,0.88353,0.13096,0.99000,-0.11951,0.88253,0.13026,0.99000
3,2.8500,bend,0.19921,-0.29875,-0.39708,0.99000,-0.20136,-0.29784,-0.40548,0.99000,0.22964,-0.12329,-0.15767,0.99000,-0.22746,-0.11829,-0.15614,0.99000,0.21620,0.04274,0.05860,0.99000,-0.21971,0.03488,0.06175,0.99000,0.13108,0.00285,0.00542,0.99000,-0.13112,0.00325,0.00301,0.99000,0.12191,0.45153,-0.00112,0.99000,-0.12219,0.45249,-0.00548,0.99000,0.12343,0.88518,0.13443,0.99000,-0.13017,0.88393,0.13042,0.99000
3,2.9000,bend,0.19797,-0.30231,-0.39999,0.99000,-0.20347,-0.30393,-0.39346,0.99000,0.23767,-0.11955,-0.16272,0.99000,-0.22903,-0.11711,-0.16846,0.99000,0.21422,0.04037,0.05421,0.99000,-0.21980,0.04421,0.04740,0.99000,0.12857,-0.00465,0.00283,0.99000,-0.12688,-0.00363,0.00043,0.99000,0.12368,0.45448,0.00124,0.99000,-0.12507,0.45001,0.00392,0.99000,0.11709,0.88067,0.13440,0.99000,-0.12293,0.88043,0.12130,0.99000
3,2.9500,bend,0.19825,-0.31038,-0.39252,0.99000,-0.20095,-0.31138,-0.38951,0.99000,0.23583,-0.12524,-0.16060,0.99000,-0.23495,-0.12886,-0.15844,0.99000,0.21158,0.03779,0.04912,0.99000,-0.22200,0.04547,0.06049,0.99000,0.12487,-0.00440,0.00098,0.99000,-0.11894,0.00754,0.00349,0.99000,0.12199,0.45189,0.00391,0.99000,-0.12701,0.45594,-0.00274,0.99000,0.12744,0.88159,0.12829,0.99000,-0.12190,0.88246,0.12300,0.99000
3,3.0000,bend,0.19960,-0.32182,-0.38380,0.99000,-0.19754,-0.33127,-0.38443,0.99000,0.22906,-0.13257,-0.14906,0.99000,-0.23145,-0.12953,-0.15687,0.99000,0.21781,0.03950,0.05513,0.99000,-0.22173,0.04858,0.04579,0.99000,0.12835,-0.00061,0.00405,0.99000,-0.12714,0.00501,0.00102,0.99000,0.12698,0.44986,-0.00251,0.99000,-0.12243,0.44937,0.00346,0.99000,0.12735,0.88714,0.12246,0.99000,-0.12187,0.88086,0.12622,0.99000
3,3.0500,bend,0.20252,-0.33273,-0.36934,0.99000,-0.20857,-0.33336,-0.37520,0.99000,0.22412,-0.13195,-0.14489,0.99000,-0.21900,-0.13884,-0.15129,0.99000,0.21880,0.04924,0.04918,0.99000,-0.21973,0.04421,0.05424,0.99000,0.12128,-0.00338,0.00229,0.99000,-0.11825,-0.00380,-0.00237,0.99000,0.12431,0.44088,0.00847,0.99000,-0.12567,0.45346,0.00170,0.99000,0.12172,0.88312,0.12458,0.99000,-0.12958,0.88289,0.12316,0.99000
3,3.1000,bend,0.20607,-0.34059,-0.36439,0.99000,-0.19718,-0.34756,-0.35959,0.99000,0.22997,-0.14610,-0.14472,0.99000,-0.22690,-0.13314,-0.14078,0.99000,0.22140,0.05134,0.05412,0.99000,-0.21939,0.03999,0.05014,0.99000,0.11805,0.00873,0.00146,0.99000,-0.12137,-0.00004,-0.00274,0.99000,0.12371,0.44104,0.00596,0.99000,-0.12626,0.45375,0.00386,0.99000,0.12021,0.88524,0.11527,0.99000,-0.12492,0.88772,0.11783,0.99000
3,3.1500,bend,0.20172,-0.35852,-0.34610,0.99000,-0.20442,-0.35817,-0.34748,0.99000,0.22847,-0.14701,-0.13720,0.99000,-0.23021,-0.14073,-0.14172,0.99000,0.21816,0.05094,0.04824,0.99000,-0.22396,0.04687,0.04125,0.99000,0.12527,0.00252,0.00059,0.99000,-0.12587,0.00078,0.00709,0.99000,0.12420,0.43930,0.00156,0.99000,-0.12661,0.45245,0.00299,0.99000,0.12646,0.88589,0.10967,0.99000,-0.11780,0.88798,0.11544,0.99000
3,3.2000,bend,0.19444,-0.37197,-0.33384,0.99000,-0.19325,-0.37517,-0.33275,0.99000,0.23309,-0.15419,-0.13585,0.99000,-0.23286,-0.15391,-0.12959,0.99000,0.21498,0.04569,0.04085,0.99000,-0.22047,0.04913,0.04586,0.99000,0.11515,-0.00112,-0.00502,0.99000,-0.11986,0.00150,0.00169,0.99000,0.12687,0.44863,0.00166,0.99000,-0.12969,0.45603,0.00282,0.99000,0.12987,0.88690,0.10821,0.99000,-0.12756,0.88958,0.10505,0.99000
3,3.2500,bend,0.19239,-0.38870,-0.31521,0.99000,-0.19228,-0.39052,-0.31365,0.99000,0.23109,-0.15494,-0.12960,0.99000,-0.23213,-0.16729,-0.12414,0.99000,0.21497,0.05187,0.04562,0.99000,-0.21875,0.04971,0.03786,0.99000,0.11928,0.00559,-0.00500,0.99000,-0.13005,-0.01076,0.00108,0.99000,0.12139,0.45250,-0.00312,0.99000,-0.12515,0.44452,-0.00392,0.99000,0.12408,0.89023,0.10055,0.99000,-0.12570,0.88715,0.10238,0.99000
3,3.3000,bend,0.20017,-0.40201,-0.29951,0.99000,-0.19769,-0.40775,-0.29628,0.99000,0.23551,-0.16540,-0.11562,0.99000,-0.22318,-0.15790,-0.11734,0.99000,0.21039,0.06322,0.04599,0.99000,-0.21489,0.05510,0.03032,0.99000,0.12933,-0.00840,0.00488,0.99000,-0.12291,0.00086,-0.00604,0.99000,0.13174,0.44404,0.00104,0.99000,-0.12845,0.45158,0.00016,0.99000,0.12564,0.88776,0.10270,0.99000,-0.12735,0.88615,0.10075,0.99000
3,3.3500,bend,0.19443,-0.40916,-0.27877,0.99000,-0.19927,-0.41353,-0.27650,0.99000,0.22602,-0.16223,-0.10856,0.99000,-0.23032,-0.16955,-0.10845,0.99000,0.21740,0.05437,0.04072,0.99000,-0.22158,0.05521,0.03055,0.99000,0.12269,0.00079,0.00581,0.99000,-0.12359,-0.00315,-0.00386,0.99000,0.12364,0.44660,0.00507,0.99000,-0.12653,0.44917,0.00303,0.99000,0.12015,0.89782,0.09000,0.99000,-0.12753,0.89273,0.09732,0.99000
3,3.4000,bend,0.20012,-0.42374,-0.25842,0.99000,-0.20106,-0.43223,-0.25670,0.99000,0.22402,-0.17064,-0.10847,0.99000,-0.23312,-0.17543,-0.10317,0.99000,0.21812,0.06116,0.03555,0.99000,-0.21582,0.05157,0.03614,0.99000,0.12895,0.00135,-0.00474,0.99000,-0.12357,0.00314,-0.00005,0.99000,0.12721,0.45726,0.00426,0.99000,-0.12233,0.45437,0.00840,0.99000,0.12889,0.88427,0.08214,0.99000,-0.12167,0.88959,0.09342,0.99000
3,3.4500,bend,0.20460,-0.44266,-0.22892,0.99000,-0.19907,-0.44359,-0.23654,0.99000,0.23611,-0.17393,-0.09170,0.99000,-0.22756,-0.18085,-0.10015,0.99000,0.21513,0.06007,0.03765,0.99000,-0.22056,0.05719,0.03522,0.99000,0.12104,0.00535,0.00414,0.99000,-0.12007,-0.00636,0.00387,0.99000,0.12889,0.44626,0.00097,0.99000,-0.13368,0.45603,-0.00249,0.99000,0.12497,0.90175,0.08617,0.99000,-0.12835,0.89897,0.08461,0.99000
3,3.5000,bend,0.20096,-0.46191,-0.21728,0.99000,-0.19713,-0.45655,-0.21388,0.99000,0.23100,-0.18159,-0.08745,0.99000,-0.22515,-0.17757,-0.08969,0.99000,0.22006,0.05724,0.03098,0.99000,-0.21835,0.06195,0.03020,0.99000,0.11948,-0.00222,-0.00077,0.99000,-0.12198,0.00501,-0.00076,0.99000,0.12491,0.45557,0.00262,0.99000,-0.12282,0.45193,0.00301,0.99000,0.12880,0.89893,0.07341,0.99000,-0.12564,0.89390,0.07231,0.99000
3,3.5500,bend,0.19898,-0.45424,-0.19624,0.99000,-0.19386,-0.45452,-0.18761,0.99000,0.23371,-0.17911,-0.08664,0.99000,-0.23337,-0.18527,-0.08012,0.99000,0.21428,0.06779,0.02587,0.99000,-0.21417,0.06600,0.02463,0.99000,0.12820,0.00538,0.00138,0.99000,-0.11574,-0.00105,0.00584,0.99000,0.12220,0.44969,-0.00179,0.99000,-0.12896,0.44978,0.00024,0.99000,0.12528,0.89494,0.07556,0.99000,-0.13062,0.89526,0.06732,0.99000
3,3.6000,bend,0.19610,-0.47298,-0.17621,0.99000,-0.20088,-0.46226,-0.17140,0.99000,0.23115,-0.19350,-0.06841,0.99000,-0.22219,-0.18754,-0.06556,0.99000,0.21971,0.07022,0.02327,0.99000,-0.21986,0.06240,0.02631,0.99000,0.13224,0.00018,-0.00366,0.99000,-0.13064,0.00563,-0.00004,0.99000,0.12352,0.44928,0.00236,0.99000,-0.12637,0.45962,-0.00077,0.99000,0.11966,0.89332,0.06328,0.99000,-0.12577,0.88938,0.05900,0.99000
3,3.6500,bend,0.19812,-0.47866,-0.15383,0.99000,-0.20027,-0.47963,-0.14917,0.99000,0.23387,-0.19270,-0.06263,0.99000,-0.22829,-0.19652,-0.06059,0.99000,0.21497,0.06936,0.02403,0.99000,-0.21504,0.06519,0.01768,0.99000,0.12194,0.00022,0.00016,0.99000,-0.12590,0.00061,-0.00376,0.99000,0.12174,0.44757,-0.00003,0.99000,-0.12923,0.45067,-0.00483,0.99000,0.12232,0.89394,0.06525,0.99000,-0.12114,0.89521,0.05651,0.99000
3,3.7000,bend,0.19590,-0.49194,-0.13151,0.99000,-0.19585,-0.48305,-0.12544,0.99000,0.23151,-0.19639,-0.05255,0.99000,-0.22667,-0.19575,-0.05271,0.99000,0.22270,0.06538,0.02279,0.99000,-0.21650,0.07454,0.02008,0.99000,0.12616,-0.00445,-0.00287,0.99000,-0.12158,-0.00359,0.00031,0.99000,0.12655,0.45296,0.00697,0.99000,-0.13144,0.45244,-0.00453,0.99000,0.12665,0.89365,0.05546,0.99000,-0.12321,0.90658,0.05805,0.99000
3,3.7500,bend,0.20152,-0.48864,-0.10881,0.99000,-0.19923,-0.48934,-0.11221,0.99000,0.23520,-0.19307,-0.04212,0.99000,-0.23320,-0.19548,-0.03946,0.99000,0.22273,0.06385,0.01304,0.99000,-0.22276,0.06744,0.01361,0.99000,0.12234,-0.00461,-0.00467,0.99000,-0.11902,-0.00116,-0.00223,0.99000,0.12845,0.44608,0.00460,0.99000,-0.12539,0.45164,0.00226,0.99000,0.12596,0.89685,0.04958,0.99000,-0.12490,0.90089,0.04717,0.99000
3,3.8000,bend,0.19621,-0.49196,-0.08562,0.99000,-0.19334,-0.48892,-0.08388,0.99000,0.23193,-0.19739,-0.03329,0.99000,-0.22328,-0.19701,-0.03612,0.99000,0.21658,0.06631,0.00799,0.99000,-0.21972,0.06119,0.01205,0.99000,0.12451,0.00243,-0.00890,0.99000,-0.12114,-0.00182,0.00630,0.99000,0.12670,0.45585,0.00312,0.99000,-0.12371,0.44903,0.00354,0.99000,0.12560,0.89586,0.03822,0.99000,-0.12368,0.90476,0.04156,0.99000
3,3.8500,bend,0.19911,-0.50119,-0.06310,0.99000,-0.20186,-0.49522,-0.07015,0.99000,0.22910,-0.19866,-0.03036,0.99000,-0.22832,-0.19495,-0.02702,0.99000,0.21710,0.06524,0.01660,0.99000,-0.21861,0.06196,0.00773,0.99000,0.12482,0.00398,-0.00224,0.99000,-0.12863,-0.00403,0.00384,0.99000,0.11511,0.45387,0.00292,0.99000,-0.12878,0.44997,-0.00501,0.99000,0.12587,0.89907,0.03582,0.99000,-0.12119,0.89578,0.04203,0.99000
3,3.9000,bend,0.19682,-0.49800,-0.05342,0.99000,-0.19608,-0.50036,-0.04701,0.99000,0.22706,-0.19559,-0.02267,0.99000,-0.22873,-0.20091,-0.02091,0.99000,0.22156,0.06446,0.00539,0.99000,-0.22101,0.06661,0.01930,0.99000,0.12654,0.00505,0.00664,0.99000,-0.12818,-0.00025,0.00540,0.99000,0.12281,0.44956,0.00620,0.99000,-0.12524,0.45060,0.00017,0.99000,0.12381,0.89811,0.03793,0.99000,-0.12379,0.90397,0.03637,0.99000
3,3.9500,bend,0.20618,-0.50172,-0.03454,0.99000,-0.19785,-0.50041,-0.03255,0.99000,0.23165,-0.19694,-0.00966,0.99000,-0.23291,-0.20542,-0.01816,0.99000,0.22021,0.06740,0.00778,0.99000,-0.21323,0.06346,0.00824,0.99000,0.12705,-0.00597,0.00338,0.99000,-0.12318,-0.00305,0.00114,0.99000,0.12791,0.45204,-0.00404,0.99000,-0.12417,0.45498,0.00273,0.99000,0.11880,0.89873,0.03780,0.99000,-0.12277,0.90187,0.02998,0.99000
3,4.0000,bend,0.19202,-0.49295,-0.02123,0.99000,-0.19878,-0.50350,-0.01321,0.99000,0.22368,-0.20522,-0.01377,0.99000,-0.23579,-0.19789,-0.00750,0.99000,0.21276,0.06722,0.00171,0.99000,-0.21659,0.06327,0.00340,0.99000,0.11599,0.00193,-0.00433,0.99000,-0.12220,0.00031,0.00062,0.99000,0.12166,0.44920,0.00872,0.99000,-0.12272,0.44868,0.00286,0.99000,0.12342,0.89483,0.02279,0.99000,-0.11847,0.89326,0.02756,0.99000
3,4.0500,bend,0.19342,-0.49592,-0.01573,0.99000,-0.19880,-0.50589,-0.02053,0.99000,0.22133,-0.20437,-0.00184,0.99000,-0.22561,-0.20342,0.00283,0.99000,0.21693,0.06735,-0.00185,0.99000,-0.21783,0.06905,-0.00044,0.99000,0.12904,0.00483,0.00357,0.99000,-0.12358,0.00497,-0.00462,0.99000,0.12416,0.45033,-0.00516,0.99000,-0.12817,0.44828,0.00324,0.99000,0.12708,0.90160,0.03017,0.99000,-0.12794,0.89702,0.02855,0.99000
3,4.1000,bend,0.19824,-0.49692,-0.00418,0.99000,-0.20138,-0.50214,-0.01167,0.99000,0.22797,-0.20533,-0.00292,0.99000,-0.22836,-0.20092,0.00115,0.99000,0.21635,0.06414,-0.00250,0.99000,-0.21512,0.07283,-0.00269,0.99000,0.12957,-0.00144,0.00933,0.99000,-0.12628,0.00222,0.00616,0.99000,0.12334,0.44591,-0.00092,0.99000,-0.12183,0.44735,0.00376,0.99000,0.11979,0.89934,0.02713,0.99000,-0.11917,0.90013,0.01919,0.99000
3,4.1500,bend,0.19801,-0.49886,-0.00432,0.99000,-0.20188,-0.49894,-0.00135,0.99000,0.22709,-0.20071,-0.00620,0.99000,-0.22287,-0.20509,-0.00068,0.99000,0.21806,0.07202,0.00219,0.99000,-0.21999,0.06762,0.00540,0.99000,0.12338,0.00279,0.00341,0.99000,-0.12834,0.00434,-0.00407,0.99000,0.12207,0.44583,-0.00402,0.99000,-0.12059,0.45270,0.00046,0.99000,0.12534,0.90135,0.02020,0.99000,-0.12060,0.90195,0.02155,0.99000
3,4.2000,bend,0.19706,-0.49790,0.00154,0.99000,-0.19694,-0.49770,-0.00743,0.99000,0.22639,-0.20103,0.00377,0.99000,-0.22984,-0.19467,-0.00259,0.99000,0.22579,0.07214,0.00451,0.99000,-0.21848,0.06739,-0.00058,0.99000,0.12563,-0.00410,-0.00031,0.99000,-0.12839,0.00089,0.00130,0.99000,0.13254,0.45556,0.00017,0.99000,-0.12209,0.44866,-0.00203,0.99000,0.12701,0.89892,0.01355,0.99000,-0.12636,0.89266,0.01941,0.99000
4,0.0000,bend,0.20062,-0.50288,0.00747,0.99000,-0.19915,-0.50119,-0.00726,0.99000,0.23432,-0.19929,-0.00450,0.99000,-0.21875,-0.19721,0.00701,0.99000,0.21947,0.07250,-0.00371,0.99000,-0.22012,0.06850,-0.00305,0.99000,0.12877,0.00105,-0.00616,0.99000,-0.12882,-0.00368,0.00117,0.99000,0.12494,0.44630,-0.00373,0.99000,-0.12538,0.45040,-0.00595,0.99000,0.12034,0.89774,0.02293,0.99000,-0.12420,0.89663,0.02451,0.99000
4,0.0500,bend,0.19185,-0.49700,-0.00022,0.99000,-0.20573,-0.50351,0.00246,0.99000,0.22543,-0.19849,0.00585,0.99000,-0.23036,-0.20623,-0.00188,0.99000,0.21934,0.06520,-0.00362,0.99000,-0.22013,0.06145,0.00019,0.99000,0.12589,-0.00032,-0.01049,0.99000,-0.12683,-0.00272,-0.00105,0.99000,0.12550,0.45453,-0.00251,0.99000,-0.12258,0.44147,0.00268,0.99000,0.12781,0.90593,0.02058,0.99000,-0.13126,0.89355,0.02214,0.99000
4,0.1000,bend,0.20338,-0.49559,-0.00429,0.99000,-0.19820,-0.50430,-0.01051,0.99000,0.23338,-0.19391,-0.01046,0.99000,-0.22742,-0.20274,-0.00853,0.99000,0.21982,0.06497,0.00084,0.99000,-0.21609,0.07284,0.00780,0.99000,0.12627,-0.00093,-0.00489,0.99000,-0.12548,-0.00223,-0.00307,0.99000,0.12338,0.44712,-0.00015,0.99000,-0.12427,0.45211,0.00164,0.99000,0.12556,0.89382,0.01636,0.99000,-0.12811,0.89902,0.02578,0.99000
4,0.1500,bend,0.19691,-0.49371,-0.01927,0.99000,-0.20120,-0.50228,-0.02213,0.99000,0.23267,-0.20330,-0.01276,0.99000,-0.23285,-0.20489,-0.00799,0.99000,0.21898,0.07132,-0.00029,0.99000,-0.21223,0.06142,0.00617,0.99000,0.12503,-0.00437,-0.00014,0.99000,-0.12841,-0.00273,-0.00302,0.99000,0.11853,0.45415,-0.00444,0.99000,-0.12612,0.44507,-0.00150,0.99000,0.12047,0.89154,0.03187,0.99000,-0.12402,0.89067,0.02567,0.99000
4,0.2000,bend,0.20153,-0.49288,-0.03298,0.99000,-0.19689,-0.49394,-0.03469,0.99000,0.23144,-0.20170,-0.01966,0.99000,-0.23208,-0.19582,-0.01731,0.99000,0.21909,0.07165,0.00946,0.99000,-0.21591,0.07241,0.00129,0.99000,0.12159,0.00094,0.00540,0.99000,-0.12102,-0.00264,-0.00097,0.99000,0.12240,0.44534,-0.00485,0.99000,-0.12518,0.44989,0.00433,0.99000,0.12188,0.89864,0.02791,0.99000,-0.13015,0.89969,0.03104,0.99000
4,0.2500,bend,0.19627,-0.49196,-0.05820,0.99000,-0.20365,-0.49819,-0.06432,0.99000,0.21899,-0.19332,-0.02141,0.99000,-0.23233,-0.19549,-0.02623,0.99000,0.21462,0.07450,0.00751,0.99000,-0.22842,0.07353,0.00013,0.99000,0.13217,-0.00093,0.00051,0.99000,-0.12451,-0.00428,-0.00066,0.99000,0.13114,0.44941,0.00304,0.99000,-0.12874,0.44874,0.00141,0.99000,0.11952,0.89897,0.03573,0.99000,-0.12818,0.89573,0.03818,0.99000
4,0.3000,bend,0.19641,-0.49323,-0.07849,0.99000,-0.20078,-0.48662,-0.08595,0.99000,0.23535,-0.20014,-0.03612,0.99000,-0.22795,-0.19777,-0.03265,0.99000,0.21729,0.07680,0.00853,0.99000,-0.21534,0.06847,0.01327,0.99000,0.12186,0.00048,-0.00305,0.99000,-0.12439,-0.00536,0.00545,0.99000,0.12730,0.44609,0.00206,0.99000,-0.12058,0.45062,0.00272,0.99000,0.12137,0.89432,0.04185,0.99000,-0.11834,0.90060,0.04175,0.99000
4,0.3500,bend,0.20219,-0.48501,-0.09707,0.99000,-0.19958,-0.48935,-0.09574,0.99000,0.23002,-0.19972,-0.04739,0.99000,-0.23275,-0.19515,-0.03587,0.99000,0.22129,0.06453,0.00519,0.99000,-0.22311,0.06867,0.01046,0.99000,0.13062,0.00288,0.01011,0.99000,-0.13125,-0.00072,0.00463,0.99000,0.12336,0.44920,-0.00347,0.99000,-0.12554,0.45031,0.00116,0.99000,0.12014,0.90210,0.04792,0.99000,-0.12677,0.89829,0.04399,0.99000
4,0.4000,bend,0.20065,-0.48624,-0.12514,0.99000,-0.19986,-0.48449,-0.12609,0.99000,0.23059,-0.19712,-0.05197,0.99000,-0.23293,-0.19319,-0.05418,0.99000,0.21334,0.07312,0.01659,0.99000,-0.21691,0.06511,0.01990,0.99000,0.12355,0.00547,0.00622,0.99000,-0.11665,-0.00344,0.00228,0.99000,0.12013,0.45404,-0.00384,0.99000,-0.13072,0.44528,0.00107,0.99000,0.12168,0.89905,0.05819,0.99000,-0.13015,0.89969,0.05279,0.99000
4,0.4500,bend,0.19774,-0.48002,-0.15848,0.99000,-0.20304,-0.47851,-0.14946,0.99000,0.22575,-0.19101,-0.06881,0.99000,-0.22626,-0.19506,-0.06251,0.99000,0.21207,0.06139,0.01800,0.99000,-0.21939,0.06599,0.02078,0.99000,0.12283,0.00261,0.00214,0.99000,-0.12640,-0.00194,0.00675,0.99000,0.12276,0.44730,0.00740,0.99000,-0.12268,0.44986,0.00692,0.99000,0.12501,0.90372,0.05469,0.99000,-0.11954,0.90230,0.05269,0.99000
4,0.5000,bend,0.20360,-0.47215,-0.18622,0.99000,-0.20494,-0.46268,-0.17768,0.99000,0.23156,-0.18827,-0.07530,0.99000,-0.23644,-0.18550,-0.06825,0.99000,0.21698,0.06408,0.02486,0.99000,-0.22063,0.05896,0.03297,0.99000,0.11627,0.00041,-0.00121,0.99000,-0.12365,0.00186,0.00430,0.99000,0.12504,0.44821,-0.00760,0.99000,-0.12276,0.45628,-0.00392,0.99000,0.12194,0.89235,0.06206,0.99000,-0.13257,0.89585,0.06720,0.99000
4,0.5500,bend,0.19272,-0.45540,-0.20561,0.99000,-0.19329,-0.45732,-0.19883,0.99000,0.22383,-0.18367,-0.08886,0.99000,-0.22998,-0.17412,-0.09203,0.99000,0.21865,0.06769,0.03227,0.99000,-0.22301,0.06410,0.03036,0.99000,0.12354,-0.00190,-0.00239,0.99000,-0.12797,-0.00014,-0.00023,0.99000,0.12697,0.45238,0.00304,0.99000,-0.12642,0.44933,0.00025,0.99000,0.13639,0.90124,0.07639,0.99000,-0.12359,0.89201,0.07095,0.99000
4,0.6000,bend,0.19436,-0.44441,-0.23910,0.99000,-0.20710,-0.44376,-0.23649,0.99000,0.23344,-0.18345,-0.09221,0.99000,-0.22100,-0.17461,-0.09232,0.99000,0.21287,0.06809,0.03047,0.99000,-0.21651,0.05780,0.04236,0.99000,0.12864,0.00004,-0.00081,0.99000,-0.13219,0.00165,0.00861,0.99000,0.12543,0.45693,-0.00289,0.99000,-0.12666,0.45302,0.00355,0.99000,0.12508,0.88857,0.08097,0.99000,-0.12572,0.89300,0.07529,0.99000
4,0.6500,bend,0.20079,-0.42750,-0.26113,0.99000,-0.19471,-0.43400,-0.25636,0.99000,0.23446,-0.16338,-0.10637,0.99000,-0.23064,-0.16870,-0.10795,0.99000,0.22109,0.05768,0.03945,0.99000,-0.21868,0.05555,0.03336,0.99000,0.12030,0.00080,-0.00110,0.99000,-0.11783,-0.00244,0.00070,0.99000,0.12062,0.44643,0.00388,0.99000,-0.12169,0.45184,0.00250,0.99000,0.12997,0.89405,0.08974,0.99000,-0.12355,0.88802,0.09743,0.99000
4,0.7000,bend,0.19925,-0.40831,-0.28834,0.99000,-0.20386,-0.40740,-0.28038,0.99000,0.22965,-0.16115,-0.11234,0.99000,-0.22650,-0.16534,-0.11776,0.99000,0.22013,0.05398,0.03569,0.99000,-0.21954,0.05043,0.03916,0.99000,0.12719,0.00218,0.00497,0.99000,-0.12108,-0.00425,0.00074,0.99000,0.12260,0.44999,-0.00710,0.99000,-0.12513,0.45114,0.00528,0.99000,0.11207,0.88808,0.09642,0.99000,-0.12619,0.89110,0.09602,0.99000
4,0.7500,bend,0.19273,-0.39371,-0.30902,0.99000,-0.20487,-0.38837,-0.30009,0.99000,0.23220,-0.15890,-0.12580,0.99000,-0.23354,-0.15413,-0.12147,0.99000,0.21849,0.05003,0.03967,0.99000,-0.21916,0.05270,0.03999,0.99000,0.12367,-0.00110,0.00038,0.99000,-0.12828,0.00207,-0.00014,0.99000,0.12782,0.44504,0.00786,0.99000,-0.12636,0.44509,-0.00114,0.99000,0.12474,0.88574,0.09468,0.99000,-0.12533,0.88845,0.10731,0.99000
4,0.8000,bend,0.20412,-0.38035,-0.33040,0.99000,-0.19435,-0.37055,-0.32857,0.99000,0.23327,-0.15436,-0.13571,0.99000,-0.22490,-0.14307,-0.13277,0.99000,0.22168,0.04775,0.04698,0.99000,-0.22025,0.05582,0.04683,0.99000,0.12995,0.00068,-0.00317,0.99000,-0.12112,-0.00355,0.00059,0.99000,0.12140,0.44106,0.00342,0.99000,-0.12898,0.45201,-0.00689,0.99000,0.12535,0.88420,0.10667,0.99000,-0.12487,0.88776,0.10925,0.99000
4,0.8500,bend,0.20561,-0.35692,-0.34764,0.99000,-0.20299,-0.35884,-0.34736,0.99000,0.22282,-0.14846,-0.14034,0.99000,-0.23392,-0.14372,-0.13935,0.99000,0.22052,0.04550,0.04412,0.99000,-0.21807,0.04891,0.04692,0.99000,0.12112,0.00027,0.00354,0.99000,-0.12759,-0.00442,0.00439,0.99000,0.12170,0.45356,-0.00338,0.99000,-0.12616,0.44983,-0.00103,0.99000,0.12745,0.88886,0.11570,0.99000,-0.12377,0.88654,0.11284,0.99000
4,0.9000,bend,0.19332,-0.33773,-0.35955,0.99000,-0.19522,-0.34238,-0.36700,0.99000,0.23520,-0.14043,-0.14716,0.99000,-0.23583,-0.12848,-0.14794,0.99000,0.21610,0.04524,0.04753,0.99000,-0.21757,0.05156,0.05040,0.99000,0.12998,0.00684,0.00759,0.99000,-0.12706,0.00287,0.00273,0.99000,0.12370,0.45764,-0.00124,0.99000,-0.11910,0.45864,0.00112,0.99000,0.12422,0.88419,0.12465,0.99000,-0.12687,0.88248,0.11755,0.99000
4,0.9500,bend,0.20220,-0.31799,-0.37473,0.99000,-0.19960,-0.33241,-0.37837,0.99000,0.23579,-0.12880,-0.15060,0.99000,-0.22712,-0.13107,-0.15518,0.99000,0.22370,0.04941,0.04897,0.99000,-0.21878,0.05188,0.04995,0.99000,0.12376,0.00255,-0.00110,0.99000,-0.12150,-0.00046,-0.00429,0.99000,0.12751,0.45075,-0.00411,0.99000,-0.13041,0.45242,0.00528,0.99000,0.13377,0.88621,0.12518,0.99000,-0.12550,0.88591,0.12924,0.99000
4,1.0000,bend,0.21064,-0.31935,-0.38639,0.99000,-0.19513,-0.32241,-0.39041,0.99000,0.22941,-0.12576,-0.15378,0.99000,-0.23271,-0.12821,-0.15099,0.99000,0.22076,0.03817,0.06151,0.99000,-0.21843,0.04743,0.05836,0.99000,0.12753,-0.00318,-0.00177,0.99000,-0.12116,0.00761,-0.00297,0.99000,0.12764,0.44396,-0.00147,0.99000,-0.11944,0.44398,0.00017,0.99000,0.11972,0.88050,0.12665,0.99000,-0.12801,0.88821,0.12665,0.99000
4,1.0500,bend,0.19858,-0.30897,-0.39126,0.99000,-0.19920,-0.30765,-0.39433,0.99000,0.23025,-0.12175,-0.16358,0.99000,-0.23219,-0.12195,-0.15342,0.99000,0.21598,0.04531,0.05240,0.99000,-0.21143,0.03610,0.05878,0.99000,0.11996,-0.00121,0.00369,0.99000,-0.13034,0.00236,0.00069,0.99000,0.12436,0.44698,-0.00095,0.99000,-0.12267,0.45145,0.00601,0.99000,0.12804,0.87154,0.13156,0.99000,-0.12773,0.88450,0.12268,0.99000
4,1.1000,bend,0.20443,-0.30480,-0.39715,0.99000,-0.20483,-0.29090,-0.40023,0.99000,0.23505,-0.12491,-0.16212,0.99000,-0.23731,-0.11360,-0.16086,0.99000,0.22186,0.03577,0.05556,0.99000,-0.22002,0.04569,0.05521,0.99000,0.12711,0.00654,-0.00192,0.99000,-0.12699,-0.00347,0.00408,0.99000,0.12364,0.44574,-0.00146,0.99000,-0.12460,0.44690,-0.00005,0.99000,0.13084,0.87812,0.12972,0.99000,-0.11952,0.87301,0.13574,0.99000
4,1.1500,bend,0.20143,-0.28810,-0.40951,0.99000,-0.19502,-0.29534,-0.41177,0.99000,0.23322,-0.11544,-0.16660,0.99000,-0.22647,-0.11603,-0.16582,0.99000,0.21640,0.04089,0.05994,0.99000,-0.21642,0.03758,0.05593,0.99000,0.13005,0.00345,0.00077,0.99000,-0.12686,0.00529,0.00883,0.99000,0.12782,0.45053,0.00068,0.99000,-0.12422,0.44471,-0.00521,0.99000,0.13286,0.88761,0.12585,0.99000,-0.12779,0.87727,0.13270,0.99000
4,1.2000,bend,0.20481,-0.29564,-0.40266,0.99000,-0.19889,-0.29631,-0.40159,0.99000,0.22781,-0.11047,-0.16103,0.99000,-0.22438,-0.11062,-0.16786,0.99000,0.21842,0.03936,0.05540,0.99000,-0.22425,0.04388,0.05719,0.99000,0.12766,0.00051,-0.00222,0.99000,-0.12252,0.00401,0.00016,0.99000,0.12179,0.44530,0.00142,0.99000,-0.11907,0.44839,-0.00152,0.99000,0.11955,0.88391,0.13449,0.99000,-0.12635,0.88155,0.13122,0.99000
4,1.2500,bend,0.19462,-0.29765,-0.41091,0.99000,-0.20260,-0.29928,-0.40775,0.99000,0.22912,-0.12526,-0.16161,0.99000,-0.23206,-0.11657,-0.16570,0.99000,0.22199,0.04722,0.05705,0.99000,-0.21382,0.04177,0.06381,0.99000,0.12564,-0.00335,0.00424,0.99000,-0.12474,0.00175,0.00409,0.99000,0.12557,0.45715,0.00508,0.99000,-0.12430,0.45692,0.00278,0.99000,0.12398,0.88170,0.12403,0.99000,-0.12714,0.88055,0.13002,0.99000
4,1.3000,bend,0.20293,-0.29850,-0.40600,0.99000,-0.19867,-0.28955,-0.41076,0.99000,0.22692,-0.12221,-0.16244,0.99000,-0.23160,-0.11285,-0.16905,0.99000,0.21959,0.04414,0.05400,0.99000,-0.21990,0.03707,0.05777,0.99000,0.11942,-0.00651,-0.00685,0.99000,-0.13046,-0.00396,-0.00897,0.99000,0.11984,0.44755,-0.00183,0.99000,-0.13073,0.44988,-0.00027,0.99000,0.13028,0.88021,0.13700,0.99000,-0.12913,0.88215,0.13005,0.99000
4,1.3500,bend,0.19932,-0.28975,-0.40294,0.99000,-0.20156,-0.29382,-0.40154,0.99000,0.22408,-0.12213,-0.16612,0.99000,-0.23705,-0.11606,-0.15958,0.99000,0.21460,0.04279,0.05418,0.99000,-0.21286,0.04510,0.05457,0.99000,0.12726,-0.00195,0.00437,0.99000,-0.12135,-0.00308,-0.00347,0.99000,0.11978,0.44752,-0.00326,0.99000,-0.12468,0.45362,-0.00070,0.99000,0.12919,0.88169,0.13163,0.99000,-0.11773,0.87145,0.13239,0.99000
4,1.4000,bend,0.18995,-0.29551,-0.40067,0.99000,-0.20129,-0.29317,-0.41122,0.99000,0.22870,-0.12575,-0.15942,0.99000,-0.22700,-0.12280,-0.16526,0.99000,0.21598,0.04192,0.06294,0.99000,-0.22007,0.04246,0.06155,0.99000,0.12103,-0.00231,-0.00544,0.99000,-0.12481,-0.00598,-0.00669,0.99000,0.12096,0.44884,-0.00296,0.99000,-0.12725,0.44929,-0.00468,0.99000,0.12609,0.88124,0.13410,0.99000,-0.13097,0.87942,0.13196,0.99000
4,1.4500,bend,0.19818,-0.29296,-0.40542,0.99000,-0.20243,-0.29147,-0.40000,0.99000,0.23246,-0.11577,-0.16540,0.99000,-0.23234,-0.11650,-0.16433,0.99000,0.22562,0.03958,0.05907,0.99000,-0.22025,0.04042,0.05055,0.99000,0.12374,-0.00308,0.00509,0.99000,-0.12219,0.00788,-0.00059,0.99000,0.12877,0.44628,0.00046,0.99000,-0.12178,0.45408,-0.00214,0.99000,0.13022,0.88248,0.12678,0.99000,-0.11913,0.87714,0.12731,0.99000
4,1.5000,bend,0.20516,-0.29979,-0.40859,0.99000,-0.20236,-0.29450,-0.40427,0.99000,0.23532,-0.11741,-0.16966,0.99000,-0.23195,-0.11106,-0.15945,0.99000,0.22157,0.03658,0.05886,0.99000,-0.21373,0.03844,0.05977,0.99000,0.12857,0.00213,-0.00528,0.99000,-0.12616,-0.00549,-0.00464,0.99000,0.12161,0.44364,0.01197,0.99000,-0.12727,0.44956,0.00414,0.99000,0.11703,0.88718,0.13895,0.99000,-0.12628,0.87656,0.13200,0.99000
4,1.5500,bend,0.20364,-0.29542,-0.40501,0.99000,-0.19754,-0.29784,-0.39697,0.99000,0.23415,-0.11888,-0.16363,0.99000,-0.22480,-0.12030,-0.16138,0.99000,0.21447,0.04486,0.04904,0.99000,-0.21617,0.03694,0.05161,0.99000,0.12636,-0.00398,-0.00280,0.99000,-0.12155,0.00615,-0.00260,0.99000,0.13364,0.45101,0.00454,0.99000,-0.12869,0.45287,-0.00372,0.99000,0.12250,0.88471,0.14035,0.99000,-0.12510,0.87789,0.13292,0.99000
4,1.6000,bend,0.20042,-0.30099,-0.40639,0.99000,-0.20574,-0.29771,-0.40354,0.99000,0.23199,-0.11115,-0.15885,0.99000,-0.22952,-0.11726,-0.15242,0.99000,0.22167,0.03237,0.05631,0.99000,-0.21528,0.04056,0.05328,0.99000,0.12272,-0.00222,0.00046,0.99000,-0.12442,-0.00097,0.00584,0.99000,0.12449,0.44939,0.00191,0.99000,-0.11980,0.45221,-0.00222,0.99000,0.12136,0.88355,0.13986,0.99000,-0.11958,0.88041,0.14182,0.99000
4,1.6500,bend,0.19279,-0.29159,-0.40079,0.99000,-0.20541,-0.29571,-0.40253,0.99000,0.23210,-0.11421,-0.15652,0.99000,-0.23144,-0.12303,-0.15941,0.99000,0.21641,0.03590,0.05488,0.99000,-0.21624,0.04188,0.06404,0.99000,0.13012,0.00456,-0.00774,0.99000,-0.12828,-0.00439,0.00154,0.99000,0.12708,0.44798,0.00686,0.99000,-0.13082,0.44052,-0.00017,0.99000,0.12170,0.87604,0.13368,0.99000,-0.12484,0.87584,0.13478,0.99000
4,1.7000,bend,0.20122,-0.29061,-0.40460,0.99000,-0.19299,-0.29217,-0.40829,0.99000,0.22754,-0.11867,-0.15580,0.99000,-0.22980,-0.11347,-0.16208,0.99000,0.21830,0.04513,0.05551,0.99000,-0.20993,0.03891,0.05467,0.99000,0.12470,-0.00159,-0.00774,0.99000,-0.13682,-0.00096,0.00190,0.99000,0.12112,0.45303,-0.00224,0.99000,-0.13249,0.44639,0.00225,0.99000,0.12277,0.88384,0.13953,0.99000,-0.12953,0.88000,0.13409,0.99000
4,1.7500,bend,0.20025,-0.29756,-0.40559,0.99000,-0.19594,-0.28716,-0.41061,0.99000,0.23108,-0.11738,-0.16214,0.99000,-0.22646,-0.12074,-0.16538,0.99000,0.21309,0.03915,0.04992,0.99000,-0.22527,0.04833,0.05119,0.99000,0.12536,-0.00505,-0.00201,0.99000,-0.12355,0.00132,0.00131,0.99000,0.12318,0.45205,0.00018,0.99000,-0.13250,0.45159,0.00399,0.99000,0.12854,0.88004,0.13039,0.99000,-0.12149,0.88346,0.13028,0.99000
4,1.8000,bend,0.20125,-0.29488,-0.40704,0.99000,-0.19843,-0.28560,-0.39985,0.99000,0.23204,-0.11922,-0.15734,0.99000,-0.22996,-0.11988,-0.16155,0.99000,0.22339,0.03689,0.05164,0.99000,-0.21894,0.03787,0.05741,0.99000,0.12646,-0.00393,0.00128,0.99000,-0.12228,0.00209,-0.00439,0.99000,0.12520,0.44922,-0.00068,0.99000,-0.12070,0.44733,-0.00086,0.99000,0.12711,0.88380,0.12172,0.99000,-0.12492,0.87552,0.12893,0.99000
4,1.8500,bend,0.19804,-0.29795,-0.39870,0.99000,-0.20419,-0.29527,-0.40752,0.99000,0.22553,-0.11495,-0.16278,0.99000,-0.22950,-0.11480,-0.16457,0.99000,0.21608,0.04500,0.05512,0.99000,-0.21987,0.03807,0.05872,0.99000,0.13021,0.00792,-0.00050,0.99000,-0.12099,-0.00866,-0.00535,0.99000,0.12116,0.45372,0.00284,0.99000,-0.12156,0.44726,0.00104,0.99000,0.12338,0.88071,0.13778,0.99000,-0.12422,0.87724,0.13939,0.99000
4,1.9000,bend,0.20343,-0.29642,-0.40663,0.99000,-0.19751,-0.29739,-0.40168,0.99000,0.22879,-0.11930,-0.16601,0.99000,-0.22692,-0.12044,-0.16790,0.99000,0.22058,0.04071,0.05658,0.99000,-0.21494,0.04195,0.05835,0.99000,0.12565,-0.00250,-0.00509,0.99000,-0.12100,0.00029,0.00480,0.99000,0.12280,0.44986,-0.00029,0.99000,-0.12748,0.45336,0.00779,0.99000,0.12237,0.88781,0.12856,0.99000,-0.12216,0.87532,0.13166,0.99000
4,1.9500,bend,0.20043,-0.29930,-0.41181,0.99000,-0.20312,-0.29753,-0.40188,0.99000,0.23656,-0.11026,-0.16112,0.99000,-0.22939,-0.10763,-0.16207,0.99000,0.21445,0.03565,0.05490,0.99000,-0.21710,0.03362,0.05427,0.99000,0.12707,-0.00012,-0.00354,0.99000,-0.12354,0.00025,0.00540,0.99000,0.12701,0.44901,-0.00459,0.99000,-0.12457,0.45277,-0.00151,0.99000,0.12553,0.88224,0.12727,0.99000,-0.12457,0.87756,0.13316,0.99000
4,2.0000,bend,0.19996,-0.28749,-0.39956,0.99000,-0.20296,-0.29202,-0.40519,0.99000,0.23264,-0.12129,-0.15768,0.99000,-0.23858,-0.11767,-0.16344,0.99000,0.22075,0.03620,0.05422,0.99000,-0.21710,0.03811,0.06121,0.99000,0.13155,-0.00271,-0.00218,0.99000,-0.12800,0.00199,0.00095,0.99000,0.12454,0.44858,-0.00397,0.99000,-0.12409,0.44741,-0.00339,0.99000,0.11984,0.88112,0.12861,0.99000,-0.12740,0.88297,0.13249,0.99000
4,2.0500,bend,0.19850,-0.28753,-0.40364,0.99000,-0.19148,-0.29310,-0.40408,0.99000,0.22643,-0.12170,-0.16312,0.99000,-0.22522,-0.11383,-0.16971,0.99000,0.21754,0.04112,0.05263,0.99000,-0.21475,0.04430,0.05397,0.99000,0.12855,-0.00063,-0.00596,0.99000,-0.11674,-0.00662,-0.00400,0.99000,0.12397,0.45183,-0.00209,0.99000,-0.12463,0.44572,-0.00485,0.99000,0.12942,0.87431,0.12942,0.99000,-0.12317,0.88388,0.12965,0.99000
4,2.1000,bend,0.19725,-0.29940,-0.40593,0.99000,-0.20197,-0.29226,-0.40132,0.99000,0.22727,-0.11636,-0.15965,0.99000,-0.23388,-0.12132,-0.16019,0.99000,0.21789,0.03540,0.05483,0.99000,-0.22243,0.04244,0.05768,0.99000,0.12215,-0.00269,0.00894,0.99000,-0.12291,-0.00035,0.00387,0.99000,0.11938,0.44145,0.00123,0.99000,-0.11987,0.44868,0.00107,0.99000,0.12349,0.87947,0.12536,0.99000,-0.12924,0.88456,0.13318,0.99000
4,2.1500,bend,0.19927,-0.29701,-0.40495,0.99000,-0.19876,-0.29283,-0.40934,0.99000,0.23189,-0.12258,-0.16412,0.99000,-0.22783,-0.11583,-0.16402,0.99000,0.21967,0.03660,0.05382,0.99000,-0.21433,0.03901,0.05100,0.99000,0.12953,-0.00112,0.00562,0.99000,-0.12925,-0.00056,-0.00236,0.99000,0.12506,0.45220,-0.00374,0.99000,-0.12796,0.45557,-0.00028,0.99000,0.12559,0.88599,0.12817,0.99000,-0.12771,0.87994,0.12460,0.99000
4,2.2000,bend,0.19918,-0.29823,-0.40364,0.99000,-0.20258,-0.30168,-0.41086,0.99000,0.22959,-0.12579,-0.16351,0.99000,-0.23341,-0.13054,-0.16706,0.99000,0.22069,0.03654,0.05773,0.99000,-0.21751,0.04199,0.05277,0.99000,0.12055,-0.00182,-0.00413,0.99000,-0.12396,0.00006,0.00306,0.99000,0.13068,0.44295,-0.00090,0.99000,-0.12498,0.44978,0.00187,0.99000,0.12154,0.88259,0.13432,0.99000,-0.12678,0.88078,0.12816,0.99000
4,2.2500,bend,0.19273,-0.29563,-0.40804,0.99000,-0.19997,-0.29750,-0.40317,0.99000,0.23418,-0.12030,-0.16476,0.99000,-0.23181,-0.12114,-0.16687,0.99000,0.21461,0.04367,0.05965,0.99000,-0.21986,0.04436,0.05734,0.99000,0.12367,0.00780,0.00079,0.99000,-0.11793,0.00159,-0.00089,0.99000,0.13040,0.45254,-0.00040,0.99000,-0.12598,0.44021,0.00261,0.99000,0.12605,0.88146,0.12396,0.99000,-0.12051,0.88598,0.13294,0.99000
4,2.3000,bend,0.20136,-0.30595,-0.40407,0.99000,-0.19710,-0.30554,-0.39539,0.99000,0.22923,-0.12069,-0.16294,0.99000,-0.23340,-0.12554,-0.15844,0.99000,0.20847,0.04442,0.05701,0.99000,-0.20959,0.03968,0.05249,0.99000,0.12934,0.00421,-0.00058,0.99000,-0.12522,0.00066,-0.00092,0.99000,0.13338,0.44868,-0.00178,0.99000,-0.11971,0.44756,-0.00157,0.99000,0.12449,0.87351,0.12897,0.99000,-0.12519,0.88413,0.13183,0.99000
4,2.3500,bend,0.19551,-0.31418,-0.38675,0.99000,-0.20191,-0.31669,-0.38079,0.99000,0.22543,-0.12587,-0.14856,0.99000,-0.22457,-0.12684,-0.15582,0.99000,0.22517,0.03985,0.04464,0.99000,-0.21727,0.04395,0.04976,0.99000,0.11955,-0.00357,-0.00489,0.99000,-0.12092,-0.00563,0.00660,0.99000,0.12495,0.44968,-0.00148,0.99000,-0.11578,0.44045,-0.00284,0.99000,0.13286,0.88244,0.13604,0.99000,-0.12433,0.87890,0.12727,0.99000
4,2.4000,bend,0.20086,-0.32503,-0.36895,0.99000,-0.20131,-0.33275,-0.37929,0.99000,0.23288,-0.13441,-0.15154,0.99000,-0.23043,-0.12901,-0.15406,0.99000,0.21564,0.04554,0.04687,0.99000,-0.21132,0.03652,0.04509,0.99000,0.11911,-0.00066,-0.00267,0.99000,-0.11857,0.00095,-0.00271,0.99000,0.11733,0.45066,0.00028,0.99000,-0.11927,0.44963,-0.00169,0.99000,0.12292,0.88340,0.11825,0.99000,-0.12711,0.88179,0.12930,0.99000
4,2.4500,bend,0.20482,-0.35208,-0.36396,0.99000,-0.20448,-0.34090,-0.37028,0.99000,0.22846,-0.13506,-0.14783,0.99000,-0.22441,-0.13080,-0.14600,0.99000,0.21692,0.05162,0.05859,0.99000,-0.22055,0.04787,0.04378,0.99000,0.12330,0.00026,0.00633,0.99000,-0.12095,0.00376,0.00299,0.99000,0.12221,0.44626,0.00419,0.99000,-0.12583,0.45456,-0.00002,0.99000,0.11761,0.88322,0.11932,0.99000,-0.12528,0.88279,0.12125,0.99000
4,2.5000,bend,0.20306,-0.35534,-0.35138,0.99000,-0.19875,-0.36488,-0.34588,0.99000,0.23234,-0.14848,-0.14242,0.99000,-0.23767,-0.14496,-0.14179,0.99000,0.22080,0.04718,0.04777,0.99000,-0.21609,0.04623,0.04723,0.99000,0.13051,0.00167,-0.00496,0.99000,-0.12557,-0.00449,-0.00557,0.99000,0.12128,0.44360,-0.00153,0.99000,-0.12233,0.44497,-0.00827,0.99000,0.12492,0.88318,0.11420,0.99000,-0.12601,0.88853,0.10974,0.99000
4,2.5500,bend,0.19689,-0.37543,-0.33209,0.99000,-0.19979,-0.37517,-0.33089,0.99000,0.23113,-0.15066,-0.14022,0.99000,-0.22815,-0.14600,-0.13194,0.99000,0.21427,0.05181,0.04376,0.99000,-0.21431,0.04493,0.03734,0.99000,0.12979,-0.00029,0.00575,0.99000,-0.12454,0.00260,-0.00216,0.99000,0.12245,0.44819,-0.00146,0.99000,-0.12325,0.45002,0.00777,0.99000,0.12226,0.88810,0.10430,0.99000,-0.13328,0.88805,0.10861,0.99000
4,2.6000,bend,0.20121,-0.39420,-0.30868,0.99000,-0.20069,-0.38791,-0.31264,0.99000,0.22717,-0.15550,-0.12661,0.99000,-0.22917,-0.15876,-0.12793,0.99000,0.21880,0.05341,0.04047,0.99000,-0.21308,0.05535,0.04278,0.99000,0.12108,-0.00691,0.00089,0.99000,-0.12598,0.00135,-0.00144,0.99000,0.13044,0.45737,-0.00406,0.99000,-0.12017,0.44695,-0.00740,0.99000,0.12289,0.88364,0.09286,0.99000,-0.12364,0.89011,0.09922,0.99000
4,2.6500,bend,0.20631,-0.41053,-0.29085,0.99000,-0.19735,-0.40790,-0.28103,0.99000,0.23144,-0.16427,-0.11449,0.99000,-0.23057,-0.17279,-0.12148,0.99000,0.22328,0.06274,0.04085,0.99000,-0.21288,0.05110,0.04148,0.99000,0.11962,-0.00580,-0.00623,0.99000,-0.13129,0.00475,0.00820,0.99000,0.12362,0.45006,-0.00319,0.99000,-0.13215,0.44632,-0.00043,0.99000,0.13180,0.88532,0.09237,0.99000,-0.12985,0.89090,0.09226,0.99000
4,2.7000,bend,0.19433,-0.42568,-0.26102,0.99000,-0.20092,-0.42438,-0.25977,0.99000,0.23249,-0.17542,-0.10014,0.99000,-0.23732,-0.16978,-0.10227,0.99000,0.21609,0.05695,0.03074,0.99000,-0.21630,0.06034,0.02397,0.99000,0.12827,0.00236,0.00509,0.99000,-0.12351,-0.00252,-0.00512,0.99000,0.12667,0.45325,0.00074,0.99000,-0.12827,0.44842,0.00330,0.99000,0.12559,0.89131,0.08868,0.99000,-0.12826,0.89125,0.08061,0.99000
4,2.7500,bend,0.20364,-0.44541,-0.22550,0.99000,-0.19904,-0.44448,-0.22845,0.99000,0.23050,-0.18026,-0.09559,0.99000,-0.23141,-0.17648,-0.08868,0.99000,0.21379,0.06427,0.02831,0.99000,-0.21822,0.05715,0.03289,0.99000,0.13280,-0.00081,-0.00265,0.99000,-0.12412,-0.00154,0.00198,0.99000,0.12992,0.44817,0.00241,0.99000,-0.12804,0.45110,0.00023,0.99000,0.12958,0.89172,0.07972,0.99000,-0.13447,0.89401,0.08048,0.99000
4,2.8000,bend,0.20204,-0.45132,-0.20228,0.99000,-0.20058,-0.46267,-0.20444,0.99000,0.22887,-0.18584,-0.08986,0.99000,-0.22516,-0.18008,-0.08327,0.99000,0.22755,0.06395,0.02711,0.99000,-0.21689,0.06813,0.02910,0.99000,0.12887,-0.00005,0.00420,0.99000,-0.12087,0.00531,0.00637,0.99000,0.12070,0.44379,0.00461,0.99000,-0.12245,0.45313,0.00218,0.99000,0.12898,0.90246,0.08494,0.99000,-0.12667,0.89625,0.07001,0.99000
4,2.8500,bend,0.20006,-0.46224,-0.17633,0.99000,-0.19729,-0.46768,-0.18121,0.99000,0.22675,-0.19207,-0.07773,0.99000,-0.22413,-0.18307,-0.07441,0.99000,0.21420,0.06688,0.02834,0.99000,-0.21760,0.06251,0.02298,0.99000,0.13268,0.00958,-0.00988,0.99000,-0.13276,-0.00131,-0.00424,0.99000,0.11671,0.44375,-0.00197,0.99000,-0.12471,0.46066,0.00145,0.99000,0.12259,0.89761,0.06548,0.99000,-0.12820,0.89504,0.06854,0.99000
4,2.9000,bend,0.19972,-0.47788,-0.15521,0.99000,-0.19996,-0.47079,-0.15173,0.99000,0.22414,-0.19407,-0.06059,0.99000,-0.22520,-0.19179,-0.06074,0.99000,0.21814,0.06588,0.02017,0.99000,-0.21690,0.06901,0.02166,0.99000,0.12038,-0.00238,-0.00169,0.99000,-0.12578,-0.00064,-0.00282,0.99000,0.12928,0.44635,0.00160,0.99000,-0.12765,0.44785,-0.01030,0.99000,0.12837,0.89633,0.06335,0.99000,-0.12118,0.90187,0.05636,0.99000
4,2.9500,bend,0.20508,-0.48483,-0.13077,0.99000,-0.19842,-0.48936,-0.12381,0.99000,0.23395,-0.19022,-0.05003,0.99000,-0.23309,-0.19153,-0.05636,0.99000,0.21846,0.07649,0.01595,0.99000,-0.21903,0.07088,0.01325,0.99000,0.12520,-0.00739,-0.00412,0.99000,-0.12134,-0.00006,-0.00053,0.99000,0.11963,0.44611,0.00367,0.99000,-0.12527,0.44305,-0.00063,0.99000,0.13006,0.89050,0.04434,0.99000,-0.12566,0.89866,0.05413,0.99000
4,3.0000,bend,0.19575,-0.48884,-0.09607,0.99000,-0.20040,-0.48988,-0.09616,0.99000,0.23135,-0.20127,-0.03572,0.99000,-0.23881,-0.19259,-0.04125,0.99000,0.22608,0.06056,0.01558,0.99000,-0.21536,0.07028,0.01389,0.99000,0.12124,-0.00109,-0.00342,0.99000,-0.12651,-0.00178,0.00382,0.99000,0.12423,0.44404,0.00031,0.99000,-0.12505,0.44668,0.00779,0.99000,0.12571,0.89266,0.05704,0.99000,-0.12806,0.89346,0.04549,0.99000
4,3.0500,bend,0.19814,-0.49707,-0.08291,0.99000,-0.19406,-0.49324,-0.07256,0.99000,0.22840,-0.20172,-0.03504,0.99000,-0.22582,-0.20074,-0.03190,0.99000,0.21451,0.06645,0.01631,0.99000,-0.21783,0.06374,0.01630,0.99000,0.12528,-0.00334,-0.00295,0.99000,-0.12556,0.00145,0.00023,0.99000,0.12197,0.45202,-0.00610,0.99000,-0.13214,0.45464,0.00175,0.99000,0.12394,0.89764,0.04402,0.99000,-0.12291,0.89645,0.03841,0.99000
4,3.1000,bend,0.20270,-0.48848,-0.05875,0.99000,-0.19668,-0.50090,-0.05492,0.99000,0.22957,-0.20312,-0.01792,0.99000,-0.22779,-0.19541,-0.02608,0.99000,0.22116,0.07101,0.01144,0.99000,-0.21480,0.06556,0.00064,0.99000,0.11795,0.00026,-0.00618,0.99000,-0.12523,0.00484,0.00396,0.99000,0.12502,0.45422,-0.00713,0.99000,-0.12172,0.45223,-0.00068,0.99000,0.12377,0.89835,0.03389,0.99000,-0.13018,0.90481,0.03723,0.99000
4,3.1500,bend,0.19057,-0.49577,-0.03148,0.99000,-0.20183,-0.49019,-0.03616,0.99000,0.22680,-0.19800,-0.00972,0.99000,-0.22747,-0.19887,-0.01306,0.99000,0.21952,0.07500,-0.00247,0.99000,-0.21116,0.06801,0.00573,0.99000,0.12232,0.00616,0.00025,0.99000,-0.12856,-0.00479,-0.00030,0.99000,0.12643,0.45227,-0.00510,0.99000,-0.12522,0.45083,-0.00388,0.99000,0.11820,0.90188,0.03490,0.99000,-0.12168,0.89503,0.03013,0.99000
4,3.2000,bend,0.20176,-0.50429,-0.01347,0.99000,-0.20587,-0.49296,-0.02875,0.99000,0.23839,-0.20352,-0.00741,0.99000,-0.22601,-0.19510,-0.01047,0.99000,0.21645,0.06555,0.00837,0.99000,-0.21369,0.06980,0.00174,0.99000,0.12662,0.00030,-0.00926,0.99000,-0.12411,0.00517,-0.00033,0.99000,0.12915,0.44181,-0.00021,0.99000,-0.12766,0.45214,0.00292,0.99000,0.12250,0.90205,0.02715,0.99000,-0.12140,0.90059,0.02695,0.99000
4,3.2500,bend,0.20184,-0.50099,-0.01388,0.99000,-0.20497,-0.49963,-0.00944,0.99000,0.23422,-0.20410,-0.00016,0.99000,-0.22776,-0.19173,-0.01280,0.99000,0.21877,0.06431,-0.00180,0.99000,-0.21822,0.06715,0.00739,0.99000,0.12398,0.00104,0.00300,0.99000,-0.12736,-0.00505,-0.00236,0.99000,0.12721,0.44788,-0.00204,0.99000,-0.12151,0.45047,-0.00574,0.99000,0.13000,0.88983,0.02626,0.99000,-0.13053,0.90015,0.02941,0.99000
4,3.3000,bend,0.20069,-0.49764,-0.00539,0.99000,-0.20025,-0.50477,0.00438,0.99000,0.22942,-0.20505,-0.00799,0.99000,-0.22854,-0.19965,0.00043,0.99000,0.21060,0.06874,-0.00182,0.99000,-0.21475,0.07166,0.00153,0.99000,0.13019,0.00143,-0.00810,0.99000,-0.11726,-0.00044,-0.00351,0.99000,0.12455,0.44452,-0.00394,0.99000,-0.12509,0.45331,0.00286,0.99000,0.12411,0.90750,0.01711,0.99000,-0.12340,0.90332,0.02188,0.99000
4,3.3500,bend,0.19839,-0.49985,0.00494,0.99000,-0.20255,-0.49769,-0.00620,0.99000,0.23813,-0.20916,0.00299,0.99000,-0.22695,-0.20708,-0.00558,0.99000,0.21939,0.06633,-0.00244,0.99000,-0.22461,0.06800,0.00152,0.99000,0.12543,-0.00472,-0.00043,0.99000,-0.12610,0.00516,0.00435,0.99000,0.12419,0.45173,0.00380,0.99000,-0.12810,0.44763,-0.00384,0.99000,0.12938,0.89658,0.02601,0.99000,-0.13073,0.89657,0.02441,0.99000
5,0.0000,bend,0.20276,-0.49659,-0.00830,0.99000,-0.20117,-0.49539,-0.00261,0.99000,0.23549,-0.20890,-0.00098,0.99000,-0.23804,-0.19566,0.00321,0.99000,0.21991,0.06987,0.00255,0.99000,-0.22538,0.07011,-0.00662,0.99000,0.12576,-0.00888,0.00102,0.99000,-0.13159,-0.00530,-0.00260,0.99000,0.12079,0.44879,-0.00289,0.99000,-0.12569,0.45011,-0.00772,0.99000,0.12029,0.90026,0.02258,0.99000,-0.12144,0.89282,0.02064,0.99000
5,0.0500,bend,0.19800,-0.50188,-0.00068,0.99000,-0.18928,-0.48711,-0.00167,0.99000,0.22926,-0.20388,-0.00408,0.99000,-0.22779,-0.19993,-0.00458,0.99000,0.23008,0.07469,-0.00021,0.99000,-0.21597,0.06595,-0.00808,0.99000,0.12455,0.00324,-0.00266,0.99000,-0.12166,-0.00552,0.00339,0.99000,0.12609,0.44699,0.00246,0.99000,-0.12322,0.45010,0.00206,0.99000,0.12250,0.89544,0.02687,0.99000,-0.12622,0.90168,0.02185,0.99000
5,0.1000,bend,0.20553,-0.49527,-0.00391,0.99000,-0.20319,-0.49208,-0.00038,0.99000,0.22537,-0.20666,-0.00679,0.99000,-0.23695,-0.20247,-0.00054,0.99000,0.21301,0.07100,0.00414,0.99000,-0.21802,0.07277,-0.00401,0.99000,0.12424,-0.00501,0.00148,0.99000,-0.12482,-0.00017,0.00051,0.99000,0.12527,0.44018,0.00001,0.99000,-0.11702,0.44733,0.00374,0.99000,0.12741,0.89593,0.02439,0.99000,-0.12376,0.90258,0.02353,0.99000
5,0.1500,bend,0.19450,-0.50469,-0.01294,0.99000,-0.20146,-0.49893,-0.00736,0.99000,0.22243,-0.20337,-0.00629,0.99000,-0.23942,-0.19779,-0.01190,0.99000,0.22487,0.06855,-0.00016,0.99000,-0.21850,0.06471,0.00237,0.99000,0.12839,0.00004,0.00758,0.99000,-0.12725,-0.00519,0.00004,0.99000,0.12251,0.45307,-0.00006,0.99000,-0.12797,0.44220,0.00029,0.99000,0.11999,0.90099,0.02977,0.99000,-0.12197,0.89886,0.02519,0.99000
5,0.2000,bend,0.19608,-0.49523,-0.02543,0.99000,-0.20289,-0.50234,-0.03081,0.99000,0.23229,-0.19946,-0.00611,0.99000,-0.22624,-0.20481,-0.01063,0.99000,0.22238,0.07430,0.00273,0.99000,-0.22003,0.06596,0.00022,0.99000,0.12729,0.00213,-0.00681,0.99000,-0.12556,0.00736,-0.00907,0.99000,0.12935,0.44844,-0.00311,0.99000,-0.12167,0.44925,-0.00398,0.99000,0.12809,0.90221,0.03270,0.99000,-0.12386,0.89683,0.02513,0.99000
5,0.2500,bend,0.19694,-0.50135,-0.02811,0.99000,-0.20151,-0.49745,-0.04063,0.99000,0.22816,-0.20032,-0.01094,0.99000,-0.23375,-0.20012,-0.01647,0.99000,0.21764,0.06868,0.00292,0.99000,-0.22322,0.06484,-0.00247,0.99000,0.12918,-0.00348,0.00094,0.99000,-0.12074,0.00707,0.00099,0.99000,0.12285,0.45348,0.00576,0.99000,-0.12540,0.45420,-0.00125,0.99000,0.12544,0.89965,0.03752,0.99000,-0.12077,0.89477,0.03286,0.99000
5,0.3000,bend,0.19659,-0.49697,-0.05638,0.99000,-0.19884,-0.49589,-0.05402,0.99000,0.22818,-0.20136,-0.01654,0.99000,-0.22939,-0.19819,-0.02332,0.99000,0.22354,0.06321,0.00958,0.99000,-0.22282,0.06473,0.01311,0.99000,0.12192,-0.00268,-0.00414,0.99000,-0.12006,-0.00174,-0.00088,0.99000,0.12034,0.45359,-0.00047,0.99000,-0.12135,0.45549,-0.00658,0.99000,0.12309,0.90283,0.03415,0.99000,-0.12816,0.89553,0.03907,0.99000
5,0.3500,bend,0.20413,-0.49217,-0.06768,0.99000,-0.19445,-0.49637,-0.07302,0.99000,0.22674,-0.20736,-0.02718,0.99000,-0.22873,-0.20760,-0.02522,0.99000,0.22280,0.06943,0.01771,0.99000,-0.21625,0.07324,0.01661,0.99000,0.12479,-0.00499,0.00216,0.99000,-0.12853,0.00632,0.00362,0.99000,0.11743,0.45129,-0.00210,0.99000,-0.11839,0.44696,-0.00464,0.99000,0.12670,0.90224,0.03743,0.99000,-0.12433,0.90149,0.03528,0.99000
5,0.4000,bend,0.20267,-0.48859,-0.08493,0.99000,-0.20321,-0.49740,-0.09069,0.99000,0.23313,-0.19718,-0.02733,0.99000,-0.23186,-0.19232,-0.03210,0.99000,0.21754,0.07137,0.00520,0.99000,-0.22590,0.06844,0.01035,0.99000,0.12979,0.00072,-0.00270,0.99000,-0.13315,0.00321,0.00509,0.99000,0.12315,0.45090,-0.00766,0.99000,-0.12088,0.45070,-0.00557,0.99000,0.12653,0.89713,0.05045,0.99000,-0.13295,0.89582,0.04303,0.99000
5,0.4500,bend,0.19965,-0.48537,-0.10934,0.99000,-0.20221,-0.47987,-0.10714,0.99000,0.22801,-0.19849,-0.04106,0.99000,-0.23103,-0.19647,-0.04166,0.99000,0.21669,0.06715,0.01278,0.99000,-0.21833,0.06233,0.01460,0.99000,0.12421,-0.00295,0.00158,0.99000,-0.12779,-0.00349,0.00411,0.99000,0.12900,0.45049,0.00118,0.99000,-0.12671,0.45148,-0.00016,0.99000,0.12684,0.89440,0.04601,0.99000,-0.12645,0.90243,0.05608,0.99000
5,0.5000,bend,0.19635,-0.48666,-0.12174,0.99000,-0.19890,-0.48952,-0.12835,0.99000,0.23226,-0.19360,-0.04846,0.99000,-0.22812,-0.18953,-0.04939,0.99000,0.21612,0.06830,0.02257,0.99000,-0.22362,0.06600,0.01951,0.99000,0.12524,0.00081,0.00269,0.99000,-0.12490,-0.00112,-0.00228,0.99000,0.12937,0.45583,0.00107,0.99000,-0.12050,0.45009,-0.00410,0.99000,0.13344,0.89485,0.05304,0.99000,-0.12588,0.90084,0.06272,0.99000
5,0.5500,bend,0.20396,-0.47643,-0.14984,0.99000,-0.19886,-0.47575,-0.15274,0.99000,0.23192,-0.19040,-0.06535,0.99000,-0.22958,-0.18616,-0.05345,0.99000,0.21638,0.06214,0.01992,0.99000,-0.21319,0.06715,0.01937,0.99000,0.12714,0.00797,-0.00317,0.99000,-0.14024,0.00371,-0.00495,0.99000,0.13026,0.45551,-0.00143,0.99000,-0.12780,0.44510,-0.00247,0.99000,0.12761,0.89374,0.06188,0.99000,-0.12339,0.89036,0.06258,0.99000
5,0.6000,bend,0.20235,-0.47009,-0.16877,0.99000,-0.20500,-0.46697,-0.17531,0.99000,0.23406,-0.18520,-0.07236,0.99000,-0.22554,-0.19218,-0.07553,0.99000,0.21505,0.06901,0.02267,0.99000,-0.21980,0.06560,0.02853,0.99000,0.12699,0.00376,-0.00172,0.99000,-0.12353,-0.00318,-0.00221,0.99000,0.12345,0.44727,-0.00522,0.99000,-0.13034,0.45422,0.00431,0.99000,0.12725,0.89930,0.06862,0.99000,-0.12678,0.88693,0.06865,0.99000
5,0.6500,bend,0.20105,-0.45778,-0.19143,0.99000,-0.19709,-0.46142,-0.19793,0.99000,0.22828,-0.18646,-0.07778,0.99000,-0.23157,-0.18242,-0.07811,0.99000,0.22420,0.05770,0.02342,0.99000,-0.22265,0.05930,0.02653,0.99000,0.12394,0.00110,-0.00378,0.99000,-0.12841,0.00364,0.00444,0.99000,0.12636,0.45294,-0.00179,0.99000,-0.12213,0.45075,0.00120,0.99000,0.13096,0.89024,0.07630,0.99000,-0.12389,0.89425,0.07422,0.99000
5,0.7000,bend,0.20246,-0.45587,-0.21500,0.99000,-0.19570,-0.45201,-0.21574,0.99000,0.22861,-0.18082,-0.08552,0.99000,-0.23343,-0.18463,-0.08459,0.99000,0.21946,0.05924,0.02960,0.99000,-0.21485,0.06618,0.03494,0.99000,0.12609,-0.00166,0.00245,0.99000,-0.13156,-0.00477,0.00172,0.99000,0.13033,0.44906,0.00098,0.99000,-0.12281,0.44931,0.00202,0.99000,0.12141,0.88579,0.07267,0.99000,-0.12344,0.88789,0.07414,0.99000
5,0.7500,bend,0.19451,-0.44209,-0.23435,0.99000,-0.19673,-0.43450,-0.23574,0.99000,0.22642,-0.17667,-0.09818,0.99000,-0.23378,-0.18381,-0.09282,0.99000,0.21730,0.06115,0.02506,0.99000,-0.21820,0.06127,0.02737,0.99000,0.12932,0.00125,0.00370,0.99000,-0.11994,0.00370,-0.00298,0.99000,0.12572,0.44913,0.00215,0.99000,-0.11602,0.45087,-0.00555,0.99000,0.12346,0.89134,0.09086,0.99000,-0.12537,0.88640,0.08559,0.99000
5,0.8000,bend,0.20525,-0.43301,-0.26007,0.99000,-0.20923,-0.43145,-0.25770,0.99000,0.22835,-0.17556,-0.10157,0.99000,-0.23173,-0.18030,-0.10224,0.99000,0.21617,0.05902,0.04161,0.99000,-0.21771,0.05344,0.03100,0.99000,0.12272,-0.00061,-0.00132,0.99000,-0.12600,0.00347,0.00376,0.99000,0.12240,0.44976,-0.00443,0.99000,-0.12226,0.44773,-0.00681,0.99000,0.12360,0.88430,0.08791,0.99000,-0.12211,0.89188,0.08770,0.99000
5,0.8500,bend,0.20014,-0.41994,-0.27271,0.99000,-0.19686,-0.41652,-0.27240,0.99000,0.22259,-0.16955,-0.10932,0.99000,-0.23707,-0.16466,-0.11512,0.99000,0.22028,0.06124,0.03510,0.99000,-0.22216,0.05396,0.03309,0.99000,0.12423,-0.00685,0.00247,0.99000,-0.11903,-0.00100,-0.00058,0.99000,0.12323,0.44827,-0.00659,0.99000,-0.12497,0.44724,-0.00423,0.99000,0.12359,0.88847,0.09683,0.99000,-0.12781,0.89262,0.09499,0.99000
5,0.9000,bend,0.20656,-0.40931,-0.29875,0.99000,-0.19973,-0.40763,-0.29257,0.99000,0.23213,-0.16202,-0.11769,0.99000,-0.22691,-0.16074,-0.11160,0.99000,0.22074,0.05297,0.04597,0.99000,-0.21616,0.06225,0.03670,0.99000,0.12798,0.00485,-0.00242,0.99000,-0.12116,0.00519,0.00076,0.99000,0.12998,0.44879,-0.00023,0.99000,-0.13235,0.45032,0.00388,0.99000,0.12538,0.88494,0.10165,0.99000,-0.13513,0.89541,0.10252,0.99000
5,0.9500,bend,0.20676,-0.39372,-0.30748,0.99000,-0.19330,-0.39329,-0.30762,0.99000,0.23097,-0.15833,-0.11885,0.99000,-0.22216,-0.15874,-0.12394,0.99000,0.22412,0.05305,0.03976,0.99000,-0.21989,0.05311,0.03991,0.99000,0.12220,-0.00046,-0.00421,0.99000,-0.12510,-0.00189,0.00277,0.99000,0.12422,0.45038,-0.00157,0.99000,-0.12786,0.44348,-0.00333,0.99000,0.12451,0.88155,0.10573,0.99000,-0.11641,0.88553,0.10407,0.99000
5,1.0000,bend,0.19645,-0.37879,-0.32328,0.99000,-0.20531,-0.38331,-0.31937,0.99000,0.23347,-0.15215,-0.13890,0.99000,-0.23786,-0.15665,-0.13199,0.99000,0.22228,0.04821,0.04322,0.99000,-0.21778,0.05533,0.04194,0.99000,0.12896,-0.00126,0.00184,0.99000,-0.12344,-0.01331,0.00568,0.99000,0.12366,0.45518,-0.00383,0.99000,-0.12747,0.44793,0.00219,0.99000,0.12685,0.88745,0.11560,0.99000,-0.12705,0.89023,0.10696,0.99000
5,1.0500,bend,0.20353,-0.36680,-0.34432,0.99000,-0.20233,-0.37111,-0.33289,0.99000,0.23315,-0.14369,-0.14165,0.99000,-0.23220,-0.14674,-0.14008,0.99000,0.22050,0.05184,0.04364,0.99000,-0.22552,0.05062,0.05092,0.99000,0.12201,-0.00614,0.00077,0.99000,-0.12119,-0.00100,0.00003,0.99000,0.13100,0.45439,0.00647,0.99000,-0.12072,0.45562,0.00095,0.99000,0.13320,0.87910,0.11476,0.99000,-0.12724,0.88299,0.12710,0.99000
5,1.1000,bend,0.19884,-0.35487,-0.35272,0.99000,-0.19525,-0.35334,-0.35122,0.99000,0.22811,-0.14875,-0.14065,0.99000,-0.22986,-0.14368,-0.14739,0.99000,0.22162,0.05049,0.04524,0.99000,-0.21921,0.04551,0.04857,0.99000,0.11726,-0.00385,0.00416,0.99000,-0.12931,-0.00441,0.00019,0.99000,0.12642,0.45689,0.00342,0.99000,-0.11569,0.45122,-0.00275,0.99000,0.12905,0.88178,0.12358,0.99000,-0.12555,0.88080,0.12487,0.99000
5,1.1500,bend,0.20107,-0.35304,-0.35663,0.99000,-0.20248,-0.35184,-0.35656,0.99000,0.22669,-0.13894,-0.14544,0.99000,-0.23309,-0.14194,-0.14684,0.99000,0.22323,0.04010,0.04975,0.99000,-0.21983,0.04527,0.04546,0.99000,0.12862,0.00190,0.00368,0.99000,-0.12527,0.00131,0.00125,0.99000,0.11966,0.45355,0.00804,0.99000,-0.12076,0.45469,-0.00569,0.99000,0.12785,0.89184,0.12446,0.99000,-0.12402,0.88093,0.13092,0.99000
5,1.2000,bend,0.20282,-0.34370,-0.36836,0.99000,-0.19357,-0.34103,-0.36041,0.99000,0.23264,-0.13912,-0.15357,0.99000,-0.23759,-0.14455,-0.14611,0.99000,0.21994,0.04704,0.05206,0.99000,-0.21113,0.04703,0.04472,0.99000,0.11861,0.00508,-0.00070,0.99000,-0.12650,0.00234,0.00062,0.99000,0.12237,0.44621,-0.00269,0.99000,-0.12225,0.44960,0.00114,0.99000,0.12096,0.88553,0.13301,0.99000,-0.12261,0.88302,0.12125,0.99000
5,1.2500,bend,0.20328,-0.32976,-0.37200,0.99000,-0.20326,-0.32911,-0.38021,0.99000,0.22867,-0.13488,-0.15480,0.99000,-0.23066,-0.13449,-0.15615,0.99000,0.22325,0.04796,0.05202,0.99000,-0.21936,0.04280,0.04807,0.99000,0.13114,-0.00599,0.00197,0.99000,-0.12922,-0.00092,-0.00284,0.99000,0.12836,0.44445,0.00157,0.99000,-0.12675,0.45119,0.00122,0.99000,0.12854,0.87686,0.13099,0.99000,-0.12482,0.88807,0.13193,0.99000
5,1.3000,bend,0.19929,-0.32238,-0.37657,0.99000,-0.19465,-0.32323,-0.39017,0.99000,0.21949,-0.12874,-0.14843,0.99000,-0.22468,-0.13082,-0.15228,0.99000,0.22137,0.03844,0.05088,0.99000,-0.21717,0.03895,0.05186,0.99000,0.12588,0.00260,0.00744,0.99000,-0.12351,-0.00024,-0.00578,0.99000,0.13064,0.44076,0.00049,0.99000,-0.12323,0.44864,0.00616,0.99000,0.12556,0.87805,0.13551,0.99000,-0.12350,0.88544,0.12920,0.99000
5,1.3500,bend,0.20184,-0.31811,-0.38493,0.99000,-0.20212,-0.32417,-0.38358,0.99000,0.22540,-0.13043,-0.15400,0.99000,-0.22642,-0.12638,-0.15846,0.99000,0.21687,0.03704,0.04488,0.99000,-0.21655,0.04634,0.05395,0.99000,0.12292,0.00629,-0.00456,0.99000,-0.12391,0.00220,-0.00171,0.99000,0.12534,0.44891,-0.00478,0.99000,-0.12522,0.45279,-0.00150,0.99000,0.12501,0.87878,0.13539,0.99000,-0.12430,0.87984,0.12940,0.99000
5,1.4000,bend,0.19898,-0.31854,-0.38688,0.99000,-0.20427,-0.32653,-0.38620,0.99000,0.22396,-0.12333,-0.15580,0.99000,-0.23659,-0.13690,-0.15329,0.99000,0.21045,0.05069,0.04392,0.99000,-0.21860,0.04539,0.05135,0.99000,0.13103,0.00367,0.00099,0.99000,-0.12956,0.00133,-0.00034,0.99000,0.12623,0.45282,-0.00435,0.99000,-0.12846,0.44711,0.00113,0.99000,0.12536,0.87423,0.13170,0.99000,-0.12280,0.88351,0.13156,0.99000
5,1.4500,bend,0.19344,-0.32365,-0.38582,0.99000,-0.20145,-0.32530,-0.37823,0.99000,0.22808,-0.13054,-0.15346,0.99000,-0.22640,-0.12617,-0.15189,0.99000,0.21667,0.04307,0.05215,0.99000,-0.21490,0.04320,0.05029,0.99000,0.12534,0.00438,-0.00687,0.99000,-0.12319,-0.00121,-0.00225,0.99000,0.12839,0.44654,0.00058,0.99000,-0.12765,0.44439,-0.00539,0.99000,0.12935,0.87886,0.12987,0.99000,-0.12362,0.87589,0.12777,0.99000
5,1.5000,bend,0.20252,-0.31453,-0.38502,0.99000,-0.20478,-0.32960,-0.38302,0.99000,0.22947,-0.13109,-0.15605,0.99000,-0.23499,-0.12890,-0.15027,0.99000,0.21359,0.04249,0.04797,0.99000,-0.21591,0.04572,0.05565,0.99000,0.12838,-0.00090,0.00588,0.99000,-0.11993,-0.00002,0.00798,0.99000,0.11319,0.44896,-0.00134,0.99000,-0.12046,0.44304,-0.00045,0.99000,0.13303,0.87330,0.13752,0.99000,-0.12875,0.87234,0.13683,0.99000
5,1.5500,bend,0.20287,-0.32726,-0.37761,0.99000,-0.20343,-0.32280,-0.37153,0.99000,0.23150,-0.12985,-0.15340,0.99000,-0.23364,-0.13084,-0.15674,0.99000,0.21734,0.04135,0.04837,0.99000,-0.21679,0.04366,0.05416,0.99000,0.11428,-0.00381,0.00154,0.99000,-0.12317,0.00401,-0.00226,0.99000,0.12211,0.44823,0.00079,0.99000,-0.12235,0.44804,0.00695,0.99000,0.11821,0.88310,0.13624,0.99000,-0.12314,0.88281,0.13046,0.99000
5,1.6000,bend,0.20474,-0.32352,-0.39070,0.99000,-0.20288,-0.32727,-0.38301,0.99000,0.22578,-0.13330,-0.15128,0.99000,-0.23509,-0.12479,-0.15644,0.99000,0.21960,0.04970,0.05391,0.99000,-0.22122,0.03861,0.04970,0.99000,0.12780,0.00089,-0.00316,0.99000,-0.13190,0.00200,-0.00157,0.99000,0.13031,0.44833,0.00032,0.99000,-0.12909,0.45209,0.00158,0.99000,0.12867,0.88062,0.13567,0.99000,-0.12158,0.88273,0.13456,0.99000
5,1.6500,bend,0.19991,-0.32565,-0.37726,0.99000,-0.19475,-0.32609,-0.38154,0.99000,0.22915,-0.12837,-0.15579,0.99000,-0.22627,-0.12637,-0.15821,0.99000,0.21965,0.05238,0.05762,0.99000,-0.21991,0.04687,0.05339,0.99000,0.12330,-0.00166,-0.00076,0.99000,-0.12477,-0.00364,-0.00121,0.99000,0.12371,0.45272,-0.00601,0.99000,-0.11255,0.44518,-0.00336,0.99000,0.12570,0.88199,0.12993,0.99000,-0.13100,0.87581,0.13242,0.99000
5,1.7000,bend,0.19784,-0.31959,-0.38778,0.99000,-0.20608,-0.31831,-0.37923,0.99000,0.22826,-0.13285,-0.15481,0.99000,-0.22960,-0.12975,-0.15567,0.99000,0.22261,0.04761,0.05283,0.99000,-0.21845,0.04279,0.05466,0.99000,0.12562,-0.00836,-0.00137,0.99000,-0.12664,0.00256,0.00544,0.99000,0.12019,0.45341,-0.00046,0.99000,-0.12547,0.44895,-0.00010,0.99000,0.12734,0.89073,0.13028,0.99000,-0.12293,0.87415,0.12858,0.99000
5,1.7500,bend,0.20688,-0.32305,-0.38166,0.99000,-0.20151,-0.32884,-0.38929,0.99000,0.22514,-0.12344,-0.15175,0.99000,-0.23341,-0.12884,-0.15722,0.99000,0.22173,0.04504,0.05344,0.99000,-0.22312,0.04149,0.05213,0.99000,0.12450,0.00614,-0.00378,0.99000,-0.12758,0.00086,0.00673,0.99000,0.12672,0.44814,0.00703,0.99000,-0.11971,0.45626,-0.00128,0.99000,0.12632,0.87508,0.12990,0.99000,-0.12839,0.87953,0.13977,0.99000
5,1.8000,bend,0.19710,-0.32600,-0.38139,0.99000,-0.20053,-0.32684,-0.37741,0.99000,0.23132,-0.13150,-0.15288,0.99000,-0.22946,-0.13056,-0.15700,0.99000,0.21879,0.04755,0.06073,0.99000,-0.21817,0.04394,0.04944,0.99000,0.12608,-0.00579,0.00333,0.99000,-0.12340,-0.00170,0.00099,0.99000,0.12661,0.45122,0.00389,0.99000,-0.12292,0.44825,-0.00446,0.99000,0.11655,0.88210,0.13585,0.99000,-0.12085,0.88279,0.13204,0.99000
5,1.8500,bend,0.20053,-0.32350,-0.37928,0.99000,-0.20508,-0.31783,-0.37305,0.99000,0.23250,-0.12067,-0.14693,0.99000,-0.22780,-0.13808,-0.16245,0.99000,0.21909,0.04062,0.05449,0.99000,-0.21642,0.04073,0.05562,0.99000,0.12324,-0.00062,-0.00384,0.99000,-0.11938,0.00051,0.00168,0.99000,0.13094,0.44906,0.00138,0.99000,-0.12468,0.45277,-0.00114,0.99000,0.12960,0.87446,0.14240,0.99000,-0.12767,0.87531,0.13101,0.99000
5,1.9000,bend,0.19230,-0.32090,-0.38071,0.99000,-0.20353,-0.32535,-0.38124,0.99000,0.23616,-0.14051,-0.14542,0.99000,-0.23554,-0.12764,-0.14752,0.99000,0.22164,0.03945,0.05272,0.99000,-0.22221,0.04082,0.05500,0.99000,0.12442,-0.00094,-0.00198,0.99000,-0.12275,0.00010,-0.00522,0.99000,0.12532,0.45110,0.00216,0.99000,-0.12188,0.45205,0.00090,0.99000,0.11855,0.88123,0.13476,0.99000,-0.12427,0.87624,0.13288,0.99000
5,1.9500,bend,0.20062,-0.31579,-0.37633,0.99000,-0.20326,-0.31991,-0.37725,0.99000,0.23209,-0.12657,-0.14886,0.99000,-0.23077,-0.12455,-0.15640,0.99000,0.21905,0.04690,0.05710,0.99000,-0.22053,0.04564,0.05526,0.99000,0.12596,-0.00565,-0.00108,0.99000,-0.12076,0.00548,-0.00283,0.99000,0.11780,0.45355,0.00913,0.99000,-0.12418,0.44864,0.00207,0.99000,0.12764,0.87596,0.12925,0.99000,-0.12814,0.87423,0.13863,0.99000
5,2.0000,bend,0.20082,-0.32367,-0.37916,0.99000,-0.19684,-0.32320,-0.38081,0.99000,0.23397,-0.12923,-0.15783,0.99000,-0.22483,-0.12779,-0.15099,0.99000,0.22099,0.04402,0.04777,0.99000,-0.21978,0.03718,0.05572,0.99000,0.12276,-0.00427,-0.00402,0.99000,-0.12897,-0.00155,0.00057,0.99000,0.11857,0.44655,-0.00414,0.99000,-0.12509,0.44574,-0.00484,0.99000,0.12952,0.87612,0.14028,0.99000,-0.12381,0.87976,0.13804,0.99000
5,2.0500,bend,0.20260,-0.31963,-0.38485,0.99000,-0.20035,-0.31983,-0.37624,0.99000,0.23603,-0.13159,-0.15767,0.99000,-0.22960,-0.13385,-0.15318,0.99000,0.22405,0.03988,0.04493,0.99000,-0.21973,0.04066,0.05744,0.99000,0.12892,0.00682,0.00174,0.99000,-0.12775,-0.00233,0.00256,0.99000,0.12397,0.44885,0.00210,0.99000,-0.12385,0.44717,-0.00068,0.99000,0.12367,0.88126,0.13060,0.99000,-0.12645,0.87806,0.13830,0.99000
5,2.1000,bend,0.20447,-0.32291,-0.38174,0.99000,-0.20422,-0.31732,-0.38282,0.99000,0.23465,-0.13145,-0.15621,0.99000,-0.23192,-0.13063,-0.15015,0.99000,0.21381,0.04713,0.05527,0.99000,-0.20946,0.04604,0.05264,0.99000,0.12737,-0.00493,-0.00009,0.99000,-0.12758,-0.00206,-0.00273,0.99000,0.11801,0.44548,-0.00379,0.99000,-0.12254,0.45393,-0.00395,0.99000,0.11894,0.87925,0.13052,0.99000,-0.12255,0.87851,0.13408,0.99000
5,2.1500,bend,0.19994,-0.32241,-0.37833,0.99000,-0.19568,-0.32081,-0.37778,0.99000,0.22477,-0.12561,-0.15968,0.99000,-0.23029,-0.12215,-0.14735,0.99000,0.22054,0.03956,0.04716,0.99000,-0.21319,0.04105,0.05107,0.99000,0.12683,-0.00346,0.00157,0.99000,-0.12508,-0.00506,-0.00346,0.99000,0.12281,0.44551,-0.00068,0.99000,-0.12425,0.44046,0.00508,0.99000,0.11755,0.87541,0.12745,0.99000,-0.11938,0.87887,0.12871,0.99000
5,2.2000,bend,0.20272,-0.32656,-0.38203,0.99000,-0.20507,-0.32367,-0.37917,0.99000,0.23227,-0.14014,-0.14838,0.99000,-0.23532,-0.12788,-0.14974,0.99000,0.21567,0.04129,0.05550,0.99000,-0.22221,0.04472,0.04909,0.99000,0.11667,0.00328,-0.00060,0.99000,-0.12701,-0.00090,-0.00012,0.99000,0.12290,0.44816,0.00318,0.99000,-0.12528,0.45209,0.00052,0.99000,0.12371,0.87831,0.13202,0.99000,-0.13020,0.87570,0.14100,0.99000
5,2.2500,bend,0.20367,-0.31760,-0.37870,0.99000,-0.20336,-0.32647,-0.38090,0.99000,0.23189,-0.12206,-0.16002,0.99000,-0.24063,-0.12947,-0.14967,0.99000,0.22363,0.04271,0.05187,0.99000,-0.22257,0.04112,0.04643,0.99000,0.12761,0.00059,0.00450,0.99000,-0.12458,0.00408,-0.00165,0.99000,0.12881,0.44313,0.00515,0.99000,-0.13245,0.45399,0.00632,0.99000,0.12543,0.88267,0.12104,0.99000,-0.12959,0.88359,0.12986,0.99000
5,2.3000,bend,0.19975,-0.32257,-0.38120,0.99000,-0.19733,-0.32451,-0.38076,0.99000,0.22829,-0.13246,-0.14771,0.99000,-0.22449,-0.12954,-0.14865,0.99000,0.21769,0.04891,0.04729,0.99000,-0.22394,0.04709,0.05354,0.99000,0.13196,0.00693,0.00542,0.99000,-0.12154,-0.00165,0.01008,0.99000,0.12578,0.45698,-0.00364,0.99000,-0.12444,0.44603,-0.00003,0.99000,0.12805,0.88225,0.14002,0.99000,-0.13291,0.88384,0.13108,0.99000
5,2.3500,bend,0.19421,-0.32594,-0.37968,0.99000,-0.20442,-0.32246,-0.38338,0.99000,0.22687,-0.13310,-0.15802,0.99000,-0.22800,-0.12853,-0.16180,0.99000,0.21833,0.04429,0.04137,0.99000,-0.21761,0.04151,0.04505,0.99000,0.12046,0.00179,0.00499,0.99000,-0.12852,-0.00097,0.00126,0.99000,0.12472,0.44890,0.00680,0.99000,-0.11536,0.45281,-0.00392,0.99000,0.12588,0.88959,0.13010,0.99000,-0.12266,0.89125,0.13405,0.99000
5,2.4000,bend,0.19552,-0.32103,-0.37660,0.99000,-0.20930,-0.31966,-0.37724,0.99000,0.23180,-0.13228,-0.14577,0.99000,-0.22945,-0.13359,-0.15616,0.99000,0.22385,0.04566,0.05673,0.99000,-0.21263,0.04726,0.06058,0.99000,0.13037,-0.00426,-0.00344,0.99000,-0.12655,0.00468,-0.00222,0.99000,0.13246,0.44893,0.00187,0.99000,-0.12338,0.45297,-0.00498,0.99000,0.12735,0.88006,0.13098,0.99000,-0.12542,0.88068,0.13179,0.99000
5,2.4500,bend,0.19441,-0.32596,-0.38279,0.99000,-0.19880,-0.32257,-0.37599,0.99000,0.22627,-0.12623,-0.15159,0.99000,-0.23331,-0.13316,-0.15309,0.99000,0.22007,0.04379,0.04943,0.99000,-0.21905,0.04985,0.05312,0.99000,0.12773,-0.00445,0.00037,0.99000,-0.12930,-0.00335,0.00113,0.99000,0.12602,0.43984,-0.00382,0.99000,-0.12702,0.44878,0.00390,0.99000,0.13225,0.88380,0.13362,0.99000,-0.12724,0.88140,0.13609,0.99000
5,2.5000,bend,0.19982,-0.32379,-0.37843,0.99000,-0.20163,-0.31797,-0.38202,0.99000,0.23092,-0.13053,-0.15694,0.99000,-0.23378,-0.13307,-0.15624,0.99000,0.21755,0.05051,0.05254,0.99000,-0.21718,0.03466,0.05844,0.99000,0.12573,0.00008,-0.00359,0.99000,-0.13053,0.00239,-0.00238,0.99000,0.13235,0.44753,0.00104,0.99000,-0.13382,0.45842,0.00745,0.99000,0.12812,0.87671,0.12704,0.99000,-0.13252,0.87579,0.13569,0.99000
5,2.5500,bend,0.20191,-0.32975,-0.37524,0.99000,-0.20413,-0.32355,-0.39015,0.99000,0.22928,-0.12809,-0.15295,0.99000,-0.23305,-0.13062,-0.15586,0.99000,0.21609,0.04092,0.05294,0.99000,-0.22329,0.04096,0.05050,0.99000,0.13039,0.00442,0.00096,0.99000,-0.12474,0.00446,0.00415,0.99000,0.12663,0.45868,-0.00690,0.99000,-0.12554,0.44395,0.00614,0.99000,0.12523,0.88359,0.12760,0.99000,-0.12042,0.88269,0.13810,0.99000
5,2.6000,bend,0.19723,-0.32886,-0.38161,0.99000,-0.20680,-0.32294,-0.36795,0.99000,0.23029,-0.12534,-0.14935,0.99000,-0.22869,-0.13097,-0.15479,0.99000,0.21997,0.03826,0.04774,0.99000,-0.22358,0.04294,0.05520,0.99000,0.13230,-0.00489,0.00109,0.99000,-0.12260,0.00840,-0.00074,0.99000,0.11527,0.45152,0.00351,0.99000,-0.12548,0.45280,0.00493,0.99000,0.12378,0.87652,0.12979,0.99000,-0.12423,0.87769,0.12998,0.99000
5,2.6500,bend,0.20284,-0.32466,-0.38330,0.99000,-0.19850,-0.32819,-0.37957,0.99000,0.22816,-0.13374,-0.14158,0.99000,-0.23643,-0.13812,-0.14883,0.99000,0.21352,0.04240,0.05065,0.99000,-0.22525,0.04497,0.05481,0.99000,0.12235,-0.00340,-0.00157,0.99000,-0.12242,-0.00027,-0.00138,0.99000,0.12111,0.45080,-0.00007,0.99000,-0.12314,0.44815,0.00484,0.99000,0.12871,0.88280,0.13737,0.99000,-0.12245,0.88093,0.12755,0.99000
5,2.7000,bend,0.20193,-0.32803,-0.37482,0.99000,-0.19942,-0.33749,-0.37207,0.99000,0.23134,-0.13679,-0.14297,0.99000,-0.22127,-0.13483,-0.14581,0.99000,0.21998,0.04034,0.04818,0.99000,-0.22728,0.04488,0.04489,0.99000,0.12436,-0.00233,0.00521,0.99000,-0.12376,0.00189,-0.00102,0.99000,0.12982,0.45109,0.00129,0.99000,-0.12777,0.45220,0.00571,0.99000,0.12442,0.87299,0.12998,0.99000,-0.13417,0.88174,0.13354,0.99000
5,2.7500,bend,0.20737,-0.33640,-0.36932,0.99000,-0.20059,-0.33378,-0.36795,0.99000,0.24236,-0.13020,-0.15212,0.99000,-0.22926,-0.13973,-0.14665,0.99000,0.21700,0.04661,0.05343,0.99000,-0.21460,0.04515,0.04621,0.99000,0.11828,-0.00503,0.00564,0.99000,-0.13092,0.00774,-0.00143,0.99000,0.12288,0.44852,0.00452,0.99000,-0.12292,0.44773,-0.00251,0.99000,0.12175,0.87643,0.12959,0.99000,-0.12196,0.88385,0.12833,0.99000
5,2.8000,bend,0.20330,-0.34215,-0.36213,0.99000,-0.19633,-0.34540,-0.35839,0.99000,0.23163,-0.14067,-0.15271,0.99000,-0.22730,-0.13745,-0.14256,0.99000,0.22044,0.04025,0.04440,0.99000,-0.22833,0.04963,0.04625,0.99000,0.11906,0.00383,-0.00473,0.99000,-0.12505,0.00115,0.00280,0.99000,0.12863,0.45251,0.00098,0.99000,-0.13172,0.45028,0.00490,0.99000,0.11451,0.88141,0.12936,0.99000,-0.12575,0.87190,0.11529,0.99000
5,2.8500,bend,0.20303,-0.35361,-0.34908,0.99000,-0.20652,-0.36582,-0.35420,0.99000,0.22481,-0.14168,-0.14373,0.99000,-0.23649,-0.14297,-0.14837,0.99000,0.21476,0.05098,0.03895,0.99000,-0.21930,0.04326,0.05090,0.99000,0.12355,-0.00394,0.00128,0.99000,-0.12051,0.00478,-0.00151,0.99000,0.12701,0.45341,0.00468,0.99000,-0.12107,0.45487,0.00055,0.99000,0.12758,0.88664,0.12424,0.99000,-0.12586,0.88895,0.12487,0.99000
5,2.9000,bend,0.19965,-0.37144,-0.32452,0.99000,-0.20456,-0.36916,-0.34138,0.99000,0.22583,-0.14945,-0.13397,0.99000,-0.22669,-0.14637,-0.13622,0.99000,0.23065,0.05263,0.05204,0.99000,-0.21195,0.05295,0.05137,0.99000,0.13479,0.00577,0.00299,0.99000,-0.11853,0.00194,0.00409,0.99000,0.12043,0.44408,-0.00970,0.99000,-0.12241,0.44763,0.00340,0.99000,0.12349,0.89572,0.11640,0.99000,-0.12736,0.88335,0.11949,0.99000
5,2.9500,bend,0.20048,-0.38197,-0.32918,0.99000,-0.20013,-0.38094,-0.32752,0.99000,0.23183,-0.15515,-0.12983,0.99000,-0.22803,-0.15730,-0.12715,0.99000,0.21826,0.04771,0.04222,0.99000,-0.22303,0.04882,0.04160,0.99000,0.13244,-0.00738,-0.00222,0.99000,-0.12133,0.00161,0.00465,0.99000,0.12907,0.45670,0.00033,0.99000,-0.11443,0.44934,0.00266,0.99000,0.12448,0.88640,0.11040,0.99000,-0.11832,0.87809,0.10778,0.99000
5,3.0000,bend,0.20143,-0.39531,-0.31348,0.99000,-0.19783,-0.39185,-0.30162,0.99000,0.22321,-0.16644,-0.12216,0.99000,-0.23163,-0.16236,-0.12485,0.99000,0.21399,0.05455,0.04063,0.99000,-0.21897,0.06024,0.04808,0.99000,0.12608,0.00181,-0.00334,0.99000,-0.12275,0.00065,-0.00429,0.99000,0.12242,0.45455,-0.00350,0.99000,-0.12417,0.44981,-0.00327,0.99000,0.13194,0.88582,0.11099,0.99000,-0.12681,0.89183,0.11308,0.99000
5,3.0500,bend,0.20365,-0.41235,-0.29020,0.99000,-0.20296,-0.40813,-0.29626,0.99000,0.23114,-0.16675,-0.12090,0.99000,-0.23162,-0.16148,-0.11910,0.99000,0.21982,0.05957,0.03817,0.99000,-0.21040,0.05713,0.04416,0.99000,0.12643,0.00478,0.00208,0.99000,-0.12838,-0.00240,0.00724,0.99000,0.12747,0.45251,-0.00198,0.99000,-0.12455,0.44776,0.00641,0.99000,0.12605,0.89202,0.10582,0.99000,-0.13081,0.88770,0.10321,0.99000
5,3.1000,bend,0.20512,-0.41761,-0.28041,0.99000,-0.19676,-0.41649,-0.27428,0.99000,0.22699,-0.16847,-0.10183,0.99000,-0.23035,-0.17316,-0.10514,0.99000,0.22050,0.05722,0.03810,0.99000,-0.21119,0.05802,0.03653,0.99000,0.12556,-0.00134,0.00566,0.99000,-0.11853,-0.00186,-0.00188,0.99000,0.12449,0.45169,-0.00174,0.99000,-0.12541,0.45587,-0.00147,0.99000,0.12011,0.88751,0.10181,0.99000,-0.12219,0.88780,0.09569,0.99000
5,3.1500,bend,0.20667,-0.43131,-0.25653,0.99000,-0.20019,-0.43535,-0.25510,0.99000,0.22679,-0.16858,-0.10170,0.99000,-0.23345,-0.17279,-0.11018,0.99000,0.21631,0.06177,0.03832,0.99000,-0.21482,0.06337,0.03374,0.99000,0.12571,0.00313,0.00992,0.99000,-0.12480,0.00525,0.00220,0.99000,0.12883,0.45562,0.00284,0.99000,-0.12048,0.45602,0.00009,0.99000,0.12548,0.88331,0.09766,0.99000,-0.13332,0.88753,0.09600,0.99000
5,3.2000,bend,0.19620,-0.44026,-0.23201,0.99000,-0.19669,-0.44718,-0.23836,0.99000,0.23364,-0.18501,-0.09019,0.99000,-0.23361,-0.18442,-0.09441,0.99000,0.21661,0.06262,0.02643,0.99000,-0.21480,0.05663,0.03776,0.99000,0.12910,0.00586,-0.00623,0.99000,-0.12867,0.00020,0.00113,0.99000,0.12420,0.45094,0.00277,0.99000,-0.11703,0.44810,-0.00371,0.99000,0.11523,0.89813,0.08475,0.99000,-0.12291,0.89058,0.08937,0.99000
5,3.2500,bend,0.21067,-0.45270,-0.21503,0.99000,-0.20300,-0.44829,-0.21452,0.99000,0.22801,-0.18175,-0.08418,0.99000,-0.22645,-0.18288,-0.08679,0.99000,0.21509,0.06401,0.02527,0.99000,-0.20930,0.06774,0.02663,0.99000,0.12364,0.00834,0.00170,0.99000,-0.12443,-0.00063,0.00344,0.99000,0.12028,0.44949,0.00184,0.99000,-0.11832,0.45278,0.00596,0.99000,0.12010,0.88933,0.07538,0.99000,-0.11993,0.89333,0.08133,0.99000
5,3.3000,bend,0.19931,-0.46409,-0.18724,0.99000,-0.19949,-0.46047,-0.18858,0.99000,0.23490,-0.18670,-0.07868,0.99000,-0.22868,-0.18091,-0.07899,0.99000,0.22278,0.06165,0.02894,0.99000,-0.22577,0.06150,0.03343,0.99000,0.12516,-0.00607,0.00010,0.99000,-0.13058,0.00066,0.00201,0.99000,0.13252,0.44608,0.00291,0.99000,-0.12729,0.45003,0.00036,0.99000,0.12323,0.89447,0.07786,0.99000,-0.12735,0.88967,0.07361,0.99000
5,3.3500,bend,0.20793,-0.47090,-0.16713,0.99000,-0.20539,-0.47335,-0.17232,0.99000,0.23398,-0.19432,-0.06993,0.99000,-0.23264,-0.18924,-0.06384,0.99000,0.22133,0.06187,0.03045,0.99000,-0.21794,0.06817,0.02319,0.99000,0.13428,-0.00582,-0.00095,0.99000,-0.12688,0.00167,0.00499,0.99000,0.13208,0.44893,-0.00546,0.99000,-0.12555,0.45196,0.00280,0.99000,0.12288,0.90375,0.07146,0.99000,-0.12953,0.90093,0.07746,0.99000
5,3.4000,bend,0.20010,-0.47761,-0.14550,0.99000,-0.19670,-0.48144,-0.14685,0.99000,0.23330,-0.18896,-0.06264,0.99000,-0.22689,-0.19798,-0.05779,0.99000,0.22269,0.06300,0.02394,0.99000,-0.22009,0.05977,0.02017,0.99000,0.11549,-0.00811,-0.00087,0.99000,-0.12874,-0.00555,-0.00159,0.99000,0.13157,0.45121,-0.00301,0.99000,-0.13384,0.45459,0.00593,0.99000,0.12414,0.88844,0.06426,0.99000,-0.12023,0.89648,0.05737,0.99000
5,3.4500,bend,0.20002,-0.48497,-0.13176,0.99000,-0.20354,-0.47982,-0.12591,0.99000,0.23069,-0.18861,-0.05226,0.99000,-0.22782,-0.19444,-0.04735,0.99000,0.21736,0.06828,0.01729,0.99000,-0.21623,0.07201,0.01784,0.99000,0.12386,0.00078,0.00071,0.99000,-0.12032,-0.00786,0.00098,0.99000,0.12401,0.44816,0.00163,0.99000,-0.12547,0.44962,-0.00381,0.99000,0.12602,0.89801,0.06295,0.99000,-0.13097,0.89491,0.05653,0.99000
5,3.5000,bend,0.19910,-0.48978,-0.10840,0.99000,-0.20015,-0.48927,-0.10083,0.99000,0.22144,-0.19387,-0.04287,0.99000,-0.23322,-0.20088,-0.04101,0.99000,0.21977,0.06721,0.00998,0.99000,-0.22610,0.06176,0.00954,0.99000,0.12383,-0.00047,0.00179,0.99000,-0.12122,0.00824,0.00293,0.99000,0.12670,0.45381,-0.00319,0.99000,-0.12789,0.44971,0.00143,0.99000,0.12813,0.89676,0.05105,0.99000,-0.12361,0.89971,0.04686,0.99000
5,3.5500,bend,0.20127,-0.50044,-0.09079,0.99000,-0.19657,-0.48901,-0.08857,0.99000,0.22707,-0.19637,-0.03269,0.99000,-0.22750,-0.20590,-0.03892,0.99000,0.22358,0.06848,0.01095,0.99000,-0.22409,0.07005,0.01852,0.99000,0.12699,0.00650,-0.00167,0.99000,-0.13008,-0.00481,-0.00013,0.99000,0.12103,0.45025,0.00389,0.99000,-0.12485,0.44260,-0.00095,0.99000,0.12197,0.90258,0.04243,0.99000,-0.11946,0.89775,0.04364,0.99000
5,3.6000,bend,0.19578,-0.49874,-0.06776,0.99000,-0.20130,-0.49518,-0.06984,0.99000,0.23426,-0.19868,-0.01963,0.99000,-0.22626,-0.20029,-0.02359,0.99000,0.22013,0.06485,0.01053,0.99000,-0.21124,0.06803,0.01593,0.99000,0.12467,0.00208,-0.00502,0.99000,-0.11990,0.00040,0.00281,0.99000,0.12752,0.44830,-0.00201,0.99000,-0.12634,0.44465,-0.00163,0.99000,0.12556,0.89721,0.03503,0.99000,-0.12370,0.89951,0.03960,0.99000
5,3.6500,bend,0.20326,-0.49552,-0.05063,0.99000,-0.19864,-0.49689,-0.05018,0.99000,0.22815,-0.19912,-0.02104,0.99000,-0.23037,-0.20220,-0.01970,0.99000,0.21852,0.06380,0.00764,0.99000,-0.21243,0.06385,0.00795,0.99000,0.12389,0.00208,0.00427,0.99000,-0.12107,0.00205,0.00180,0.99000,0.12311,0.45642,0.00048,0.99000,-0.13184,0.45160,0.01117,0.99000,0.12548,0.89245,0.03825,0.99000,-0.12480,0.90246,0.03743,0.99000
5,3.7000,bend,0.20031,-0.49752,-0.03050,0.99000,-0.20166,-0.50154,-0.03744,0.99000,0.22875,-0.20296,-0.01808,0.99000,-0.22822,-0.20236,-0.00901,0.99000,0.21506,0.07501,0.00941,0.99000,-0.22239,0.06776,0.01404,0.99000,0.12094,-0.00229,0.00051,0.99000,-0.12209,0.00576,0.00433,0.99000,0.12344,0.44610,-0.00304,0.99000,-0.12162,0.45787,-0.00181,0.99000,0.12475,0.90004,0.03507,0.99000,-0.12964,0.89893,0.03219,0.99000
5,3.7500,bend,0.20373,-0.50225,-0.02618,0.99000,-0.20447,-0.50022,-0.02145,0.99000,0.24079,-0.20580,-0.00663,0.99000,-0.23089,-0.20519,-0.01275,0.99000,0.22175,0.06720,0.00545,0.99000,-0.21199,0.07165,0.00700,0.99000,0.12295,-0.00173,0.00123,0.99000,-0.11791,-0.00288,-0.00241,0.99000,0.12078,0.44417,-0.00400,0.99000,-0.12895,0.44774,-0.00165,0.99000,0.12405,0.89685,0.03631,0.99000,-0.12222,0.89458,0.02698,0.99000
5,3.8000,bend,0.19513,-0.49778,-0.00946,0.99000,-0.19494,-0.49597,-0.01902,0.99000,0.22933,-0.20062,-0.00321,0.99000,-0.22851,-0.20311,-0.00905,0.99000,0.22354,0.06779,0.00259,0.99000,-0.22780,0.06094,-0.00081,0.99000,0.12924,-0.00361,0.00215,0.99000,-0.13208,-0.00442,-0.00375,0.99000,0.12432,0.45477,-0.00405,0.99000,-0.12785,0.44968,0.00208,0.99000,0.13075,0.89987,0.02799,0.99000,-0.12107,0.90062,0.02670,0.99000
5,3.8500,bend,0.20055,-0.50198,-0.01358,0.99000,-0.20574,-0.50405,-0.01906,0.99000,0.22631,-0.20344,-0.00229,0.99000,-0.23905,-0.20097,0.00170,0.99000,0.22044,0.07342,0.00106,0.99000,-0.22098,0.06896,-0.00010,0.99000,0.12581,-0.00367,0.00013,0.99000,-0.12490,0.00195,0.00368,0.99000,0.12686,0.44533,-0.00256,0.99000,-0.12895,0.45125,0.00287,0.99000,0.12521,0.89583,0.02128,0.99000,-0.12313,0.89498,0.02412,0.99000
5,3.9000,bend,0.20255,-0.50061,0.00095,0.99000,-0.19927,-0.49924,-0.00210,0.99000,0.22997,-0.20082,-0.00186,0.99000,-0.23084,-0.20243,0.00414,0.99000,0.22115,0.06474,0.00349,0.99000,-0.21965,0.05652,-0.00528,0.99000,0.12012,-0.00499,-0.00926,0.99000,-0.12900,0.00070,0.00307,0.99000,0.11799,0.44491,0.00699,0.99000,-0.12924,0.44762,-0.00329,0.99000,0.13044,0.90369,0.02749,0.99000,-0.13109,0.89807,0.02348,0.99000
5,3.9500,bend,0.19904,-0.50562,0.00010,0.99000,-0.19158,-0.49338,0.00503,0.99000,0.23023,-0.19652,0.00225,0.99000,-0.24367,-0.19716,-0.00850,0.99000,0.22199,0.06799,-0.00364,0.99000,-0.21223,0.06788,-0.00142,0.99000,0.11840,-0.00025,0.00218,0.99000,-0.12719,-0.00640,-0.00079,0.99000,0.12432,0.45425,0.00272,0.99000,-0.12706,0.45684,0.00411,0.99000,0.12294,0.90076,0.02624,0.99000,-0.12517,0.90221,0.02278,0.99000
