episode,timestamp,action,lm0_x,lm0_y,lm0_z,lm0_v,lm1_x,lm1_y,lm1_z,lm1_v,lm2_x,lm2_y,lm2_z,lm2_v,lm3_x,lm3_y,lm3_z,lm3_v,lm4_x,lm4_y,lm4_z,lm4_v,lm5_x,lm5_y,lm5_z,lm5_v,lm6_x,lm6_y,lm6_z,lm6_v,lm7_x,lm7_y,lm7_z,lm7_v,lm8_x,lm8_y,lm8_z,lm8_v,lm9_x,lm9_y,lm9_z,lm9_v,lm10_x,lm10_y,lm10_z,lm10_v,lm11_x,lm11_y,lm11_z,lm11_v
0,0.0000,stand,0.20061,-0.49645,0.02114,0.99000,-0.20592,-0.49613,0.00283,0.99000,0.23133,-0.20351,0.00912,0.99000,-0.23339,-0.19938,-0.00124,0.99000,0.21009,0.06999,0.00564,0.99000,-0.21664,0.06425,-0.00022,0.99000,0.12807,0.00477,-0.00463,0.99000,-0.12221,0.00141,-0.00013,0.99000,0.12505,0.44728,-0.00248,0.99000,-0.11968,0.45104,-0.00193,0.99000,0.11503,0.89593,0.02047,0.99000,-0.13013,0.89412,0.02579,0.99000
0,0.0500,stand,0.19901,-0.50671,0.00391,0.99000,-0.20120,-0.49546,0.00322,0.99000,0.23631,-0.20341,-0.00312,0.99000,-0.22790,-0.19572,0.00284,0.99000,0.22132,0.06698,-0.00131,0.99000,-0.21206,0.07184,-0.00607,0.99000,0.13620,-0.00408,0.00339,0.99000,-0.12301,-0.00034,0.00081,0.99000,0.12434,0.45335,-0.00285,0.99000,-0.12970,0.45190,0.00695,0.99000,0.12445,0.90625,0.02214,0.99000,-0.11877,0.90329,0.02458,0.99000
0,0.1000,stand,0.20375,-0.50327,0.00935,0.99000,-0.20628,-0.50704,0.01264,0.99000,0.22935,-0.19744,0.00414,0.99000,-0.23304,-0.18989,0.00912,0.99000,0.21941,0.06835,0.00539,0.99000,-0.22001,0.07436,0.00139,0.99000,0.11971,0.00297,0.00447,0.99000,-0.12281,0.00386,0.00550,0.99000,0.12303,0.45902,0.00065,0.99000,-0.12166,0.44368,0.00404,0.99000,0.12789,0.89710,0.02522,0.99000,-0.12298,0.90344,0.02535,0.99000
0,0.1500,stand,0.19778,-0.49971,0.00184,0.99000,-0.19991,-0.50199,0.01291,0.99000,0.23532,-0.19890,-0.00393,0.99000,-0.22787,-0.20589,0.00523,0.99000,0.21936,0.06390,-0.00646,0.99000,-0.21537,0.07674,-0.00138,0.99000,0.12630,-0.00219,-0.00108,0.99000,-0.13169,0.00033,0.00076,0.99000,0.12377,0.45043,-0.00143,0.99000,-0.11965,0.44970,0.00105,0.99000,0.12884,0.90020,0.02411,0.99000,-0.13230,0.89844,0.03015,0.99000
0,0.2000,stand,0.20156,-0.49584,0.00983,0.99000,-0.19247,-0.50292,0.00503,0.99000,0.23258,-0.19833,0.00460,0.99000,-0.22877,-0.20413,0.00747,0.99000,0.21887,0.07025,-0.00304,0.99000,-0.21052,0.06646,-0.00046,0.99000,0.12059,-0.00325,-0.00018,0.99000,-0.12829,0.00050,-0.00336,0.99000,0.12549,0.45011,0.00493,0.99000,-0.12702,0.44560,-0.00321,0.99000,0.11634,0.89068,0.02651,0.99000,-0.11650,0.89791,0.02286,0.99000
0,0.2500,stand,0.19819,-0.49613,0.00715,0.99000,-0.20050,-0.50055,0.00137,0.99000,0.23326,-0.20636,0.01201,0.99000,-0.22456,-0.20072,-0.00776,0.99000,0.21887,0.07121,0.00043,0.99000,-0.22131,0.07633,0.00185,0.99000,0.12408,0.00858,0.00159,0.99000,-0.12436,0.00155,0.00486,0.99000,0.12625,0.45088,0.00101,0.99000,-0.11740,0.45031,-0.00541,0.99000,0.12192,0.89748,0.02681,0.99000,-0.12030,0.89810,0.02249,0.99000
0,0.3000,stand,0.19882,-0.50568,0.00299,0.99000,-0.20525,-0.49885,0.01059,0.99000,0.22937,-0.20342,0.00573,0.99000,-0.23368,-0.20944,0.00268,0.99000,0.22002,0.06392,-0.00675,0.99000,-0.22153,0.06265,-0.00224,0.99000,0.12386,0.00056,0.00357,0.99000,-0.12512,0.00223,0.00175,0.99000,0.11851,0.44902,-0.00437,0.99000,-0.12973,0.45023,0.00419,0.99000,0.12748,0.90116,0.02815,0.99000,-0.12523,0.89668,0.02064,0.99000
0,0.3500,stand,0.19779,-0.50764,0.01174,0.99000,-0.20070,-0.50043,0.00500,0.99000,0.23005,-0.20379,0.00647,0.99000,-0.23646,-0.19881,0.00309,0.99000,0.22329,0.07380,0.00451,0.99000,-0.21874,0.06474,0.00485,0.99000,0.12079,0.00111,-0.00199,0.99000,-0.12429,0.00774,0.00253,0.99000,0.12645,0.44979,0.00158,0.99000,-0.12165,0.45238,-0.00355,0.99000,0.12246,0.89961,0.02557,0.99000,-0.12325,0.89880,0.01502,0.99000
0,0.4000,stand,0.19515,-0.49422,0.00447,0.99000,-0.19492,-0.49883,0.00402,0.99000,0.22316,-0.20271,-0.00003,0.99000,-0.23469,-0.20290,0.00804,0.99000,0.22552,0.06074,-0.00201,0.99000,-0.22016,0.06956,0.00215,0.99000,0.12645,0.00021,-0.00611,0.99000,-0.12873,-0.00169,-0.00252,0.99000,0.11867,0.44499,0.00286,0.99000,-0.12954,0.44817,-0.00257,0.99000,0.12634,0.89722,0.01796,0.99000,-0.12725,0.90330,0.02851,0.99000
0,0.4500,stand,0.20267,-0.49875,0.00377,0.99000,-0.19764,-0.49377,0.01323,0.99000,0.22451,-0.20525,0.01208,0.99000,-0.23118,-0.19693,-0.00004,0.99000,0.22303,0.07364,-0.00685,0.99000,-0.22771,0.06865,-0.00532,0.99000,0.12407,0.00443,0.00399,0.99000,-0.12049,-0.00666,0.00247,0.99000,0.11982,0.44719,0.00286,0.99000,-0.12147,0.45107,0.00203,0.99000,0.12440,0.89467,0.01997,0.99000,-0.12309,0.89532,0.01868,0.99000
0,0.5000,stand,0.19393,-0.50420,0.00441,0.99000,-0.20075,-0.49276,0.01076,0.99000,0.22461,-0.19580,0.00075,0.99000,-0.22269,-0.20400,0.00293,0.99000,0.22095,0.07249,0.00354,0.99000,-0.21713,0.06382,-0.00291,0.99000,0.12234,-0.00158,-0.00384,0.99000,-0.12498,-0.00833,-0.00096,0.99000,0.12410,0.45006,0.00139,0.99000,-0.12285,0.44980,-0.00319,0.99000,0.13471,0.90081,0.02859,0.99000,-0.12230,0.89328,0.02171,0.99000
0,0.5500,stand,0.19874,-0.49703,0.00439,0.99000,-0.20163,-0.49451,0.00222,0.99000,0.22974,-0.20110,-0.00027,0.99000,-0.22465,-0.19126,-0.00445,0.99000,0.21840,0.07379,-0.00099,0.99000,-0.21622,0.06587,-0.00039,0.99000,0.12658,0.00086,-0.00236,0.99000,-0.12620,-0.00054,0.00233,0.99000,0.12822,0.45248,-0.00074,0.99000,-0.12274,0.44861,0.00266,0.99000,0.12324,0.90135,0.02198,0.99000,-0.11848,0.90154,0.02980,0.99000
0,0.6000,stand,0.20038,-0.50086,0.01066,0.99000,-0.19867,-0.50183,0.01139,0.99000,0.22996,-0.20736,0.00212,0.99000,-0.23268,-0.20074,0.00088,0.99000,0.21562,0.06220,-0.00275,0.99000,-0.22088,0.06205,0.00250,0.99000,0.12867,0.00155,0.00678,0.99000,-0.12518,-0.00183,-0.00126,0.99000,0.13273,0.44971,-0.00141,0.99000,-0.12169,0.45540,-0.00410,0.99000,0.12335,0.89613,0.02822,0.99000,-0.12794,0.90389,0.01970,0.99000
0,0.6500,stand,0.19902,-0.49949,-0.00241,0.99000,-0.19347,-0.49948,0.00499,0.99000,0.22906,-0.19904,0.00014,0.99000,-0.23653,-0.20984,0.00704,0.99000,0.21351,0.05947,0.00058,0.99000,-0.22087,0.06942,0.00590,0.99000,0.12793,-0.00263,0.00668,0.99000,-0.12349,0.00433,0.00384,0.99000,0.13163,0.45416,0.00450,0.99000,-0.12743,0.44527,0.00291,0.99000,0.12764,0.90355,0.02436,0.99000,-0.12287,0.89327,0.02668,0.99000
0,0.7000,stand,0.19274,-0.49568,-0.00057,0.99000,-0.20013,-0.49171,0.00367,0.99000,0.22243,-0.20745,-0.00100,0.99000,-0.22879,-0.20310,-0.00183,0.99000,0.22256,0.06432,0.01125,0.99000,-0.22041,0.06778,-0.00214,0.99000,0.12358,0.00600,-0.00068,0.99000,-0.12879,-0.00255,0.00153,0.99000,0.12102,0.45589,-0.00037,0.99000,-0.12823,0.44523,0.00710,0.99000,0.12258,0.90279,0.02188,0.99000,-0.12609,0.90365,0.02950,0.99000
0,0.7500,stand,0.20232,-0.50108,-0.00425,0.99000,-0.19603,-0.50198,-0.00486,0.99000,0.23101,-0.20168,-0.00234,0.99000,-0.23393,-0.20466,-0.00562,0.99000,0.22478,0.07129,-0.00355,0.99000,-0.21757,0.06848,0.00085,0.99000,0.12491,0.00460,-0.00379,0.99000,-0.12429,-0.00324,0.00711,0.99000,0.11890,0.44518,0.00469,0.99000,-0.12586,0.45278,-0.00333,0.99000,0.13231,0.89909,0.02260,0.99000,-0.12578,0.89245,0.01714,0.99000
0,0.8000,stand,0.19907,-0.50342,0.00654,0.99000,-0.19664,-0.49758,0.00930,0.99000,0.23431,-0.19967,0.00707,0.99000,-0.23788,-0.20017,-0.00026,0.99000,0.21958,0.06853,-0.00146,0.99000,-0.21408,0.06371,0.00466,0.99000,0.11956,-0.00504,-0.00344,0.99000,-0.12457,-0.00004,-0.00118,0.99000,0.12396,0.44472,0.00770,0.99000,-0.12293,0.44992,-0.00124,0.99000,0.12258,0.90170,0.01821,0.99000,-0.12989,0.89449,0.02866,0.99000
0,0.8500,stand,0.20292,-0.49986,-0.00114,0.99000,-0.19631,-0.49647,-0.00677,0.99000,0.23006,-0.20592,-0.00404,0.99000,-0.22201,-0.19426,0.00194,0.99000,0.21711,0.07277,0.00696,0.99000,-0.21874,0.06319,0.00654,0.99000,0.11874,-0.00920,-0.00150,0.99000,-0.12993,-0.00258,0.00001,0.99000,0.12783,0.45317,0.00091,0.99000,-0.12542,0.44879,-0.00298,0.99000,0.12369,0.89746,0.03045,0.99000,-0.12542,0.89878,0.02598,0.99000
0,0.9000,stand,0.19943,-0.50219,-0.00410,0.99000,-0.19674,-0.50124,0.00268,0.99000,0.22305,-0.20119,0.00195,0.99000,-0.23034,-0.19370,-0.00131,0.99000,0.21359,0.07985,0.00322,0.99000,-0.21862,0.07697,0.00423,0.99000,0.12381,0.00103,-0.00044,0.99000,-0.12306,-0.00044,0.00353,0.99000,0.11697,0.45263,-0.00058,0.99000,-0.12525,0.44844,-0.00109,0.99000,0.13235,0.90144,0.02482,0.99000,-0.12137,0.90335,0.01943,0.99000
0,0.9500,stand,0.19739,-0.49847,0.00148,0.99000,-0.19812,-0.50045,0.00267,0.99000,0.23053,-0.20639,0.00109,0.99000,-0.23497,-0.20373,0.00369,0.99000,0.21719,0.06984,0.00313,0.99000,-0.21922,0.07187,0.00223,0.99000,0.12757,0.00416,-0.00357,0.99000,-0.12853,0.00676,0.00217,0.99000,0.12198,0.45577,-0.00521,0.99000,-0.12102,0.44784,0.00062,0.99000,0.13246,0.89853,0.01989,0.99000,-0.12258,0.89656,0.02838,0.99000
0,1.0000,stand,0.20668,-0.50191,-0.00483,0.99000,-0.20946,-0.49445,-0.00648,0.99000,0.23129,-0.20078,0.00337,0.99000,-0.23365,-0.19664,-0.00406,0.99000,0.21969,0.06051,-0.00473,0.99000,-0.21641,0.06951,0.00214,0.99000,0.13090,-0.00184,-0.00052,0.99000,-0.12460,-0.00553,0.00261,0.99000,0.12501,0.45389,0.00261,0.99000,-0.11932,0.45076,0.00189,0.99000,0.12681,0.90002,0.01643,0.99000,-0.12107,0.89501,0.01955,0.99000
0,1.0500,stand,0.19806,-0.49668,0.00727,0.99000,-0.20003,-0.49284,-0.00233,0.99000,0.23406,-0.20484,-0.00040,0.99000,-0.23279,-0.20507,-0.00650,0.99000,0.22331,0.07113,0.00103,0.99000,-0.22009,0.06784,0.00102,0.99000,0.12158,-0.00034,-0.00355,0.99000,-0.12181,-0.00409,0.00206,0.99000,0.12697,0.44797,0.00168,0.99000,-0.12183,0.45157,0.00004,0.99000,0.12356,0.90151,0.01507,0.99000,-0.12240,0.89761,0.02188,0.99000
0,1.1000,stand,0.19987,-0.50458,-0.00342,0.99000,-0.20435,-0.50553,-0.00540,0.99000,0.23530,-0.19030,-0.00203,0.99000,-0.22784,-0.20603,-0.00515,0.99000,0.21856,0.07289,-0.00807,0.99000,-0.22307,0.07055,-0.00173,0.99000,0.12346,-0.00149,0.00510,0.99000,-0.12387,-0.00150,0.00587,0.99000,0.12644,0.45417,-0.00645,0.99000,-0.13066,0.45733,-0.00107,0.99000,0.11908,0.89968,0.02489,0.99000,-0.12225,0.90119,0.02210,0.99000
0,1.1500,stand,0.20028,-0.50509,-0.00780,0.99000,-0.19988,-0.49843,0.00121,0.99000,0.21888,-0.21039,-0.00042,0.99000,-0.22832,-0.20168,-0.00001,0.99000,0.21857,0.07012,-0.00002,0.99000,-0.21934,0.06389,-0.00005,0.99000,0.12851,0.00713,-0.00064,0.99000,-0.12355,0.00076,-0.00657,0.99000,0.12420,0.45013,0.01633,0.99000,-0.13243,0.44670,-0.00875,0.99000,0.12351,0.89799,0.02256,0.99000,-0.12007,0.89820,0.02065,0.99000
0,1.2000,stand,0.19334,-0.50364,-0.00450,0.99000,-0.19709,-0.50537,0.00517,0.99000,0.23202,-0.20199,-0.00218,0.99000,-0.22683,-0.20288,-0.00831,0.99000,0.21477,0.06345,0.00156,0.99000,-0.21965,0.07022,-0.00226,0.99000,0.12936,0.00037,-0.00199,0.99000,-0.12687,-0.00337,-0.00149,0.99000,0.12617,0.44435,-0.00138,0.99000,-0.12829,0.44690,0.00160,0.99000,0.12569,0.90219,0.02336,0.99000,-0.12606,0.89825,0.03109,0.99000
0,1.2500,stand,0.20003,-0.50076,-0.00510,0.99000,-0.20092,-0.50146,0.00991,0.99000,0.23567,-0.19700,-0.00436,0.99000,-0.23150,-0.19990,0.00109,0.99000,0.21962,0.06363,-0.00116,0.99000,-0.21697,0.06307,0.01022,0.99000,0.12591,0.00064,-0.00146,0.99000,-0.12145,-0.00146,-0.00256,0.99000,0.13018,0.45126,0.00033,0.99000,-0.12739,0.45327,0.00220,0.99000,0.12888,0.89474,0.02483,0.99000,-0.12937,0.90397,0.02279,0.99000
0,1.3000,stand,0.19847,-0.49924,-0.01142,0.99000,-0.19831,-0.49608,-0.00962,0.99000,0.22912,-0.20004,0.00079,0.99000,-0.23612,-0.20590,0.00280,0.99000,0.21393,0.06935,-0.00564,0.99000,-0.21757,0.06363,-0.00040,0.99000,0.12978,0.00155,0.00443,0.99000,-0.12566,0.00219,-0.00409,0.99000,0.12968,0.45143,-0.00093,0.99000,-0.11775,0.44816,-0.00483,0.99000,0.12473,0.90042,0.02589,0.99000,-0.12818,0.90147,0.02123,0.99000
0,1.3500,stand,0.20182,-0.49909,-0.00621,0.99000,-0.20504,-0.50189,-0.01013,0.99000,0.22874,-0.18987,-0.00374,0.99000,-0.23275,-0.19423,-0.00453,0.99000,0.22305,0.07182,0.00499,0.99000,-0.21942,0.06640,0.00101,0.99000,0.13316,0.00113,-0.00395,0.99000,-0.12186,0.00030,0.00149,0.99000,0.12237,0.45054,0.00371,0.99000,-0.12101,0.44998,-0.00032,0.99000,0.12449,0.90060,0.02389,0.99000,-0.12807,0.90315,0.02533,0.99000
0,1.4000,stand,0.19976,-0.49650,-0.00669,0.99000,-0.20137,-0.50206,-0.01162,0.99000,0.23200,-0.20492,-0.00407,0.99000,-0.23147,-0.19879,-0.00893,0.99000,0.22291,0.06838,-0.00439,0.99000,-0.20967,0.06854,0.00036,0.99000,0.12593,0.00165,0.00324,0.99000,-0.12372,0.00490,0.00697,0.99000,0.11898,0.44850,0.00787,0.99000,-0.12566,0.43931,-0.00037,0.99000,0.12537,0.90242,0.01404,0.99000,-0.12227,0.89620,0.02486,0.99000
0,1.4500,stand,0.19867,-0.49265,-0.01053,0.99000,-0.20426,-0.49820,-0.01013,0.99000,0.23172,-0.20137,-0.00531,0.99000,-0.22984,-0.19580,-0.00618,0.99000,0.21540,0.06772,0.00765,0.99000,-0.21760,0.06834,0.00073,0.99000,0.12907,0.00220,0.00126,0.99000,-0.12410,0.00918,-0.00286,0.99000,0.11945,0.44772,-0.00020,0.99000,-0.12319,0.44984,0.00373,0.99000,0.12720,0.90754,0.02341,0.99000,-0.12647,0.90235,0.02082,0.99000
0,1.5000,stand,0.20640,-0.49342,-0.00339,0.99000,-0.20072,-0.50020,-0.00606,0.99000,0.23005,-0.19947,-0.00722,0.99000,-0.23225,-0.19392,-0.00322,0.99000,0.21730,0.07072,-0.00009,0.99000,-0.21925,0.06676,0.00317,0.99000,0.12540,-0.00098,0.00729,0.99000,-0.12630,0.00132,0.00835,0.99000,0.12265,0.44927,0.00221,0.99000,-0.12820,0.45065,-0.00025,0.99000,0.11980,0.90217,0.02554,0.99000,-0.13017,0.89847,0.02834,0.99000
0,1.5500,stand,0.19750,-0.50005,-0.00640,0.99000,-0.19928,-0.50017,-0.00623,0.99000,0.22467,-0.19026,-0.00310,0.99000,-0.23075,-0.20207,-0.00526,0.99000,0.22028,0.06831,-0.00464,0.99000,-0.22374,0.06988,0.00013,0.99000,0.12813,-0.00040,-0.00057,0.99000,-0.13150,0.00113,0.00105,0.99000,0.13013,0.44561,-0.00096,0.99000,-0.12705,0.44838,-0.00662,0.99000,0.12628,0.89819,0.02298,0.99000,-0.11705,0.89129,0.02893,0.99000
0,1.6000,stand,0.19691,-0.49993,-0.01061,0.99000,-0.20325,-0.50030,-0.01039,0.99000,0.23342,-0.20194,-0.00275,0.99000,-0.22743,-0.19930,0.00330,0.99000,0.22175,0.07111,-0.00476,0.99000,-0.21391,0.07417,-0.00250,0.99000,0.13017,-0.00440,-0.00140,0.99000,-0.12483,-0.00091,0.00427,0.99000,0.12885,0.44904,0.00149,0.99000,-0.12313,0.44776,0.00045,0.99000,0.12074,0.90049,0.02292,0.99000,-0.12126,0.90558,0.03144,0.99000
0,1.6500,stand,0.19954,-0.50318,-0.00369,0.99000,-0.19379,-0.49880,-0.00887,0.99000,0.23114,-0.19747,-0.00695,0.99000,-0.22507,-0.20523,-0.00635,0.99000,0.21995,0.06610,0.00821,0.99000,-0.21978,0.06774,-0.00177,0.99000,0.12241,0.00457,0.00548,0.99000,-0.12440,0.00312,-0.00179,0.99000,0.12436,0.45509,-0.00295,0.99000,-0.12213,0.45235,0.00023,0.99000,0.12962,0.90768,0.01869,0.99000,-0.11914,0.89834,0.01544,0.99000
0,1.7000,stand,0.19861,-0.50243,-0.01734,0.99000,-0.20529,-0.50101,-0.00934,0.99000,0.22423,-0.19582,-0.00327,0.99000,-0.23596,-0.19747,0.00047,0.99000,0.21441,0.06991,-0.00211,0.99000,-0.22042,0.06850,-0.00108,0.99000,0.12418,0.00085,-0.00325,0.99000,-0.13504,-0.00002,-0.00481,0.99000,0.12389,0.45408,-0.00368,0.99000,-0.12445,0.44909,-0.00417,0.99000,0.12033,0.90045,0.02508,0.99000,-0.12666,0.89284,0.02302,0.99000
0,1.7500,stand,0.20667,-0.49680,-0.01428,0.99000,-0.20599,-0.49982,-0.00557,0.99000,0.22425,-0.20941,-0.00698,0.99000,-0.22611,-0.20340,-0.01005,0.99000,0.22041,0.06910,0.00561,0.99000,-0.21908,0.07393,-0.00029,0.99000,0.12296,-0.00027,0.00712,0.99000,-0.13062,0.00377,-0.00636,0.99000,0.12708,0.45328,0.00006,0.99000,-0.13382,0.45280,-0.00727,0.99000,0.12553,0.90097,0.02288,0.99000,-0.12391,0.89489,0.02842,0.99000
0,1.8000,stand,0.20325,-0.49640,-0.00230,0.99000,-0.20207,-0.49857,-0.00948,0.99000,0.22201,-0.19350,-0.00428,0.99000,-0.22588,-0.19959,-0.00644,0.99000,0.21342,0.06163,0.00515,0.99000,-0.21878,0.06948,0.00146,0.99000,0.12651,-0.00644,-0.00238,0.99000,-0.12373,-0.00179,-0.00030,0.99000,0.12987,0.44597,0.00073,0.99000,-0.12117,0.45207,0.00341,0.99000,0.12595,0.88975,0.02083,0.99000,-0.12733,0.90361,0.02287,0.99000
0,1.8500,stand,0.19651,-0.50156,-0.01332,0.99000,-0.20083,-0.50699,-0.01130,0.99000,0.22643,-0.20586,-0.00916,0.99000,-0.22514,-0.20835,-0.01008,0.99000,0.22039,0.06955,0.00116,0.99000,-0.22236,0.06409,-0.00109,0.99000,0.12546,-0.00047,0.00315,0.99000,-0.12089,0.01061,-0.00531,0.99000,0.12027,0.44900,0.00067,0.99000,-0.12534,0.44775,0.00460,0.99000,0.12153,0.90387,0.02487,0.99000,-0.13065,0.89362,0.02041,0.99000
0,1.9000,stand,0.19854,-0.49479,-0.00527,0.99000,-0.19767,-0.50258,-0.00385,0.99000,0.22746,-0.20344,-0.00740,0.99000,-0.22813,-0.19685,-0.00514,0.99000,0.21831,0.07733,0.00710,0.99000,-0.21245,0.06976,-0.00530,0.99000,0.12647,-0.00579,-0.00122,0.99000,-0.12620,0.00231,0.00007,0.99000,0.12468,0.45114,0.00576,0.99000,-0.12789,0.45589,-0.00540,0.99000,0.12134,0.90082,0.02010,0.99000,-0.12192,0.90447,0.02413,0.99000
0,1.9500,stand,0.18944,-0.49871,-0.01731,0.99000,-0.19964,-0.50243,-0.00760,0.99000,0.22677,-0.20166,-0.00380,0.99000,-0.23306,-0.19703,-0.00332,0.99000,0.22334,0.06667,0.00661,0.99000,-0.21705,0.06664,0.00003,0.99000,0.12037,0.01093,-0.00462,0.99000,-0.12549,0.00243,0.00050,0.99000,0.12096,0.45291,-0.00030,0.99000,-0.11731,0.44622,-0.00414,0.99000,0.12797,0.89561,0.02394,0.99000,-0.12546,0.90265,0.01783,0.99000
0,2.0000,stand,0.19662,-0.49936,-0.01384,0.99000,-0.20102,-0.49913,-0.01029,0.99000,0.22644,-0.19433,-0.00865,0.99000,-0.23217,-0.19563,-0.01144,0.99000,0.22383,0.07342,0.01135,0.99000,-0.22088,0.06737,-0.00627,0.99000,0.12204,0.00066,-0.00040,0.99000,-0.13080,-0.00199,-0.00191,0.99000,0.12652,0.45130,-0.00358,0.99000,-0.12188,0.45179,0.00140,0.99000,0.12036,0.89685,0.02607,0.99000,-0.12919,0.89334,0.01780,0.99000
0,2.0500,stand,0.19820,-0.50371,-0.00710,0.99000,-0.19909,-0.49913,-0.01265,0.99000,0.23575,-0.19973,0.00100,0.99000,-0.22277,-0.20526,-0.00715,0.99000,0.21848,0.07024,0.00687,0.99000,-0.22199,0.06468,0.00281,0.99000,0.12091,0.00288,0.00896,0.99000,-0.11543,-0.00222,-0.00620,0.99000,0.12724,0.43995,0.00611,0.99000,-0.12423,0.44451,-0.00048,0.99000,0.12689,0.89795,0.01828,0.99000,-0.12174,0.89811,0.02195,0.99000
0,2.1000,stand,0.20527,-0.50660,-0.01001,0.99000,-0.19942,-0.50186,-0.00217,0.99000,0.23395,-0.19660,-0.00557,0.99000,-0.23340,-0.20508,-0.00589,0.99000,0.20931,0.07215,-0.00217,0.99000,-0.21966,0.06006,0.00246,0.99000,0.12538,-0.00943,-0.00455,0.99000,-0.11952,0.00127,-0.00351,0.99000,0.12380,0.44688,-0.00075,0.99000,-0.12338,0.45192,-0.00321,0.99000,0.12838,0.89928,0.01111,0.99000,-0.12795,0.90505,0.02054,0.99000
0,2.1500,stand,0.19629,-0.49974,-0.00943,0.99000,-0.20502,-0.50271,-0.00681,0.99000,0.23587,-0.20182,0.00118,0.99000,-0.22758,-0.19811,-0.00933,0.99000,0.21563,0.07410,-0.00209,0.99000,-0.21697,0.06724,0.00025,0.99000,0.12307,-0.00305,0.00536,0.99000,-0.12353,-0.00383,-0.00347,0.99000,0.11668,0.44999,0.00020,0.99000,-0.12489,0.45291,0.00258,0.99000,0.12535,0.89574,0.02040,0.99000,-0.12289,0.90031,0.01765,0.99000
0,2.2000,stand,0.20427,-0.50199,-0.01371,0.99000,-0.20288,-0.50521,-0.01157,0.99000,0.23470,-0.20614,-0.00136,0.99000,-0.23240,-0.19869,-0.00416,0.99000,0.21816,0.07101,0.00667,0.99000,-0.22255,0.07026,0.00184,0.99000,0.12063,-0.00292,-0.00118,0.99000,-0.13251,0.00234,-0.00013,0.99000,0.11972,0.44994,-0.00323,0.99000,-0.12059,0.44989,0.00194,0.99000,0.12472,0.90279,0.02188,0.99000,-0.12268,0.90134,0.02387,0.99000
0,2.2500,stand,0.19961,-0.49677,-0.01366,0.99000,-0.20086,-0.50075,-0.00785,0.99000,0.23019,-0.20140,-0.00166,0.99000,-0.22590,-0.20885,-0.00650,0.99000,0.21841,0.07660,0.00042,0.99000,-0.21865,0.06694,0.00382,0.99000,0.12175,-0.00383,0.00198,0.99000,-0.12083,0.00016,-0.00120,0.99000,0.13040,0.44486,0.00187,0.99000,-0.13151,0.45308,0.00099,0.99000,0.12148,0.89845,0.02253,0.99000,-0.12499,0.89616,0.01868,0.99000
0,2.3000,stand,0.20020,-0.49640,-0.00815,0.99000,-0.20302,-0.50259,-0.00615,0.99000,0.22876,-0.19197,-0.00546,0.99000,-0.23288,-0.20454,-0.00906,0.99000,0.22554,0.07750,-0.00253,0.99000,-0.21862,0.06927,0.00259,0.99000,0.12545,-0.00040,-0.00043,0.99000,-0.13217,0.00262,0.00358,0.99000,0.13494,0.44594,-0.00692,0.99000,-0.12454,0.44791,0.00723,0.99000,0.11713,0.89760,0.02329,0.99000,-0.12353,0.89450,0.02762,0.99000
0,2.3500,stand,0.20430,-0.49602,-0.00942,0.99000,-0.20155,-0.50215,-0.00501,0.99000,0.22722,-0.20074,-0.00242,0.99000,-0.22835,-0.19814,-0.00352,0.99000,0.21627,0.06859,-0.00350,0.99000,-0.21591,0.06530,0.00565,0.99000,0.12908,-0.00122,0.00167,0.99000,-0.12446,-0.00270,0.00086,0.99000,0.12490,0.45302,-0.00345,0.99000,-0.12144,0.45701,0.00446,0.99000,0.12187,0.90026,0.01939,0.99000,-0.12676,0.89841,0.02818,0.99000
0,2.4000,stand,0.19198,-0.50545,-0.00823,0.99000,-0.20697,-0.50458,-0.00891,0.99000,0.22674,-0.19565,-0.01066,0.99000,-0.22765,-0.20087,-0.00940,0.99000,0.22125,0.06817,-0.00100,0.99000,-0.21796,0.06900,-0.00163,0.99000,0.13050,0.00171,-0.00112,0.99000,-0.12785,0.00124,0.00199,0.99000,0.12430,0.44431,-0.00570,0.99000,-0.12386,0.46087,0.00595,0.99000,0.13221,0.89661,0.02199,0.99000,-0.12567,0.89482,0.01963,0.99000
0,2.4500,stand,0.20611,-0.50359,-0.01390,0.99000,-0.19299,-0.50114,-0.01515,0.99000,0.23537,-0.20139,-0.00190,0.99000,-0.22869,-0.19755,-0.00328,0.99000,0.22273,0.06351,0.00455,0.99000,-0.21570,0.07222,-0.00309,0.99000,0.12209,-0.00185,-0.00035,0.99000,-0.12910,0.00452,-0.00217,0.99000,0.11800,0.44591,-0.00350,0.99000,-0.13233,0.45437,-0.00163,0.99000,0.12308,0.89265,0.02694,0.99000,-0.12602,0.90307,0.02350,0.99000
0,2.5000,stand,0.20380,-0.50679,-0.00551,0.99000,-0.20495,-0.50155,-0.00671,0.99000,0.23129,-0.20635,-0.00690,0.99000,-0.23002,-0.20003,-0.00844,0.99000,0.21623,0.06468,-0.00609,0.99000,-0.22099,0.06843,0.00080,0.99000,0.13214,0.00025,-0.00061,0.99000,-0.12140,0.00194,0.00120,0.99000,0.11566,0.45040,0.00698,0.99000,-0.13036,0.44774,-0.00254,0.99000,0.12105,0.90132,0.02321,0.99000,-0.12999,0.90018,0.01907,0.99000
0,2.5500,stand,0.20155,-0.48672,-0.01020,0.99000,-0.19861,-0.49404,-0.00876,0.99000,0.22331,-0.20259,0.00292,0.99000,-0.22882,-0.19801,-0.00239,0.99000,0.21770,0.07349,-0.00360,0.99000,-0.21502,0.05987,0.00275,0.99000,0.12559,-0.00328,-0.00150,0.99000,-0.12676,-0.00476,0.00181,0.99000,0.12034,0.45120,-0.00638,0.99000,-0.11973,0.45074,-0.00500,0.99000,0.12030,0.89782,0.02954,0.99000,-0.12425,0.89760,0.02950,0.99000
0,2.6000,stand,0.20629,-0.50063,-0.00656,0.99000,-0.20029,-0.49627,-0.00017,0.99000,0.22690,-0.19970,-0.00570,0.99000,-0.22527,-0.20264,-0.00085,0.99000,0.21222,0.07075,0.00237,0.99000,-0.21269,0.06589,0.00156,0.99000,0.12149,0.00323,-0.00352,0.99000,-0.12066,-0.00091,-0.00184,0.99000,0.12365,0.44681,0.00234,0.99000,-0.13003,0.44390,0.00041,0.99000,0.12877,0.90688,0.03033,0.99000,-0.13024,0.90157,0.02297,0.99000
0,2.6500,stand,0.19365,-0.50032,0.00167,0.99000,-0.19573,-0.50631,-0.01336,0.99000,0.22281,-0.20357,-0.00114,0.99000,-0.22981,-0.20026,0.00019,0.99000,0.22027,0.06600,-0.00211,0.99000,-0.22353,0.07347,-0.00218,0.99000,0.12410,0.00217,0.00023,0.99000,-0.12891,0.00658,-0.00096,0.99000,0.13490,0.45467,-0.00867,0.99000,-0.13303,0.45292,0.00092,0.99000,0.12040,0.90035,0.02709,0.99000,-0.13615,0.90668,0.02330,0.99000
0,2.7000,stand,0.20011,-0.50241,-0.00273,0.99000,-0.19881,-0.49266,-0.00517,0.99000,0.22911,-0.19880,-0.00881,0.99000,-0.22832,-0.20002,0.00536,0.99000,0.22294,0.06922,-0.00014,0.99000,-0.22009,0.06346,-0.00326,0.99000,0.12140,-0.00713,0.00136,0.99000,-0.12312,0.00047,0.00314,0.99000,0.12308,0.45497,-0.00146,0.99000,-0.12659,0.44457,0.00512,0.99000,0.12649,0.90142,0.02656,0.99000,-0.12555,0.89793,0.02625,0.99000
0,2.7500,stand,0.20014,-0.49710,-0.00479,0.99000,-0.19356,-0.50065,-0.00375,0.99000,0.22149,-0.19836,-0.00187,0.99000,-0.23137,-0.20812,-0.00028,0.99000,0.22199,0.07030,0.00797,0.99000,-0.22035,0.06059,-0.00055,0.99000,0.12722,0.00008,-0.00034,0.99000,-0.12305,-0.00457,0.00258,0.99000,0.12968,0.45092,-0.00040,0.99000,-0.12097,0.45273,0.00744,0.99000,0.12440,0.90222,0.02288,0.99000,-0.12999,0.89943,0.01759,0.99000
0,2.8000,stand,0.19646,-0.50094,-0.00281,0.99000,-0.19679,-0.49821,0.00021,0.99000,0.22659,-0.20488,-0.00183,0.99000,-0.22665,-0.20280,-0.00407,0.99000,0.21889,0.06479,0.00428,0.99000,-0.21958,0.06696,-0.00507,0.99000,0.12179,0.00248,-0.00086,0.99000,-0.12620,0.00137,0.00972,0.99000,0.12528,0.44584,-0.00197,0.99000,-0.12460,0.44546,-0.00392,0.99000,0.12455,0.90154,0.02300,0.99000,-0.12425,0.89788,0.01143,0.99000
0,2.8500,stand,0.19482,-0.50311,-0.00413,0.99000,-0.20262,-0.50418,-0.00725,0.99000,0.21865,-0.19983,-0.00225,0.99000,-0.23285,-0.20291,0.00221,0.99000,0.22112,0.06235,0.00042,0.99000,-0.21864,0.06448,0.00214,0.99000,0.12416,0.00276,0.00350,0.99000,-0.12583,-0.00137,-0.00014,0.99000,0.11932,0.45340,-0.00207,0.99000,-0.12059,0.44790,-0.00995,0.99000,0.12485,0.89709,0.02417,0.99000,-0.13391,0.89702,0.02934,0.99000
0,2.9000,stand,0.20246,-0.50338,0.00282,0.99000,-0.20014,-0.50598,0.00589,0.99000,0.23477,-0.19978,0.00351,0.99000,-0.22690,-0.19501,-0.00678,0.99000,0.22481,0.06522,-0.00564,0.99000,-0.21855,0.07733,0.00164,0.99000,0.12323,-0.00199,0.00747,0.99000,-0.12684,-0.00470,-0.00235,0.99000,0.12163,0.44895,-0.01122,0.99000,-0.12925,0.44571,0.00115,0.99000,0.12669,0.90090,0.02647,0.99000,-0.13031,0.90266,0.02447,0.99000
0,2.9500,stand,0.20051,-0.50530,-0.00520,0.99000,-0.20140,-0.50297,-0.00250,0.99000,0.23784,-0.20655,-0.01037,0.99000,-0.23529,-0.20826,-0.00326,0.99000,0.21495,0.07630,-0.00021,0.99000,-0.21186,0.07161,-0.00724,0.99000,0.12354,-0.00590,-0.00137,0.99000,-0.11773,-0.00163,0.00315,0.99000,0.11899,0.44877,0.00825,0.99000,-0.13009,0.45149,-0.00534,0.99000,0.12462,0.89451,0.02921,0.99000,-0.13289,0.89617,0.02378,0.99000
0,3.0000,stand,0.19989,-0.50627,-0.00455,0.99000,-0.20052,-0.50175,-0.00414,0.99000,0.23031,-0.20745,0.00072,0.99000,-0.23565,-0.20799,0.00058,0.99000,0.21818,0.06082,-0.00142,0.99000,-0.21445,0.06383,0.00211,0.99000,0.12097,-0.00035,0.00175,0.99000,-0.11720,0.00564,0.00438,0.99000,0.12159,0.45227,0.00521,0.99000,-0.12540,0.44911,0.00312,0.99000,0.11948,0.90240,0.03076,0.99000,-0.12620,0.90010,0.00960,0.99000
0,3.0500,stand,0.20421,-0.49420,-0.00787,0.99000,-0.19783,-0.50658,0.00176,0.99000,0.22205,-0.20099,0.00558,0.99000,-0.23149,-0.20057,0.00387,0.99000,0.21712,0.05646,-0.00177,0.99000,-0.21848,0.07368,-0.00169,0.99000,0.11569,-0.00392,-0.00263,0.99000,-0.12492,0.00116,0.00190,0.99000,0.12064,0.45115,-0.00636,0.99000,-0.12088,0.44788,-0.00099,0.99000,0.12567,0.89969,0.01460,0.99000,-0.13062,0.89582,0.01450,0.99000
0,3.1000,stand,0.20973,-0.49903,-0.01131,0.99000,-0.19774,-0.50007,-0.00059,0.99000,0.23544,-0.20550,-0.00572,0.99000,-0.22906,-0.20196,-0.00291,0.99000,0.21088,0.06637,0.00222,0.99000,-0.21658,0.06964,-0.00533,0.99000,0.12712,0.00010,0.00513,0.99000,-0.12415,0.00293,0.00024,0.99000,0.11593,0.45008,-0.00203,0.99000,-0.12439,0.44888,-0.00082,0.99000,0.12767,0.89834,0.02964,0.99000,-0.12925,0.89489,0.02434,0.99000
0,3.1500,stand,0.20150,-0.50148,0.00191,0.99000,-0.20406,-0.50079,-0.00736,0.99000,0.23255,-0.20770,0.00037,0.99000,-0.23619,-0.20438,0.00217,0.99000,0.21513,0.06687,-0.00250,0.99000,-0.21568,0.06774,0.00571,0.99000,0.12706,-0.00297,-0.00071,0.99000,-0.12769,-0.00381,0.00240,0.99000,0.13174,0.44955,-0.00283,0.99000,-0.12949,0.44669,-0.00021,0.99000,0.12462,0.89796,0.01992,0.99000,-0.12429,0.90060,0.02545,0.99000
0,3.2000,stand,0.19901,-0.49612,-0.00267,0.99000,-0.20480,-0.50086,-0.00380,0.99000,0.22431,-0.20043,0.00855,0.99000,-0.22688,-0.20432,-0.00130,0.99000,0.22415,0.07520,0.00143,0.99000,-0.22105,0.07552,-0.00385,0.99000,0.13047,-0.00343,-0.00091,0.99000,-0.12575,-0.00278,0.00530,0.99000,0.12509,0.45425,0.00058,0.99000,-0.12239,0.44677,-0.00123,0.99000,0.12841,0.89619,0.02139,0.99000,-0.11708,0.89564,0.02249,0.99000
0,3.2500,stand,0.19983,-0.49666,0.01365,0.99000,-0.20271,-0.50426,0.00031,0.99000,0.23121,-0.20156,-0.00054,0.99000,-0.23731,-0.20483,0.00155,0.99000,0.21930,0.06594,-0.00767,0.99000,-0.21630,0.06854,-0.00984,0.99000,0.13126,-0.00144,0.00306,0.99000,-0.12282,0.00824,-0.00482,0.99000,0.12551,0.45406,-0.00868,0.99000,-0.12841,0.44422,-0.00056,0.99000,0.12698,0.89634,0.02188,0.99000,-0.13258,0.90227,0.02640,0.99000
0,3.3000,stand,0.19862,-0.50248,0.00439,0.99000,-0.19499,-0.50145,-0.00017,0.99000,0.22967,-0.19967,0.00217,0.99000,-0.22731,-0.19635,-0.00239,0.99000,0.22472,0.06457,-0.00164,0.99000,-0.21395,0.06885,-0.00998,0.99000,0.12058,-0.00872,-0.00196,0.99000,-0.12469,-0.00130,0.00047,0.99000,0.12523,0.45232,-0.00257,0.99000,-0.12369,0.44497,0.00309,0.99000,0.12606,0.90101,0.03209,0.99000,-0.12724,0.90187,0.03007,0.99000
0,3.3500,stand,0.19906,-0.49227,0.00107,0.99000,-0.20206,-0.49873,-0.00018,0.99000,0.23357,-0.20243,0.00797,0.99000,-0.23205,-0.19649,0.00337,0.99000,0.22633,0.07577,-0.00479,0.99000,-0.21638,0.06346,0.00356,0.99000,0.12259,0.00262,0.00577,0.99000,-0.12450,-0.00060,0.00126,0.99000,0.12024,0.45038,0.00044,0.99000,-0.12286,0.45179,0.00407,0.99000,0.12690,0.89616,0.02393,0.99000,-0.12308,0.89525,0.02055,0.99000
0,3.4000,stand,0.20147,-0.50113,-0.00198,0.99000,-0.19862,-0.49989,-0.00331,0.99000,0.22530,-0.20147,0.00327,0.99000,-0.24015,-0.20770,0.00050,0.99000,0.21496,0.07189,-0.00353,0.99000,-0.21621,0.06391,-0.00469,0.99000,0.13031,-0.00238,0.00161,0.99000,-0.11780,-0.00404,-0.00275,0.99000,0.12479,0.45165,-0.00601,0.99000,-0.12691,0.45561,0.00786,0.99000,0.13195,0.90371,0.02462,0.99000,-0.12936,0.90595,0.01329,0.99000
0,3.4500,stand,0.19227,-0.50413,-0.00087,0.99000,-0.19722,-0.50092,-0.00044,0.99000,0.23059,-0.19642,0.00396,0.99000,-0.22625,-0.19656,-0.00135,0.99000,0.21187,0.07499,0.00354,0.99000,-0.20943,0.06581,-0.00152,0.99000,0.12592,0.00559,-0.00125,0.99000,-0.12687,0.00373,0.00417,0.99000,0.12615,0.44482,0.00171,0.99000,-0.11810,0.44457,0.00117,0.99000,0.12543,0.89541,0.02218,0.99000,-0.12476,0.90372,0.02334,0.99000
0,3.5000,stand,0.20442,-0.49956,0.00120,0.99000,-0.20612,-0.50270,0.00258,0.99000,0.22337,-0.20387,0.00811,0.99000,-0.23387,-0.20375,-0.00262,0.99000,0.22022,0.06427,-0.00330,0.99000,-0.21613,0.06540,0.00028,0.99000,0.12155,0.00054,0.00485,0.99000,-0.12422,0.00880,0.00306,0.99000,0.12170,0.44759,-0.00374,0.99000,-0.12516,0.45487,-0.00363,0.99000,0.12945,0.89963,0.02184,0.99000,-0.11860,0.89687,0.01985,0.99000
0,3.5500,stand,0.19962,-0.49896,0.00486,0.99000,-0.19859,-0.50806,0.00575,0.99000,0.22995,-0.20178,0.00170,0.99000,-0.22615,-0.19833,0.00401,0.99000,0.22372,0.06210,-0.00227,0.99000,-0.22048,0.06882,-0.00423,0.99000,0.12502,0.00535,-0.00089,0.99000,-0.12627,-0.00717,0.00294,0.99000,0.12101,0.44996,0.00655,0.99000,-0.12266,0.44531,0.00498,0.99000,0.11994,0.89831,0.02044,0.99000,-0.12886,0.89517,0.01912,0.99000
0,3.6000,stand,0.19801,-0.49696,0.00268,0.99000,-0.19895,-0.49461,0.01017,0.99000,0.23297,-0.20245,0.00327,0.99000,-0.23777,-0.19885,-0.00031,0.99000,0.22297,0.05903,0.00060,0.99000,-0.21958,0.06343,0.00541,0.99000,0.12794,-0.00569,0.00372,0.99000,-0.12826,-0.00025,-0.00509,0.99000,0.12420,0.45517,-0.00323,0.99000,-0.11509,0.45085,-0.00048,0.99000,0.12315,0.89646,0.02976,0.99000,-0.13026,0.90479,0.02231,0.99000
0,3.6500,stand,0.19469,-0.49639,0.00420,0.99000,-0.20324,-0.49644,0.00629,0.99000,0.23297,-0.19717,0.00526,0.99000,-0.22871,-0.20398,0.00335,0.99000,0.21670,0.06888,-0.00710,0.99000,-0.21472,0.06343,-0.00620,0.99000,0.12612,0.00403,-0.00276,0.99000,-0.12457,-0.00245,-0.00090,0.99000,0.12850,0.45300,-0.00438,0.99000,-0.12549,0.44132,0.00092,0.99000,0.12263,0.89836,0.02010,0.99000,-0.12521,0.89839,0.02903,0.99000
0,3.7000,stand,0.19713,-0.49726,0.00708,0.99000,-0.20964,-0.49706,-0.00015,0.99000,0.22658,-0.19943,-0.00238,0.99000,-0.22820,-0.20485,0.00078,0.99000,0.22229,0.06199,0.00171,0.99000,-0.22046,0.06865,-0.00135,0.99000,0.12731,0.00545,0.00132,0.99000,-0.12708,0.00343,0.00316,0.99000,0.12586,0.44733,0.00207,0.99000,-0.12279,0.44694,-0.00298,0.99000,0.12999,0.90147,0.01852,0.99000,-0.11428,0.90514,0.02032,0.99000
0,3.7500,stand,0.19866,-0.49744,0.00477,0.99000,-0.20057,-0.49431,0.00677,0.99000,0.22556,-0.20149,0.00240,0.99000,-0.22823,-0.20035,0.00555,0.99000,0.22091,0.06993,0.00306,0.99000,-0.21464,0.06689,-0.00162,0.99000,0.13432,0.00916,0.00422,0.99000,-0.11550,-0.00181,-0.00680,0.99000,0.12148,0.44574,0.00115,0.99000,-0.12807,0.44649,-0.00334,0.99000,0.12474,0.89538,0.01603,0.99000,-0.13000,0.89529,0.02432,0.99000
0,3.8000,stand,0.20283,-0.49782,0.01157,0.99000,-0.20336,-0.50680,0.00818,0.99000,0.23523,-0.20023,0.00491,0.99000,-0.23358,-0.19888,0.00413,0.99000,0.22006,0.06709,0.00335,0.99000,-0.21391,0.06468,0.00138,0.99000,0.11566,-0.00181,-0.00167,0.99000,-0.12764,-0.00331,-0.00168,0.99000,0.13023,0.45221,0.00219,0.99000,-0.12581,0.44331,0.00171,0.99000,0.12961,0.90966,0.01921,0.99000,-0.12336,0.90575,0.02187,0.99000
0,3.8500,stand,0.20293,-0.49904,0.00390,0.99000,-0.19885,-0.49463,0.00942,0.99000,0.22919,-0.20078,0.00182,0.99000,-0.23084,-0.20182,0.00052,0.99000,0.21981,0.06836,-0.00513,0.99000,-0.21760,0.07198,-0.00891,0.99000,0.12607,0.00537,0.00297,0.99000,-0.12814,-0.00224,0.00409,0.99000,0.12495,0.44811,-0.00995,0.99000,-0.12169,0.45444,-0.00192,0.99000,0.12440,0.90459,0.02312,0.99000,-0.12881,0.89837,0.02364,0.99000
0,3.9000,stand,0.20075,-0.49372,0.00508,0.99000,-0.20300,-0.49685,0.01041,0.99000,0.23066,-0.20007,0.00003,0.99000,-0.22999,-0.20461,0.00106,0.99000,0.21171,0.06567,-0.00087,0.99000,-0.21987,0.06923,-0.00357,0.99000,0.12669,-0.00378,-0.00293,0.99000,-0.12420,-0.00179,0.00906,0.99000,0.13068,0.45592,-0.00122,0.99000,-0.13603,0.45204,-0.00004,0.99000,0.12007,0.89593,0.02646,0.99000,-0.12146,0.89392,0.02823,0.99000
0,3.9500,stand,0.19864,-0.50002,0.00878,0.99000,-0.19691,-0.50328,0.00548,0.99000,0.23264,-0.20271,0.00706,0.99000,-0.22952,-0.20499,0.00818,0.99000,0.21866,0.06391,0.00057,0.99000,-0.21606,0.06883,0.00455,0.99000,0.12131,-0.00267,0.00903,0.99000,-0.12802,0.00985,-0.00154,0.99000,0.12829,0.44568,-0.00827,0.99000,-0.12655,0.45544,-0.00354,0.99000,0.13061,0.90089,0.02189,0.99000,-0.13255,0.89741,0.02839,0.99000
0,4.0000,stand,0.20016,-0.49730,0.01406,0.99000,-0.19738,-0.50158,0.01055,0.99000,0.23095,-0.19675,0.00635,0.99000,-0.22839,-0.20957,0.00114,0.99000,0.22521,0.06674,-0.00608,0.99000,-0.21461,0.06848,-0.00401,0.99000,0.12544,-0.00219,0.00889,0.99000,-0.11886,-0.00358,0.00206,0.99000,0.12522,0.45612,0.00018,0.99000,-0.12656,0.44788,0.00328,0.99000,0.13121,0.89898,0.01792,0.99000,-0.12522,0.89527,0.01689,0.99000
0,4.0500,stand,0.19702,-0.49268,0.00867,0.99000,-0.20630,-0.49810,0.01463,0.99000,0.22523,-0.20199,0.00171,0.99000,-0.22760,-0.21499,0.00989,0.99000,0.21446,0.07635,-0.00553,0.99000,-0.21798,0.06816,0.00042,0.99000,0.12447,-0.00348,0.00600,0.99000,-0.12704,-0.00021,-0.00102,0.99000,0.12429,0.45178,-0.00010,0.99000,-0.12594,0.45589,0.00367,0.99000,0.11845,0.90347,0.02231,0.99000,-0.12258,0.89829,0.02329,0.99000
0,4.1000,stand,0.19945,-0.50040,0.00597,0.99000,-0.19311,-0.50845,0.01331,0.99000,0.22551,-0.20779,0.00198,0.99000,-0.23308,-0.19964,0.00519,0.99000,0.21597,0.06417,0.00493,0.99000,-0.21737,0.07119,0.00334,0.99000,0.12434,0.00792,0.00334,0.99000,-0.12331,-0.00967,-0.00177,0.99000,0.12721,0.45185,-0.00186,0.99000,-0.11461,0.44554,-0.00725,0.99000,0.12145,0.90123,0.01986,0.99000,-0.13035,0.89076,0.01543,0.99000
0,4.1500,stand,0.20119,-0.50192,0.01484,0.99000,-0.20612,-0.50314,0.00440,0.99000,0.23476,-0.20419,0.00098,0.99000,-0.22692,-0.20411,0.00566,0.99000,0.21604,0.06892,0.00199,0.99000,-0.22009,0.07242,0.00020,0.99000,0.12092,-0.00550,0.00012,0.99000,-0.12891,0.00236,0.00411,0.99000,0.12166,0.45084,0.00123,0.99000,-0.12856,0.45311,-0.00082,0.99000,0.12510,0.89685,0.01982,0.99000,-0.12392,0.89933,0.02781,0.99000
0,4.2000,stand,0.19831,-0.50066,0.01320,0.99000,-0.19715,-0.49847,0.01408,0.99000,0.23168,-0.20214,0.00385,0.99000,-0.22959,-0.20087,0.00880,0.99000,0.21576,0.07055,-0.00308,0.99000,-0.22073,0.06561,-0.00691,0.99000,0.13071,-0.00641,-0.00223,0.99000,-0.12952,-0.00488,-0.00502,0.99000,0.12686,0.45202,0.00962,0.99000,-0.12469,0.45428,0.00283,0.99000,0.13235,0.90434,0.02711,0.99000,-0.12432,0.90114,0.01729,0.99000
0,4.2500,stand,0.19170,-0.50266,0.01431,0.99000,-0.19804,-0.50155,0.01339,0.99000,0.22576,-0.20293,0.01737,0.99000,-0.22240,-0.20337,0.00883,0.99000,0.21888,0.07301,-0.00326,0.99000,-0.22530,0.06650,-0.00434,0.99000,0.12249,-0.00268,-0.00330,0.99000,-0.12328,-0.00395,-0.00062,0.99000,0.12212,0.45158,0.00224,0.99000,-0.12250,0.44935,-0.00527,0.99000,0.12400,0.90419,0.02131,0.99000,-0.12617,0.90586,0.02395,0.99000
0,4.3000,stand,0.20005,-0.50232,0.00900,0.99000,-0.20104,-0.49366,0.00892,0.99000,0.23129,-0.20766,0.01028,0.99000,-0.23259,-0.20137,0.00371,0.99000,0.21957,0.06549,-0.00302,0.99000,-0.22000,0.06713,0.00635,0.99000,0.12367,0.00241,0.00070,0.99000,-0.12700,-0.00336,-0.00176,0.99000,0.11587,0.44250,0.00023,0.99000,-0.12293,0.45097,0.00043,0.99000,0.12428,0.89850,0.01911,0.99000,-0.12942,0.89996,0.02167,0.99000
0,4.3500,stand,0.19938,-0.50209,0.01949,0.99000,-0.20449,-0.49812,0.01019,0.99000,0.22188,-0.19937,0.00431,0.99000,-0.23763,-0.20619,0.00551,0.99000,0.22312,0.06822,-0.00325,0.99000,-0.21715,0.07342,-0.00219,0.99000,0.12823,0.00101,0.00713,0.99000,-0.12968,0.00028,-0.00012,0.99000,0.12544,0.45317,0.00278,0.99000,-0.12778,0.44835,-0.00500,0.99000,0.13078,0.90062,0.02745,0.99000,-0.12661,0.89494,0.02074,0.99000
0,4.4000,stand,0.20133,-0.50164,0.01439,0.99000,-0.19556,-0.50208,0.00919,0.99000,0.23154,-0.19987,0.00124,0.99000,-0.22923,-0.19834,0.00559,0.99000,0.22226,0.06662,-0.00610,0.99000,-0.22012,0.06764,-0.00298,0.99000,0.12921,-0.00185,-0.00331,0.99000,-0.12473,0.00107,-0.00584,0.99000,0.12995,0.43765,-0.00369,0.99000,-0.12933,0.44982,-0.00134,0.99000,0.13193,0.90609,0.01999,0.99000,-0.12527,0.89781,0.02499,0.99000
0,4.4500,stand,0.20203,-0.49721,0.01642,0.99000,-0.20006,-0.49821,0.00886,0.99000,0.24230,-0.20452,0.00603,0.99000,-0.23320,-0.20327,0.00827,0.99000,0.21969,0.07004,-0.00190,0.99000,-0.21836,0.06543,-0.00296,0.99000,0.12598,-0.00250,-0.00068,0.99000,-0.12138,-0.00269,0.00778,0.99000,0.12997,0.44899,0.00234,0.99000,-0.12230,0.44242,0.00138,0.99000,0.13183,0.90326,0.02337,0.99000,-0.12721,0.89779,0.02608,0.99000
0,4.5000,stand,0.19442,-0.49827,0.01024,0.99000,-0.20358,-0.49594,0.00657,0.99000,0.23218,-0.19520,0.01141,0.99000,-0.22465,-0.19516,-0.00431,0.99000,0.21964,0.06412,0.00161,0.99000,-0.21584,0.07036,-0.00452,0.99000,0.12604,0.00451,0.00044,0.99000,-0.12704,-0.00277,0.00049,0.99000,0.12443,0.45776,-0.00654,0.99000,-0.12592,0.45098,0.00558,0.99000,0.13151,0.90655,0.01889,0.99000,-0.12595,0.89965,0.01888,0.99000
1,0.0000,stand,0.19445,-0.49312,0.00364,0.99000,-0.19621,-0.50608,-0.00476,0.99000,0.23714,-0.20290,-0.00005,0.99000,-0.22430,-0.20049,-0.00387,0.99000,0.21819,0.06852,0.00185,0.99000,-0.21104,0.06571,0.00092,0.99000,0.12634,-0.00873,-0.00256,0.99000,-0.12980,0.00086,0.00008,0.99000,0.12851,0.44298,-0.00193,0.99000,-0.12126,0.45139,-0.00202,0.99000,0.12382,0.90415,0.02448,0.99000,-0.12477,0.89824,0.02397,0.99000
1,0.0500,stand,0.19799,-0.49579,-0.00436,0.99000,-0.19712,-0.49471,-0.00098,0.99000,0.22554,-0.19738,0.00242,0.99000,-0.22795,-0.20148,0.00064,0.99000,0.22089,0.06307,-0.00313,0.99000,-0.22928,0.06651,0.00516,0.99000,0.12070,-0.00299,0.00409,0.99000,-0.12284,0.00260,0.00209,0.99000,0.12485,0.44063,0.00300,0.99000,-0.13431,0.45221,0.00388,0.99000,0.13289,0.89856,0.03088,0.99000,-0.12686,0.89965,0.02155,0.99000
1,0.1000,stand,0.19602,-0.49803,0.00152,0.99000,-0.20119,-0.49308,-0.00125,0.99000,0.22113,-0.20357,0.00019,0.99000,-0.23822,-0.19793,-0.00453,0.99000,0.22835,0.07107,0.00021,0.99000,-0.22304,0.07035,0.00254,0.99000,0.13014,-0.00180,-0.00430,0.99000,-0.11762,-0.00572,-0.00334,0.99000,0.12461,0.45629,0.00379,0.99000,-0.12398,0.45404,-0.00343,0.99000,0.13175,0.90135,0.01551,0.99000,-0.12064,0.90533,0.02336,0.99000
1,0.1500,stand,0.20425,-0.50185,-0.00011,0.99000,-0.19911,-0.50237,0.00544,0.99000,0.23319,-0.20419,-0.00229,0.99000,-0.22518,-0.20448,-0.00700,0.99000,0.21672,0.06562,0.00417,0.99000,-0.21709,0.06056,0.00265,0.99000,0.12466,-0.00278,0.00701,0.99000,-0.12401,0.00185,-0.00158,0.99000,0.12593,0.45104,0.00051,0.99000,-0.12485,0.45335,-0.00404,0.99000,0.11726,0.89872,0.02485,0.99000,-0.12185,0.90078,0.01875,0.99000
1,0.2000,stand,0.20344,-0.49947,-0.00042,0.99000,-0.20171,-0.49851,-0.00373,0.99000,0.22996,-0.20561,0.00165,0.99000,-0.22688,-0.19816,0.00235,0.99000,0.22100,0.06243,0.00627,0.99000,-0.21755,0.06580,0.00441,0.99000,0.12671,-0.00018,0.00190,0.99000,-0.13472,-0.00060,0.00097,0.99000,0.12329,0.45076,0.00717,0.99000,-0.12805,0.43955,-0.00399,0.99000,0.12326,0.90442,0.02339,0.99000,-0.12782,0.89990,0.01868,0.99000
1,0.2500,stand,0.20346,-0.49377,0.00673,0.99000,-0.20603,-0.50897,0.00049,0.99000,0.22333,-0.20037,0.00573,0.99000,-0.22658,-0.20179,-0.00527,0.99000,0.22029,0.06981,-0.00276,0.99000,-0.21832,0.06241,0.00323,0.99000,0.12700,-0.00352,0.00177,0.99000,-0.11868,-0.00317,-0.00511,0.99000,0.12486,0.45100,-0.00061,0.99000,-0.12637,0.45305,-0.00462,0.99000,0.12927,0.90483,0.02009,0.99000,-0.12012,0.90699,0.02206,0.99000
1,0.3000,stand,0.19616,-0.50758,-0.00457,0.99000,-0.19574,-0.50391,-0.00361,0.99000,0.23423,-0.20079,0.00014,0.99000,-0.23389,-0.19989,0.00429,0.99000,0.21498,0.07070,-0.00186,0.99000,-0.21332,0.06779,0.00048,0.99000,0.12435,-0.00671,-0.00372,0.99000,-0.12446,-0.00129,0.00204,0.99000,0.12393,0.44410,-0.00103,0.99000,-0.13192,0.44887,-0.00132,0.99000,0.13183,0.90299,0.02467,0.99000,-0.11989,0.89592,0.02033,0.99000
1,0.3500,stand,0.20377,-0.49583,-0.00386,0.99000,-0.20052,-0.49708,-0.00229,0.99000,0.21764,-0.19456,0.00024,0.99000,-0.23765,-0.20047,-0.00033,0.99000,0.22454,0.06827,-0.00262,0.99000,-0.22087,0.06990,-0.00288,0.99000,0.12794,-0.00715,-0.00231,0.99000,-0.12276,-0.00195,-0.00564,0.99000,0.13509,0.44570,-0.00535,0.99000,-0.13391,0.45040,0.00062,0.99000,0.12406,0.89811,0.01796,0.99000,-0.13203,0.90399,0.02441,0.99000
1,0.4000,stand,0.20252,-0.49485,-0.01207,0.99000,-0.19711,-0.50166,-0.00525,0.99000,0.23412,-0.19757,-0.00085,0.99000,-0.23084,-0.19846,-0.00369,0.99000,0.21723,0.06893,0.00267,0.99000,-0.21623,0.07286,-0.00565,0.99000,0.11706,-0.00157,-0.00843,0.99000,-0.12343,0.00156,0.00357,0.99000,0.12192,0.45441,0.00151,0.99000,-0.12334,0.44619,-0.00460,0.99000,0.13059,0.89721,0.02217,0.99000,-0.12646,0.90094,0.01825,0.99000
1,0.4500,stand,0.20330,-0.50207,-0.00821,0.99000,-0.19399,-0.49956,-0.00541,0.99000,0.23385,-0.19994,-0.00708,0.99000,-0.23398,-0.19593,0.00373,0.99000,0.22163,0.06950,-0.00319,0.99000,-0.21863,0.06485,0.00237,0.99000,0.12799,0.00354,0.00044,0.99000,-0.13294,0.00024,0.00887,0.99000,0.13162,0.45250,0.00424,0.99000,-0.12898,0.45537,-0.00009,0.99000,0.12644,0.89712,0.01780,0.99000,-0.12162,0.90093,0.01816,0.99000
1,0.5000,stand,0.19827,-0.49892,-0.00870,0.99000,-0.20268,-0.50311,-0.00652,0.99000,0.22706,-0.20159,0.00019,0.99000,-0.22704,-0.20126,-0.00612,0.99000,0.22079,0.07205,-0.00153,0.99000,-0.22461,0.06822,0.00147,0.99000,0.11879,-0.00575,0.00062,0.99000,-0.12113,-0.00027,-0.00602,0.99000,0.11794,0.45647,0.00279,0.99000,-0.12211,0.45219,-0.00143,0.99000,0.12941,0.90070,0.02489,0.99000,-0.12152,0.90366,0.02399,0.99000
1,0.5500,stand,0.19562,-0.49674,-0.00464,0.99000,-0.20271,-0.49869,-0.00970,0.99000,0.23622,-0.19992,-0.00242,0.99000,-0.23321,-0.20227,-0.00551,0.99000,0.21975,0.06774,0.00210,0.99000,-0.21681,0.06419,0.00135,0.99000,0.12545,-0.00192,0.00076,0.99000,-0.12908,0.00047,0.00370,0.99000,0.12539,0.44746,0.00482,0.99000,-0.12505,0.45072,0.00302,0.99000,0.12769,0.89751,0.02317,0.99000,-0.12752,0.89770,0.02541,0.99000
1,0.6000,stand,0.19579,-0.50008,-0.00207,0.99000,-0.19554,-0.49354,-0.00597,0.99000,0.23486,-0.20106,0.00036,0.99000,-0.23021,-0.19995,-0.00963,0.99000,0.22056,0.07194,-0.00073,0.99000,-0.21950,0.07194,-0.00318,0.99000,0.12371,0.00009,-0.00578,0.99000,-0.11797,-0.00920,-0.00166,0.99000,0.12177,0.44876,-0.00090,0.99000,-0.12725,0.45247,0.00124,0.99000,0.12765,0.89275,0.02191,0.99000,-0.13042,0.90265,0.01782,0.99000
1,0.6500,stand,0.20548,-0.50162,-0.00668,0.99000,-0.19510,-0.50425,-0.00917,0.99000,0.23392,-0.20677,-0.00848,0.99000,-0.23080,-0.19822,-0.00825,0.99000,0.22179,0.07063,0.00084,0.99000,-0.22098,0.05903,0.00029,0.99000,0.12494,-0.00081,0.00648,0.99000,-0.12918,0.00503,0.00133,0.99000,0.12210,0.44941,-0.00717,0.99000,-0.12618,0.44692,0.00212,0.99000,0.12320,0.90186,0.02184,0.99000,-0.11537,0.90197,0.02205,0.99000
1,0.7000,stand,0.20023,-0.50433,-0.01211,0.99000,-0.20159,-0.50392,-0.01390,0.99000,0.22922,-0.20008,-0.00102,0.99000,-0.23780,-0.20849,-0.00455,0.99000,0.21701,0.06768,0.00403,0.99000,-0.21700,0.07015,-0.00710,0.99000,0.12733,0.00228,0.00313,0.99000,-0.12259,-0.00044,0.00097,0.99000,0.12487,0.44735,0.00167,0.99000,-0.12853,0.44818,-0.00028,0.99000,0.12534,0.90023,0.02584,0.99000,-0.12458,0.89542,0.02031,0.99000
1,0.7500,stand,0.20755,-0.50286,-0.00732,0.99000,-0.19910,-0.49354,-0.01321,0.99000,0.23096,-0.20338,-0.00724,0.99000,-0.23536,-0.20558,-0.00155,0.99000,0.22086,0.07799,-0.00045,0.99000,-0.22003,0.07127,0.00999,0.99000,0.12291,-0.00348,-0.00010,0.99000,-0.12493,-0.00041,-0.00488,0.99000,0.11495,0.45275,0.00100,0.99000,-0.13012,0.45066,-0.00329,0.99000,0.12591,0.89432,0.02064,0.99000,-0.12268,0.89691,0.02127,0.99000
1,0.8000,stand,0.19533,-0.50703,-0.01132,0.99000,-0.20711,-0.50560,-0.01638,0.99000,0.23392,-0.20113,-0.00221,0.99000,-0.23317,-0.20058,-0.00516,0.99000,0.21968,0.06990,0.00474,0.99000,-0.21219,0.06392,-0.00085,0.99000,0.12249,-0.00928,0.00432,0.99000,-0.12193,-0.00537,-0.00748,0.99000,0.12568,0.44214,0.00107,0.99000,-0.12039,0.45180,0.00136,0.99000,0.12052,0.88845,0.01905,0.99000,-0.12225,0.89571,0.01320,0.99000
1,0.8500,stand,0.20229,-0.50134,-0.00862,0.99000,-0.20240,-0.49706,-0.00702,0.99000,0.23725,-0.19861,-0.00820,0.99000,-0.23098,-0.20292,-0.00952,0.99000,0.22034,0.06322,0.00129,0.99000,-0.21717,0.07204,-0.00122,0.99000,0.12044,-0.00212,-0.00112,0.99000,-0.12532,0.00203,0.00727,0.99000,0.12948,0.45078,-0.00411,0.99000,-0.12081,0.45145,0.00109,0.99000,0.12487,0.89806,0.01966,0.99000,-0.11870,0.89987,0.02021,0.99000
1,0.9000,stand,0.19794,-0.49907,-0.00875,0.99000,-0.20166,-0.50029,-0.00818,0.99000,0.23086,-0.20368,-0.00571,0.99000,-0.22660,-0.20967,0.00008,0.99000,0.22190,0.07035,-0.00463,0.99000,-0.21703,0.06520,0.00326,0.99000,0.12873,0.00292,-0.00421,0.99000,-0.12567,-0.00085,-0.00065,0.99000,0.12128,0.45040,0.00005,0.99000,-0.12140,0.44607,-0.00640,0.99000,0.12819,0.89924,0.01596,0.99000,-0.13046,0.89937,0.02590,0.99000
1,0.9500,stand,0.20634,-0.49726,-0.01162,0.99000,-0.19689,-0.49032,-0.00678,0.99000,0.23470,-0.19861,0.00045,0.99000,-0.22656,-0.20196,-0.00103,0.99000,0.21739,0.06975,0.00199,0.99000,-0.22130,0.06492,-0.00108,0.99000,0.12329,-0.00130,-0.00530,0.99000,-0.12345,0.00127,-0.00094,0.99000,0.12546,0.45151,0.00098,0.99000,-0.12394,0.45500,0.00075,0.99000,0.12613,0.89717,0.02774,0.99000,-0.12445,0.90272,0.02297,0.99000
1,1.0000,stand,0.20909,-0.50396,-0.00907,0.99000,-0.19895,-0.50418,-0.00512,0.99000,0.23347,-0.20338,-0.00733,0.99000,-0.23375,-0.19966,-0.00278,0.99000,0.21724,0.07536,-0.00172,0.99000,-0.22332,0.07087,-0.00127,0.99000,0.12438,0.00165,0.00122,0.99000,-0.12110,-0.00049,-0.00445,0.99000,0.12533,0.45128,-0.00546,0.99000,-0.12893,0.45523,0.00381,0.99000,0.11711,0.89941,0.02232,0.99000,-0.11944,0.90181,0.02470,0.99000
1,1.0500,stand,0.19909,-0.50710,-0.00831,0.99000,-0.19334,-0.49858,-0.00851,0.99000,0.22775,-0.20159,-0.00373,0.99000,-0.22731,-0.19495,-0.00481,0.99000,0.22046,0.06563,-0.00858,0.99000,-0.21685,0.06460,-0.00022,0.99000,0.12448,0.00189,0.00144,0.99000,-0.12962,0.00264,0.00208,0.99000,0.12802,0.45315,-0.00166,0.99000,-0.12659,0.44741,0.00396,0.99000,0.12434,0.90059,0.02589,0.99000,-0.12529,0.89863,0.01982,0.99000
1,1.1000,stand,0.19690,-0.49508,-0.00908,0.99000,-0.20075,-0.50216,-0.00836,0.99000,0.22939,-0.20168,-0.00302,0.99000,-0.22570,-0.19752,-0.00257,0.99000,0.21448,0.07409,0.00019,0.99000,-0.22419,0.06961,-0.00644,0.99000,0.12295,0.00254,-0.01136,0.99000,-0.11917,0.00068,0.00380,0.99000,0.12551,0.45097,0.00180,0.99000,-0.12205,0.45342,-0.00499,0.99000,0.12167,0.89867,0.02281,0.99000,-0.13008,0.90153,0.02963,0.99000
1,1.1500,stand,0.20225,-0.49053,-0.00654,0.99000,-0.20356,-0.49791,-0.01067,0.99000,0.23083,-0.19414,-0.00264,0.99000,-0.23015,-0.19806,-0.00027,0.99000,0.21631,0.06574,0.00791,0.99000,-0.22180,0.06689,-0.00146,0.99000,0.13050,0.00214,-0.00759,0.99000,-0.12360,0.00283,-0.00405,0.99000,0.11726,0.45272,-0.00489,0.99000,-0.12653,0.45168,0.00101,0.99000,0.13107,0.90007,0.01969,0.99000,-0.13069,0.90216,0.02494,0.99000
1,1.2000,stand,0.18680,-0.49900,-0.01148,0.99000,-0.19911,-0.50810,-0.00803,0.99000,0.22851,-0.20288,-0.00226,0.99000,-0.22715,-0.19852,-0.00401,0.99000,0.22574,0.06889,0.00817,0.99000,-0.22122,0.06775,0.00386,0.99000,0.12511,0.00490,-0.00426,0.99000,-0.12128,-0.00239,-0.00204,0.99000,0.12676,0.45410,0.00254,0.99000,-0.12858,0.44675,0.00201,0.99000,0.11800,0.90319,0.01451,0.99000,-0.12446,0.90310,0.02493,0.99000
1,1.2500,stand,0.20297,-0.49623,-0.00914,0.99000,-0.19894,-0.50075,-0.01545,0.99000,0.23433,-0.19866,-0.00216,0.99000,-0.22788,-0.19617,-0.00247,0.99000,0.21427,0.07183,0.00395,0.99000,-0.21865,0.07057,0.00077,0.99000,0.12424,-0.00370,0.00470,0.99000,-0.12863,0.00237,-0.00289,0.99000,0.12618,0.45166,-0.00597,0.99000,-0.12964,0.45309,-0.00472,0.99000,0.13037,0.89718,0.02498,0.99000,-0.12350,0.90360,0.02219,0.99000
1,1.3000,stand,0.19985,-0.50053,-0.00877,0.99000,-0.19905,-0.50025,-0.01000,0.99000,0.22772,-0.20158,-0.00263,0.99000,-0.23351,-0.19603,-0.00220,0.99000,0.21475,0.07547,0.00314,0.99000,-0.21170,0.06774,0.00096,0.99000,0.12685,-0.00302,0.00518,0.99000,-0.12743,0.00240,-0.00107,0.99000,0.12511,0.45028,0.00268,0.99000,-0.13247,0.45313,0.00606,0.99000,0.12592,0.89765,0.02585,0.99000,-0.11739,0.89515,0.02814,0.99000
1,1.3500,stand,0.20490,-0.50331,-0.00439,0.99000,-0.20071,-0.49855,-0.00753,0.99000,0.22784,-0.19776,-0.00773,0.99000,-0.22944,-0.20537,-0.00532,0.99000,0.22469,0.06558,0.00443,0.99000,-0.21621,0.07285,0.00324,0.99000,0.13046,0.00415,0.00127,0.99000,-0.13292,-0.00211,-0.00047,0.99000,0.12430,0.44799,-0.00475,0.99000,-0.13274,0.45492,-0.00483,0.99000,0.13356,0.89645,0.02386,0.99000,-0.12376,0.89744,0.01299,0.99000
1,1.4000,stand,0.19407,-0.49958,-0.00132,0.99000,-0.19926,-0.49326,-0.00105,0.99000,0.22905,-0.20388,-0.00708,0.99000,-0.22804,-0.20376,-0.00380,0.99000,0.22369,0.06579,-0.00061,0.99000,-0.21734,0.06821,-0.00798,0.99000,0.12652,0.00276,-0.00317,0.99000,-0.12178,-0.00148,-0.00148,0.99000,0.12386,0.45191,-0.00331,0.99000,-0.12772,0.45197,-0.00790,0.99000,0.12797,0.89727,0.01995,0.99000,-0.12752,0.90251,0.02577,0.99000
1,1.4500,stand,0.20219,-0.50200,-0.00055,0.99000,-0.20090,-0.50528,-0.00813,0.99000,0.22437,-0.20910,-0.00596,0.99000,-0.23099,-0.20351,-0.00276,0.99000,0.22334,0.05931,-0.00312,0.99000,-0.22622,0.06736,-0.00308,0.99000,0.11883,0.00165,-0.00276,0.99000,-0.12241,0.00160,-0.00191,0.99000,0.13090,0.45316,-0.00221,0.99000,-0.12346,0.44985,0.00854,0.99000,0.12590,0.89739,0.00991,0.99000,-0.12590,0.89318,0.02104,0.99000
1,1.5000,stand,0.19672,-0.49808,0.00486,0.99000,-0.19930,-0.50139,-0.00388,0.99000,0.23152,-0.20543,-0.00748,0.99000,-0.23113,-0.19780,0.00087,0.99000,0.22619,0.06552,0.00581,0.99000,-0.22139,0.06346,-0.00794,0.99000,0.12615,-0.00305,-0.00056,0.99000,-0.12629,0.00487,-0.00097,0.99000,0.11918,0.45155,0.00722,0.99000,-0.13147,0.44611,0.00350,0.99000,0.12291,0.89943,0.02852,0.99000,-0.12494,0.89420,0.02638,0.99000
1,1.5500,stand,0.19790,-0.49873,-0.00959,0.99000,-0.20552,-0.49446,-0.00435,0.99000,0.22584,-0.20285,0.00138,0.99000,-0.23483,-0.19839,-0.00264,0.99000,0.22214,0.06107,0.00539,0.99000,-0.22136,0.06685,-0.00032,0.99000,0.11942,-0.00215,0.00199,0.99000,-0.12195,-0.00077,-0.00650,0.99000,0.12746,0.45242,0.00717,0.99000,-0.13297,0.44550,0.00232,0.99000,0.12384,0.90695,0.02499,0.99000,-0.12149,0.90216,0.02293,0.99000
1,1.6000,stand,0.20376,-0.49731,-0.00777,0.99000,-0.20024,-0.49605,-0.00336,0.99000,0.22535,-0.20504,-0.00279,0.99000,-0.23093,-0.20529,-0.00131,0.99000,0.21829,0.06700,0.00074,0.99000,-0.22143,0.06770,0.00701,0.99000,0.12154,-0.01094,-0.00245,0.99000,-0.12535,-0.00246,-0.00623,0.99000,0.12678,0.45126,0.00055,0.99000,-0.11689,0.44892,-0.00407,0.99000,0.12471,0.89835,0.02289,0.99000,-0.12526,0.89712,0.01963,0.99000
1,1.6500,stand,0.19592,-0.49859,-0.00555,0.99000,-0.19215,-0.49627,-0.00696,0.99000,0.23491,-0.20480,0.00145,0.99000,-0.23026,-0.20366,-0.00698,0.99000,0.21665,0.07124,-0.00526,0.99000,-0.21952,0.06566,-0.00086,0.99000,0.12750,-0.00296,0.00022,0.99000,-0.12268,0.00655,0.00012,0.99000,0.12949,0.45294,-0.00046,0.99000,-0.12762,0.44567,0.00059,0.99000,0.13268,0.89970,0.01712,0.99000,-0.12516,0.90199,0.00722,0.99000
1,1.7000,stand,0.19233,-0.50408,0.00069,0.99000,-0.19990,-0.50071,-0.00659,0.99000,0.23366,-0.21071,0.00043,0.99000,-0.22397,-0.20379,-0.00105,0.99000,0.22169,0.07851,0.00687,0.99000,-0.22030,0.06262,-0.00192,0.99000,0.12284,-0.00008,-0.00754,0.99000,-0.12799,-0.00459,-0.00271,0.99000,0.12377,0.45102,0.00459,0.99000,-0.12603,0.44620,-0.00036,0.99000,0.11918,0.90046,0.02148,0.99000,-0.12487,0.89443,0.01774,0.99000
1,1.7500,stand,0.20161,-0.49246,0.00426,0.99000,-0.19509,-0.49843,0.00223,0.99000,0.22724,-0.19297,0.00337,0.99000,-0.23218,-0.19624,-0.00262,0.99000,0.22747,0.06890,0.00008,0.99000,-0.21888,0.05977,0.00318,0.99000,0.12673,-0.00111,-0.00322,0.99000,-0.12188,-0.00048,-0.00322,0.99000,0.12248,0.45139,0.00482,0.99000,-0.11833,0.45538,-0.00069,0.99000,0.12831,0.89848,0.01898,0.99000,-0.13000,0.90402,0.02064,0.99000
1,1.8000,stand,0.20097,-0.49844,-0.00991,0.99000,-0.19422,-0.49558,-0.00012,0.99000,0.23052,-0.20134,0.00153,0.99000,-0.23238,-0.19709,-0.00449,0.99000,0.21680,0.06383,-0.00160,0.99000,-0.22024,0.06868,0.00412,0.99000,0.12860,-0.00180,0.00453,0.99000,-0.12884,0.00236,0.00232,0.99000,0.12131,0.45009,-0.00490,0.99000,-0.11892,0.45027,0.00343,0.99000,0.12441,0.89777,0.02156,0.99000,-0.12126,0.89122,0.02668,0.99000
1,1.8500,stand,0.20288,-0.49916,0.00131,0.99000,-0.19863,-0.50197,-0.00129,0.99000,0.23194,-0.19852,0.00132,0.99000,-0.23031,-0.19715,-0.00392,0.99000,0.22317,0.06816,-0.00158,0.99000,-0.21453,0.06841,0.00255,0.99000,0.12692,-0.00282,-0.00390,0.99000,-0.12418,-0.00237,0.00041,0.99000,0.13297,0.45034,-0.00221,0.99000,-0.12265,0.44806,-0.00180,0.99000,0.12558,0.90065,0.02398,0.99000,-0.12298,0.89261,0.01779,0.99000
1,1.9000,stand,0.20255,-0.49908,-0.00363,0.99000,-0.20496,-0.49838,-0.00432,0.99000,0.23344,-0.20343,0.00460,0.99000,-0.24019,-0.20850,0.00022,0.99000,0.21534,0.06738,-0.00035,0.99000,-0.22465,0.07081,0.00314,0.99000,0.11831,0.00025,0.00351,0.99000,-0.12536,-0.00220,0.00271,0.99000,0.12611,0.45096,0.00788,0.99000,-0.12729,0.44759,-0.00178,0.99000,0.12240,0.89529,0.02328,0.99000,-0.13060,0.89452,0.02416,0.99000
1,1.9500,stand,0.19363,-0.50177,-0.00285,0.99000,-0.20524,-0.49936,-0.00583,0.99000,0.22918,-0.19979,0.00072,0.99000,-0.23331,-0.19893,-0.00314,0.99000,0.22299,0.06363,0.00760,0.99000,-0.21430,0.06742,-0.00376,0.99000,0.11641,0.00170,0.00344,0.99000,-0.12210,0.00428,-0.00268,0.99000,0.11983,0.44974,0.00395,0.99000,-0.12582,0.44878,-0.00555,0.99000,0.11791,0.90094,0.00980,0.99000,-0.11887,0.89957,0.01705,0.99000
1,2.0000,stand,0.21161,-0.49655,0.00058,0.99000,-0.19117,-0.50110,0.00048,0.99000,0.22706,-0.20196,0.00132,0.99000,-0.23051,-0.19767,0.00386,0.99000,0.21883,0.06397,0.00617,0.99000,-0.21818,0.07507,0.00508,0.99000,0.12173,0.00036,0.00445,0.99000,-0.12517,-0.00306,-0.00668,0.99000,0.11606,0.45164,-0.00203,0.99000,-0.11919,0.44566,-0.00461,0.99000,0.13627,0.90260,0.02114,0.99000,-0.12318,0.90097,0.02429,0.99000
1,2.0500,stand,0.20040,-0.50018,0.00097,0.99000,-0.20308,-0.49428,0.00339,0.99000,0.22671,-0.19832,-0.00080,0.99000,-0.22773,-0.20198,0.00287,0.99000,0.21560,0.06919,0.00177,0.99000,-0.22633,0.06628,0.00009,0.99000,0.12545,-0.00192,0.00616,0.99000,-0.12338,-0.00269,-0.00214,0.99000,0.12679,0.44977,-0.00304,0.99000,-0.12466,0.44828,0.00174,0.99000,0.12328,0.89894,0.02174,0.99000,-0.12498,0.89523,0.01959,0.99000
1,2.1000,stand,0.20687,-0.50447,-0.00321,0.99000,-0.19748,-0.50134,-0.00108,0.99000,0.23298,-0.19869,0.00264,0.99000,-0.23511,-0.20146,-0.00149,0.99000,0.21714,0.06406,0.00171,0.99000,-0.22047,0.07354,-0.00754,0.99000,0.13172,0.00139,0.00141,0.99000,-0.12621,-0.00406,0.00116,0.99000,0.11991,0.45531,0.00196,0.99000,-0.12823,0.44699,-0.00222,0.99000,0.11683,0.89668,0.02545,0.99000,-0.12681,0.90310,0.02656,0.99000
1,2.1500,stand,0.19336,-0.50045,0.00284,0.99000,-0.19801,-0.49557,0.00142,0.99000,0.23204,-0.20257,0.00088,0.99000,-0.23162,-0.20730,0.00082,0.99000,0.22179,0.07501,0.00320,0.99000,-0.22099,0.06438,-0.00493,0.99000,0.11917,-0.00300,-0.00399,0.99000,-0.12002,-0.00875,-0.00221,0.99000,0.11591,0.45391,-0.00370,0.99000,-0.12363,0.44463,-0.00416,0.99000,0.12412,0.89274,0.02484,0.99000,-0.12563,0.91026,0.02094,0.99000
1,2.2000,stand,0.19862,-0.49542,0.00799,0.99000,-0.19930,-0.49834,0.00676,0.99000,0.23643,-0.20140,0.00369,0.99000,-0.23048,-0.19883,0.00552,0.99000,0.21712,0.06107,0.00012,0.99000,-0.22289,0.06721,-0.00604,0.99000,0.12236,-0.00114,0.00215,0.99000,-0.12051,-0.00653,0.00295,0.99000,0.12495,0.44737,0.00464,0.99000,-0.12673,0.44556,0.00112,0.99000,0.12011,0.89447,0.03353,0.99000,-0.12285,0.89535,0.01450,0.99000
1,2.2500,stand,0.19937,-0.50189,0.00651,0.99000,-0.19854,-0.50204,0.00967,0.99000,0.22325,-0.19969,0.00201,0.99000,-0.23094,-0.19790,0.00902,0.99000,0.21741,0.06993,0.00024,0.99000,-0.22173,0.07015,0.00198,0.99000,0.12368,0.00607,0.00402,0.99000,-0.11888,0.00162,-0.00066,0.99000,0.12340,0.45307,-0.00267,0.99000,-0.12934,0.44086,0.00436,0.99000,0.13326,0.89715,0.02161,0.99000,-0.12265,0.89773,0.02484,0.99000
1,2.3000,stand,0.19867,-0.50077,0.00774,0.99000,-0.19668,-0.50617,-0.00063,0.99000,0.23224,-0.19334,0.00593,0.99000,-0.22409,-0.20882,0.00227,0.99000,0.21948,0.07252,0.00064,0.99000,-0.22099,0.06927,-0.00501,0.99000,0.13502,0.00170,0.00009,0.99000,-0.12819,0.00483,-0.00405,0.99000,0.12463,0.45217,-0.00245,0.99000,-0.12375,0.44751,0.00147,0.99000,0.12105,0.90136,0.02051,0.99000,-0.12846,0.90114,0.02330,0.99000
1,2.3500,stand,0.19991,-0.49741,0.00534,0.99000,-0.20234,-0.50073,0.00425,0.99000,0.23168,-0.20041,0.00026,0.99000,-0.23739,-0.20211,0.00660,0.99000,0.21561,0.06184,0.00228,0.99000,-0.22210,0.06795,0.00050,0.99000,0.12851,0.00469,-0.00167,0.99000,-0.12693,-0.00065,0.00039,0.99000,0.12427,0.45180,0.00440,0.99000,-0.13367,0.45035,0.00084,0.99000,0.12903,0.90047,0.02299,0.99000,-0.12393,0.89831,0.02495,0.99000
1,2.4000,stand,0.20030,-0.50296,0.00453,0.99000,-0.20519,-0.49404,0.01546,0.99000,0.22452,-0.20100,0.00064,0.99000,-0.22731,-0.19856,-0.00018,0.99000,0.21497,0.06611,-0.00177,0.99000,-0.20713,0.07318,-0.00429,0.99000,0.12438,-0.00529,-0.00153,0.99000,-0.12235,0.00439,0.00148,0.99000,0.12161,0.44828,0.00531,0.99000,-0.12455,0.45760,0.00001,0.99000,0.13197,0.90030,0.02279,0.99000,-0.13442,0.90013,0.02576,0.99000
1,2.4500,stand,0.19855,-0.49407,0.00561,0.99000,-0.20333,-0.50241,0.00498,0.99000,0.23576,-0.20097,-0.00398,0.99000,-0.22793,-0.19564,-0.00108,0.99000,0.21481,0.06450,0.00252,0.99000,-0.22113,0.06640,0.00276,0.99000,0.12538,0.00036,0.00517,0.99000,-0.12801,0.00210,0.00221,0.99000,0.12830,0.45000,0.00233,0.99000,-0.12600,0.45419,0.00227,0.99000,0.12352,0.89530,0.01723,0.99000,-0.12296,0.89500,0.02353,0.99000
1,2.5000,stand,0.19881,-0.49703,0.00466,0.99000,-0.19992,-0.49817,0.01242,0.99000,0.22926,-0.19526,0.00379,0.99000,-0.22335,-0.20767,0.00132,0.99000,0.21603,0.07963,-0.00523,0.99000,-0.21939,0.06541,0.00191,0.99000,0.12874,0.00460,0.00041,0.99000,-0.12188,0.00316,0.00300,0.99000,0.12668,0.44976,0.00610,0.99000,-0.12475,0.44870,0.00142,0.99000,0.12235,0.89838,0.02506,0.99000,-0.13246,0.90126,0.02115,0.99000
1,2.5500,stand,0.19477,-0.50005,0.00795,0.99000,-0.19554,-0.50058,0.01032,0.99000,0.22815,-0.19966,0.00129,0.99000,-0.23327,-0.20616,0.00460,0.99000,0.21997,0.07398,-0.00565,0.99000,-0.21994,0.07137,0.00364,0.99000,0.12418,-0.00268,-0.00040,0.99000,-0.12899,-0.00362,0.00064,0.99000,0.12607,0.45148,-0.00409,0.99000,-0.12448,0.45349,0.00891,0.99000,0.12062,0.90476,0.02724,0.99000,-0.13257,0.90136,0.02744,0.99000
1,2.6000,stand,0.19654,-0.49774,0.01204,0.99000,-0.20104,-0.49626,0.01237,0.99000,0.22939,-0.20384,0.00637,0.99000,-0.23288,-0.20860,0.00160,0.99000,0.22353,0.07124,-0.00495,0.99000,-0.21802,0.06977,-0.00519,0.99000,0.12775,-0.00568,0.00140,0.99000,-0.12847,-0.00378,0.00114,0.99000,0.13063,0.44595,-0.00659,0.99000,-0.12718,0.44613,0.00169,0.99000,0.12247,0.89186,0.02831,0.99000,-0.12478,0.90327,0.02305,0.99000
1,2.6500,stand,0.19972,-0.50813,0.00718,0.99000,-0.19827,-0.49796,0.00649,0.99000,0.23575,-0.20325,0.00146,0.99000,-0.22826,-0.19216,0.00288,0.99000,0.21871,0.07551,0.00069,0.99000,-0.21766,0.07290,-0.00345,0.99000,0.12556,0.00219,-0.00103,0.99000,-0.12902,0.00096,-0.00119,0.99000,0.11803,0.45116,-0.00172,0.99000,-0.13062,0.44703,-0.00072,0.99000,0.12841,0.90181,0.03173,0.99000,-0.11888,0.89382,0.02071,0.99000
1,2.7000,stand,0.19759,-0.49815,0.00852,0.99000,-0.20159,-0.50148,0.01190,0.99000,0.23249,-0.19572,0.00053,0.99000,-0.23004,-0.20034,-0.00119,0.99000,0.22033,0.07093,-0.00076,0.99000,-0.21255,0.07137,-0.00855,0.99000,0.12072,0.00293,0.00643,0.99000,-0.12694,-0.00205,-0.00137,0.99000,0.12688,0.45235,-0.00333,0.99000,-0.12502,0.44827,0.00173,0.99000,0.12029,0.90185,0.02527,0.99000,-0.12167,0.90486,0.02251,0.99000
1,2.7500,stand,0.19479,-0.49163,0.01127,0.99000,-0.20762,-0.50700,0.00929,0.99000,0.23465,-0.19834,0.01226,0.99000,-0.22877,-0.20319,0.00231,0.99000,0.21846,0.06580,-0.00644,0.99000,-0.22535,0.05564,0.00180,0.99000,0.12061,-0.00259,-0.00311,0.99000,-0.12710,0.00144,-0.00614,0.99000,0.12356,0.44556,0.00172,0.99000,-0.12588,0.45122,0.00516,0.99000,0.12361,0.90652,0.01779,0.99000,-0.12259,0.89635,0.01780,0.99000
1,2.8000,stand,0.19564,-0.49779,0.00604,0.99000,-0.20335,-0.50174,0.00488,0.99000,0.22920,-0.19653,0.00622,0.99000,-0.23538,-0.20754,0.00736,0.99000,0.22001,0.06712,-0.00482,0.99000,-0.21795,0.07342,0.00198,0.99000,0.12543,0.00152,0.00020,0.99000,-0.12546,-0.00222,0.00558,0.99000,0.12384,0.45287,-0.00002,0.99000,-0.12527,0.44910,0.00331,0.99000,0.12415,0.89867,0.03053,0.99000,-0.12553,0.89941,0.02382,0.99000
1,2.8500,stand,0.20410,-0.49787,0.01590,0.99000,-0.20112,-0.50529,0.00890,0.99000,0.23481,-0.20148,-0.00022,0.99000,-0.23331,-0.19981,0.00081,0.99000,0.22565,0.06480,-0.00057,0.99000,-0.22286,0.06646,-0.00482,0.99000,0.12065,-0.00274,-0.00662,0.99000,-0.12372,0.00090,0.00063,0.99000,0.12935,0.44596,0.00250,0.99000,-0.12646,0.44927,0.00412,0.99000,0.12700,0.90393,0.02166,0.99000,-0.12463,0.89755,0.02766,0.99000
1,2.9000,stand,0.19243,-0.50163,0.01462,0.99000,-0.19344,-0.49779,0.01482,0.99000,0.23387,-0.20703,0.00339,0.99000,-0.23120,-0.20150,0.00044,0.99000,0.22189,0.06430,-0.00209,0.99000,-0.21990,0.07295,0.00050,0.99000,0.12641,0.00500,-0.00091,0.99000,-0.12674,-0.00640,-0.00227,0.99000,0.12348,0.45630,-0.00505,0.99000,-0.12480,0.45195,-0.00270,0.99000,0.12845,0.90202,0.01814,0.99000,-0.12144,0.90357,0.02600,0.99000
1,2.9500,stand,0.19980,-0.50694,0.01397,0.99000,-0.21250,-0.50265,0.01273,0.99000,0.22995,-0.19416,0.01011,0.99000,-0.23095,-0.20247,0.00553,0.99000,0.21803,0.07657,-0.00207,0.99000,-0.22447,0.07234,-0.00120,0.99000,0.12775,0.00178,-0.00233,0.99000,-0.12796,0.00165,0.00450,0.99000,0.12134,0.44657,0.01015,0.99000,-0.12220,0.44547,-0.00737,0.99000,0.12364,0.89602,0.02725,0.99000,-0.12087,0.90468,0.02295,0.99000
1,3.0000,stand,0.20011,-0.50491,0.01358,0.99000,-0.20146,-0.50786,0.00855,0.99000,0.22869,-0.19938,0.00511,0.99000,-0.23227,-0.20124,0.00222,0.99000,0.22622,0.06048,-0.01066,0.99000,-0.22113,0.07041,0.00284,0.99000,0.12820,0.00464,-0.00014,0.99000,-0.12560,-0.00520,0.00406,0.99000,0.13216,0.44802,0.00020,0.99000,-0.12477,0.44430,-0.00283,0.99000,0.11804,0.89412,0.02311,0.99000,-0.13324,0.90005,0.03251,0.99000
1,3.0500,stand,0.19871,-0.49753,0.00955,0.99000,-0.20295,-0.49933,0.00902,0.99000,0.22409,-0.20782,0.01031,0.99000,-0.23491,-0.20268,-0.00163,0.99000,0.21923,0.07822,-0.01136,0.99000,-0.22272,0.07219,0.00261,0.99000,0.12730,0.00224,-0.00425,0.99000,-0.12279,0.00865,0.00220,0.99000,0.12626,0.45067,-0.00737,0.99000,-0.12117,0.44451,-0.00502,0.99000,0.12125,0.90146,0.02357,0.99000,-0.12139,0.89610,0.02573,0.99000
1,3.1000,stand,0.19934,-0.49171,0.00504,0.99000,-0.20214,-0.49955,0.01418,0.99000,0.23068,-0.19782,0.00497,0.99000,-0.22953,-0.20290,0.00731,0.99000,0.22483,0.06358,0.00338,0.99000,-0.21489,0.07569,0.00269,0.99000,0.12654,-0.00029,0.00374,0.99000,-0.13298,0.00127,0.00225,0.99000,0.12761,0.44298,-0.00045,0.99000,-0.12731,0.45086,-0.00345,0.99000,0.12989,0.90195,0.01966,0.99000,-0.12779,0.89976,0.02258,0.99000
1,3.1500,stand,0.19973,-0.50032,0.00988,0.99000,-0.19608,-0.50300,0.00477,0.99000,0.22504,-0.19699,0.00775,0.99000,-0.23049,-0.20727,-0.00333,0.99000,0.21000,0.06852,0.00321,0.99000,-0.21371,0.06037,-0.00326,0.99000,0.13430,-0.00642,0.00709,0.99000,-0.13189,0.00060,-0.00035,0.99000,0.12689,0.45279,0.00079,0.99000,-0.12594,0.45658,0.00572,0.99000,0.11838,0.89272,0.02194,0.99000,-0.12133,0.90064,0.02001,0.99000
1,3.2000,stand,0.20031,-0.50393,0.00769,0.99000,-0.19938,-0.50506,0.01001,0.99000,0.23016,-0.20124,-0.00023,0.99000,-0.22772,-0.20608,0.00613,0.99000,0.22098,0.07177,-0.00228,0.99000,-0.21650,0.06107,-0.00583,0.99000,0.12331,-0.00352,0.00357,0.99000,-0.12459,-0.00602,-0.00317,0.99000,0.12493,0.44776,-0.00101,0.99000,-0.12831,0.45136,0.00054,0.99000,0.12347,0.90164,0.01987,0.99000,-0.12633,0.90085,0.01372,0.99000
1,3.2500,stand,0.20114,-0.49590,0.01119,0.99000,-0.19186,-0.49780,0.00976,0.99000,0.22538,-0.20747,0.00111,0.99000,-0.23261,-0.20303,0.00102,0.99000,0.22093,0.07302,-0.00438,0.99000,-0.21142,0.07471,0.00124,0.99000,0.13037,0.00082,-0.00129,0.99000,-0.12403,-0.00576,0.00553,0.99000,0.12244,0.44817,0.00171,0.99000,-0.11859,0.45306,-0.00427,0.99000,0.13097,0.89930,0.02142,0.99000,-0.12285,0.90363,0.03092,0.99000
1,3.3000,stand,0.19684,-0.50280,0.00921,0.99000,-0.19857,-0.50724,0.00031,0.99000,0.23727,-0.20026,-0.00124,0.99000,-0.23467,-0.19240,0.00830,0.99000,0.22211,0.06928,0.00147,0.99000,-0.22052,0.07323,-0.00403,0.99000,0.12778,0.00908,-0.00432,0.99000,-0.12849,0.00184,-0.00294,0.99000,0.12953,0.45529,0.00128,0.99000,-0.12045,0.45064,-0.00433,0.99000,0.13422,0.89740,0.01291,0.99000,-0.12097,0.89797,0.02993,0.99000
1,3.3500,stand,0.19877,-0.49677,0.00917,0.99000,-0.20260,-0.50510,0.00925,0.99000,0.22157,-0.20259,0.00268,0.99000,-0.22893,-0.19693,0.00806,0.99000,0.22043,0.06283,0.00016,0.99000,-0.22212,0.06939,0.00508,0.99000,0.12616,-0.00225,0.00313,0.99000,-0.12834,-0.00284,-0.00826,0.99000,0.12513,0.45066,0.00297,0.99000,-0.12782,0.45566,-0.00018,0.99000,0.12671,0.89910,0.02217,0.99000,-0.12054,0.89956,0.01686,0.99000
1,3.4000,stand,0.20189,-0.49700,0.00117,0.99000,-0.19279,-0.49514,0.01127,0.99000,0.23378,-0.19689,-0.00515,0.99000,-0.22675,-0.20016,0.00383,0.99000,0.22368,0.06411,-0.00544,0.99000,-0.22609,0.06796,-0.00574,0.99000,0.12399,-0.00173,0.00274,0.99000,-0.12911,0.00403,0.00216,0.99000,0.13051,0.45236,0.00742,0.99000,-0.12908,0.45655,-0.00324,0.99000,0.12523,0.89721,0.02089,0.99000,-0.12691,0.89722,0.01778,0.99000
1,3.4500,stand,0.20116,-0.49220,0.00861,0.99000,-0.19494,-0.50500,0.00243,0.99000,0.23540,-0.20114,-0.00109,0.99000,-0.22990,-0.20313,-0.00096,0.99000,0.22720,0.06273,-0.00361,0.99000,-0.22023,0.06573,-0.00053,0.99000,0.12827,0.00080,0.00104,0.99000,-0.12915,0.00122,0.00086,0.99000,0.12179,0.45477,0.00633,0.99000,-0.11527,0.44415,-0.00503,0.99000,0.11630,0.89350,0.01593,0.99000,-0.12837,0.89664,0.02412,0.99000
1,3.5000,stand,0.19468,-0.50096,0.00504,0.99000,-0.20552,-0.49865,0.00482,0.99000,0.22527,-0.20198,0.00441,0.99000,-0.22955,-0.20753,-0.00082,0.99000,0.22151,0.07745,0.00480,0.99000,-0.21477,0.06887,-0.00249,0.99000,0.12237,-0.00170,-0.00214,0.99000,-0.13080,0.00001,0.00390,0.99000,0.12398,0.44822,0.00131,0.99000,-0.12450,0.45179,0.00116,0.99000,0.12039,0.89975,0.02534,0.99000,-0.12653,0.89603,0.02631,0.99000
1,3.5500,stand,0.19737,-0.49632,0.00206,0.99000,-0.19842,-0.49542,0.00666,0.99000,0.23062,-0.20268,-0.00204,0.99000,-0.23179,-0.20240,0.00407,0.99000,0.22566,0.06799,0.00063,0.99000,-0.21373,0.06576,0.00096,0.99000,0.12149,-0.00299,0.00085,0.99000,-0.12113,0.00499,0.00536,0.99000,0.12883,0.45003,0.00752,0.99000,-0.12683,0.44931,0.00136,0.99000,0.12046,0.89865,0.02460,0.99000,-0.12730,0.90460,0.02620,0.99000
1,3.6000,stand,0.20267,-0.49514,0.00788,0.99000,-0.20455,-0.50159,0.00069,0.99000,0.23699,-0.20526,0.00377,0.99000,-0.22190,-0.20235,-0.00300,0.99000,0.22417,0.06478,0.00388,0.99000,-0.22409,0.07285,-0.00277,0.99000,0.12459,-0.00422,-0.00621,0.99000,-0.12884,0.00267,0.00136,0.99000,0.11912,0.45200,-0.00507,0.99000,-0.12925,0.45386,0.00570,0.99000,0.12377,0.89718,0.02410,0.99000,-0.12210,0.90136,0.02280,0.99000
2,0.0000,stand,0.20022,-0.49608,0.01034,0.99000,-0.20133,-0.50097,0.01113,0.99000,0.23701,-0.20093,0.01269,0.99000,-0.22742,-0.20343,-0.00126,0.99000,0.21038,0.06614,-0.00140,0.99000,-0.21294,0.06884,-0.00621,0.99000,0.12356,-0.00075,-0.00943,0.99000,-0.12229,-0.00453,0.00420,0.99000,0.12410,0.44806,0.00142,0.99000,-0.12135,0.43794,-0.00046,0.99000,0.12889,0.89989,0.01925,0.99000,-0.12557,0.89854,0.01368,0.99000
2,0.0500,stand,0.20217,-0.49237,0.00493,0.99000,-0.20287,-0.49972,0.00873,0.99000,0.22669,-0.19551,0.00512,0.99000,-0.22905,-0.20643,0.00586,0.99000,0.22390,0.06925,-0.00708,0.99000,-0.20732,0.06624,0.00577,0.99000,0.12097,0.00144,0.00269,0.99000,-0.12625,0.00222,-0.00788,0.99000,0.13050,0.44842,0.00257,0.99000,-0.11949,0.44244,0.00194,0.99000,0.12548,0.90188,0.01849,0.99000,-0.12420,0.90104,0.02513,0.99000
2,0.1000,stand,0.20381,-0.49905,0.01196,0.99000,-0.20398,-0.49744,0.00518,0.99000,0.23034,-0.20306,0.00603,0.99000,-0.22500,-0.21279,0.00226,0.99000,0.21561,0.06984,-0.00092,0.99000,-0.21965,0.06610,-0.00309,0.99000,0.12744,0.00485,-0.00103,0.99000,-0.11917,0.00250,0.00411,0.99000,0.12218,0.45131,0.00522,0.99000,-0.12039,0.45754,0.00845,0.99000,0.13062,0.89044,0.01840,0.99000,-0.13044,0.89873,0.02664,0.99000
2,0.1500,stand,0.20047,-0.49965,0.00820,0.99000,-0.19717,-0.49884,0.00834,0.99000,0.22698,-0.19774,0.00978,0.99000,-0.23439,-0.20193,0.00819,0.99000,0.21978,0.06277,0.00650,0.99000,-0.21831,0.06248,0.00139,0.99000,0.12036,0.00005,0.00246,0.99000,-0.12655,0.00038,0.00019,0.99000,0.12256,0.44615,-0.00302,0.99000,-0.12654,0.45173,-0.00153,0.99000,0.12753,0.89928,0.02224,0.99000,-0.11736,0.90399,0.01850,0.99000
2,0.2000,stand,0.19966,-0.49656,0.00740,0.99000,-0.20121,-0.49775,0.01351,0.99000,0.22075,-0.20049,0.00260,0.99000,-0.22859,-0.20867,0.00294,0.99000,0.21748,0.06842,0.00098,0.99000,-0.21597,0.06265,0.00157,0.99000,0.12274,0.00270,0.00750,0.99000,-0.12570,-0.00660,-0.00009,0.99000,0.12499,0.44345,-0.00342,0.99000,-0.12895,0.45457,-0.00481,0.99000,0.12923,0.90476,0.01910,0.99000,-0.11994,0.89415,0.01585,0.99000
2,0.2500,stand,0.20928,-0.50991,0.00935,0.99000,-0.19728,-0.50140,0.00542,0.99000,0.22590,-0.20436,0.00602,0.99000,-0.23375,-0.20777,-0.00268,0.99000,0.21061,0.06887,-0.00754,0.99000,-0.20933,0.06701,0.00536,0.99000,0.12378,-0.00140,-0.00007,0.99000,-0.12495,-0.00131,0.00362,0.99000,0.12338,0.44823,-0.00138,0.99000,-0.12110,0.44446,-0.00310,0.99000,0.11821,0.90253,0.01926,0.99000,-0.12626,0.90038,0.02145,0.99000
2,0.3000,stand,0.20446,-0.49979,0.00518,0.99000,-0.20327,-0.49235,0.01162,0.99000,0.23286,-0.20553,0.00141,0.99000,-0.23009,-0.20244,0.00976,0.99000,0.21876,0.06910,-0.00474,0.99000,-0.22889,0.07643,-0.00239,0.99000,0.12602,0.00288,0.00178,0.99000,-0.12642,0.00087,0.00169,0.99000,0.12449,0.45334,-0.00059,0.99000,-0.12660,0.45053,0.00123,0.99000,0.12580,0.89634,0.02220,0.99000,-0.12461,0.90291,0.02169,0.99000
2,0.3500,stand,0.19845,-0.49640,0.01459,0.99000,-0.20627,-0.50357,0.00770,0.99000,0.23035,-0.19790,0.00628,0.99000,-0.23474,-0.19909,0.00258,0.99000,0.21818,0.07026,-0.00360,0.99000,-0.21397,0.06539,0.00066,0.99000,0.12647,0.00477,-0.00072,0.99000,-0.12936,-0.00212,0.00155,0.99000,0.12276,0.45535,0.00410,0.99000,-0.12407,0.44242,-0.00114,0.99000,0.13034,0.89978,0.01970,0.99000,-0.12242,0.89325,0.02191,0.99000
2,0.4000,stand,0.19832,-0.49782,0.00295,0.99000,-0.19804,-0.49701,0.01119,0.99000,0.22258,-0.20187,0.00394,0.99000,-0.22441,-0.20780,0.00554,0.99000,0.22257,0.06085,0.00232,0.99000,-0.22337,0.06437,-0.00054,0.99000,0.12968,-0.00213,-0.00703,0.99000,-0.12659,-0.00010,0.00524,0.99000,0.12420,0.45178,0.00052,0.99000,-0.12928,0.45108,-0.00231,0.99000,0.12294,0.89820,0.02234,0.99000,-0.12018,0.90176,0.02474,0.99000
2,0.4500,stand,0.20627,-0.49915,0.00840,0.99000,-0.20478,-0.49403,0.01115,0.99000,0.23219,-0.20526,0.00639,0.99000,-0.23172,-0.20274,0.00390,0.99000,0.22292,0.06639,-0.00448,0.99000,-0.21295,0.06843,-0.00522,0.99000,0.12760,-0.00092,-0.00224,0.99000,-0.12505,0.00310,0.00425,0.99000,0.12759,0.43960,0.00121,0.99000,-0.12607,0.45128,-0.00106,0.99000,0.13137,0.90043,0.01697,0.99000,-0.12682,0.90014,0.02406,0.99000
2,0.5000,stand,0.19714,-0.50614,0.00861,0.99000,-0.19658,-0.49722,0.00818,0.99000,0.22668,-0.19980,0.00435,0.99000,-0.23000,-0.19749,0.00465,0.99000,0.21989,0.07166,-0.00518,0.99000,-0.22067,0.07260,-0.00138,0.99000,0.11455,-0.00205,0.00364,0.99000,-0.12301,-0.00675,-0.00330,0.99000,0.12104,0.45844,0.00686,0.99000,-0.12129,0.45865,-0.00074,0.99000,0.11930,0.90546,0.02760,0.99000,-0.12779,0.90185,0.02236,0.99000
2,0.5500,stand,0.20262,-0.49531,0.00454,0.99000,-0.20941,-0.50038,0.00483,0.99000,0.22309,-0.20490,0.00246,0.99000,-0.23354,-0.20166,0.00361,0.99000,0.21343,0.06557,0.00178,0.99000,-0.21767,0.06692,0.00133,0.99000,0.12124,-0.00389,0.00639,0.99000,-0.12724,0.00394,-0.00222,0.99000,0.12181,0.45433,0.00269,0.99000,-0.12775,0.45122,0.00336,0.99000,0.12053,0.91040,0.01957,0.99000,-0.13097,0.90098,0.01936,0.99000
2,0.6000,stand,0.19316,-0.50080,0.01096,0.99000,-0.20331,-0.50652,0.01047,0.99000,0.23683,-0.20489,0.00639,0.99000,-0.22607,-0.19983,0.00307,0.99000,0.22384,0.07022,0.00273,0.99000,-0.21783,0.06394,0.00084,0.99000,0.12572,-0.00700,-0.00031,0.99000,-0.12855,-0.00686,0.00586,0.99000,0.13060,0.44933,0.00192,0.99000,-0.13135,0.44921,-0.00331,0.99000,0.12243,0.89797,0.02647,0.99000,-0.12729,0.90474,0.01958,0.99000
2,0.6500,stand,0.20373,-0.50200,0.00619,0.99000,-0.20226,-0.50139,0.01272,0.99000,0.23031,-0.19970,0.00607,0.99000,-0.22508,-0.19955,-0.00167,0.99000,0.21412,0.06555,-0.00069,0.99000,-0.21703,0.07341,-0.00205,0.99000,0.12249,0.00405,-0.00519,0.99000,-0.12474,-0.00158,-0.00192,0.99000,0.13197,0.45590,0.00154,0.99000,-0.12077,0.45047,0.00055,0.99000,0.12481,0.89514,0.02781,0.99000,-0.12463,0.90399,0.02197,0.99000
2,0.7000,stand,0.19858,-0.49551,0.01322,0.99000,-0.20326,-0.48854,0.01264,0.99000,0.23439,-0.20159,0.00868,0.99000,-0.23078,-0.20332,-0.00194,0.99000,0.20700,0.06831,-0.00076,0.99000,-0.21605,0.06079,-0.00096,0.99000,0.12225,-0.00203,0.00278,0.99000,-0.12866,0.00073,-0.00040,0.99000,0.12709,0.45034,-0.00224,0.99000,-0.12338,0.45716,-0.00295,0.99000,0.12410,0.89925,0.01694,0.99000,-0.12802,0.89874,0.02384,0.99000
2,0.7500,stand,0.20219,-0.50191,0.00476,0.99000,-0.20484,-0.49920,0.00516,0.99000,0.23253,-0.20308,0.00184,0.99000,-0.23076,-0.19755,0.00457,0.99000,0.21909,0.07005,-0.00360,0.99000,-0.22212,0.06765,0.00317,0.99000,0.12429,-0.00005,0.00030,0.99000,-0.12718,-0.00144,-0.00066,0.99000,0.12478,0.45178,-0.00365,0.99000,-0.12576,0.45449,0.00450,0.99000,0.12190,0.90908,0.02471,0.99000,-0.12497,0.89996,0.01530,0.99000
2,0.8000,stand,0.19684,-0.49386,0.00148,0.99000,-0.20024,-0.49111,0.00930,0.99000,0.23402,-0.20091,-0.00058,0.99000,-0.23141,-0.19733,0.00787,0.99000,0.21867,0.07134,0.00244,0.99000,-0.21766,0.06628,-0.00319,0.99000,0.12311,-0.00105,-0.00009,0.99000,-0.12715,0.00126,0.00749,0.99000,0.12075,0.45391,-0.00419,0.99000,-0.12522,0.44786,0.00243,0.99000,0.12597,0.89817,0.02631,0.99000,-0.12310,0.89946,0.02174,0.99000
2,0.8500,stand,0.20086,-0.49940,0.00696,0.99000,-0.19562,-0.49746,0.00049,0.99000,0.22508,-0.20232,0.00523,0.99000,-0.22895,-0.20393,-0.00620,0.99000,0.21812,0.06922,0.00461,0.99000,-0.22067,0.07493,-0.00430,0.99000,0.12944,0.00438,-0.00541,0.99000,-0.12286,-0.00308,0.00010,0.99000,0.12312,0.45607,-0.00013,0.99000,-0.12409,0.45343,0.00266,0.99000,0.12051,0.89577,0.02450,0.99000,-0.12626,0.89017,0.02206,0.99000
2,0.9000,stand,0.20186,-0.50670,0.00276,0.99000,-0.20070,-0.49659,0.00946,0.99000,0.23023,-0.19678,0.00368,0.99000,-0.22808,-0.20138,0.00436,0.99000,0.21699,0.05664,-0.00357,0.99000,-0.22159,0.06661,-0.00851,0.99000,0.12421,0.00400,-0.00629,0.99000,-0.12793,-0.00166,-0.00009,0.99000,0.11941,0.45741,-0.00501,0.99000,-0.12862,0.45012,-0.00287,0.99000,0.12479,0.90333,0.02374,0.99000,-0.12727,0.90216,0.01911,0.99000
2,0.9500,stand,0.19766,-0.50042,0.00957,0.99000,-0.20147,-0.50440,0.00873,0.99000,0.23137,-0.19972,-0.00048,0.99000,-0.23500,-0.19740,0.00613,0.99000,0.21960,0.07556,-0.00371,0.99000,-0.22139,0.06841,0.00293,0.99000,0.12330,-0.00054,0.00012,0.99000,-0.12570,0.00121,0.00489,0.99000,0.12670,0.45645,0.00282,0.99000,-0.12886,0.45376,0.00119,0.99000,0.12270,0.90100,0.01972,0.99000,-0.11899,0.89581,0.01810,0.99000
2,1.0000,stand,0.19922,-0.49841,0.00189,0.99000,-0.20015,-0.50104,0.00496,0.99000,0.22994,-0.20492,0.00428,0.99000,-0.22925,-0.20157,0.00493,0.99000,0.22029,0.07561,0.00381,0.99000,-0.21924,0.07708,0.00171,0.99000,0.12406,0.00220,0.00073,0.99000,-0.12244,-0.00194,0.00066,0.99000,0.11796,0.45076,0.00496,0.99000,-0.11799,0.45924,-0.00047,0.99000,0.12925,0.90060,0.02005,0.99000,-0.12961,0.89194,0.02402,0.99000
2,1.0500,stand,0.19763,-0.50804,-0.00006,0.99000,-0.20400,-0.49648,0.00082,0.99000,0.23461,-0.20769,0.00269,0.99000,-0.22988,-0.20156,0.00197,0.99000,0.21524,0.06338,-0.00546,0.99000,-0.21951,0.05920,0.00008,0.99000,0.12508,-0.00214,-0.00546,0.99000,-0.12529,0.00167,-0.00007,0.99000,0.12781,0.45131,-0.00773,0.99000,-0.11360,0.45291,0.00148,0.99000,0.12945,0.89910,0.02261,0.99000,-0.12414,0.89322,0.02542,0.99000
2,1.1000,stand,0.20227,-0.50056,0.00186,0.99000,-0.19795,-0.49804,-0.00173,0.99000,0.23291,-0.20558,0.00488,0.99000,-0.23065,-0.20119,-0.00209,0.99000,0.21956,0.06253,0.00096,0.99000,-0.21745,0.06525,-0.00271,0.99000,0.12292,-0.00225,-0.00192,0.99000,-0.12315,0.00200,-0.00278,0.99000,0.12308,0.45654,-0.00140,0.99000,-0.12224,0.44761,0.00106,0.99000,0.12656,0.90272,0.02576,0.99000,-0.12573,0.89060,0.02353,0.99000
2,1.1500,stand,0.19907,-0.49407,0.00545,0.99000,-0.19273,-0.49426,-0.00276,0.99000,0.23479,-0.20200,0.00247,0.99000,-0.22563,-0.20749,0.00018,0.99000,0.22522,0.07029,0.00134,0.99000,-0.21834,0.06540,-0.00443,0.99000,0.13079,0.00008,0.00312,0.99000,-0.12999,-0.00373,0.00097,0.99000,0.12859,0.44233,-0.00190,0.99000,-0.11866,0.44656,-0.00094,0.99000,0.12547,0.89629,0.01968,0.99000,-0.12129,0.90145,0.02571,0.99000
2,1.2000,stand,0.20115,-0.50024,0.00083,0.99000,-0.19599,-0.49257,0.00648,0.99000,0.23813,-0.20630,-0.00274,0.99000,-0.22627,-0.20078,0.00539,0.99000,0.21559,0.06916,0.00567,0.99000,-0.22316,0.06073,0.00241,0.99000,0.12954,-0.00495,-0.00160,0.99000,-0.13157,0.00282,-0.00124,0.99000,0.12455,0.44776,-0.00382,0.99000,-0.11900,0.44319,0.00356,0.99000,0.12552,0.90375,0.02401,0.99000,-0.12585,0.90448,0.02237,0.99000
2,1.2500,stand,0.20009,-0.50225,-0.00113,0.99000,-0.19261,-0.50358,0.00024,0.99000,0.23823,-0.19776,-0.00108,0.99000,-0.22554,-0.20467,0.00218,0.99000,0.22204,0.06639,-0.00319,0.99000,-0.21589,0.07241,0.00599,0.99000,0.13264,0.00239,0.00291,0.99000,-0.12810,-0.00380,-0.00890,0.99000,0.12528,0.44982,-0.00205,0.99000,-0.12437,0.44398,-0.00301,0.99000,0.12943,0.90017,0.01556,0.99000,-0.12982,0.90396,0.02738,0.99000
2,1.3000,stand,0.20352,-0.49681,-0.00205,0.99000,-0.20376,-0.49786,0.00159,0.99000,0.22913,-0.20087,0.00051,0.99000,-0.22498,-0.19882,-0.00053,0.99000,0.22209,0.06861,0.00207,0.99000,-0.21275,0.06367,0.00025,0.99000,0.12193,-0.00079,0.00042,0.99000,-0.12059,0.00346,0.00001,0.99000,0.12531,0.44791,0.00626,0.99000,-0.12734,0.45969,-0.00246,0.99000,0.12397,0.89938,0.01569,0.99000,-0.12782,0.89931,0.02572,0.99000
2,1.3500,stand,0.19845,-0.50299,-0.00350,0.99000,-0.19864,-0.50792,-0.00236,0.99000,0.23624,-0.19560,-0.00236,0.99000,-0.23145,-0.19480,0.00006,0.99000,0.21860,0.06397,-0.00022,0.99000,-0.21228,0.06718,0.00518,0.99000,0.13156,-0.00311,-0.00695,0.99000,-0.12793,0.00289,0.00283,0.99000,0.12531,0.44986,-0.00580,0.99000,-0.12506,0.44071,-0.00521,0.99000,0.13011,0.89772,0.02364,0.99000,-0.11931,0.89419,0.01891,0.99000
2,1.4000,stand,0.20424,-0.50063,-0.00387,0.99000,-0.20387,-0.49472,-0.00860,0.99000,0.23055,-0.19745,0.00194,0.99000,-0.23002,-0.20299,-0.00018,0.99000,0.22318,0.06722,0.00151,0.99000,-0.21946,0.07570,-0.00201,0.99000,0.12169,-0.00064,0.00403,0.99000,-0.13156,0.00664,0.00121,0.99000,0.13062,0.44718,-0.00857,0.99000,-0.12792,0.44621,-0.00193,0.99000,0.11955,0.90029,0.02236,0.99000,-0.12784,0.90160,0.02274,0.99000
2,1.4500,stand,0.19613,-0.50078,0.00378,0.99000,-0.20880,-0.50252,-0.01176,0.99000,0.23100,-0.20523,-0.00101,0.99000,-0.23277,-0.20169,-0.00030,0.99000,0.22238,0.06816,0.00609,0.99000,-0.21988,0.07178,0.00656,0.99000,0.12242,0.00413,0.00132,0.99000,-0.11547,-0.00747,-0.00556,0.99000,0.11820,0.44586,-0.00526,0.99000,-0.12442,0.44767,0.00609,0.99000,0.12503,0.90375,0.02479,0.99000,-0.13144,0.89912,0.02521,0.99000
2,1.5000,stand,0.20342,-0.50088,-0.00528,0.99000,-0.20520,-0.49487,-0.00924,0.99000,0.23108,-0.20871,-0.00232,0.99000,-0.22896,-0.20177,-0.00163,0.99000,0.21764,0.07247,-0.00200,0.99000,-0.22040,0.06809,-0.00021,0.99000,0.12574,0.00662,0.00160,0.99000,-0.12860,0.00259,-0.00700,0.99000,0.12935,0.45326,-0.00323,0.99000,-0.13081,0.45081,-0.00822,0.99000,0.12603,0.90321,0.02024,0.99000,-0.12026,0.89504,0.02050,0.99000
2,1.5500,stand,0.19608,-0.50278,-0.00823,0.99000,-0.19343,-0.48925,0.00131,0.99000,0.22668,-0.20335,-0.00186,0.99000,-0.22669,-0.20175,-0.00394,0.99000,0.22088,0.07158,0.00166,0.99000,-0.21964,0.06723,-0.00704,0.99000,0.12265,-0.00272,0.00590,0.99000,-0.12074,-0.00779,-0.00459,0.99000,0.12934,0.45012,-0.00082,0.99000,-0.12307,0.44427,-0.00061,0.99000,0.11730,0.89573,0.02136,0.99000,-0.12927,0.90083,0.02232,0.99000
2,1.6000,stand,0.19813,-0.50010,-0.00281,0.99000,-0.19723,-0.49684,-0.01051,0.99000,0.22794,-0.19675,-0.00510,0.99000,-0.22812,-0.20501,-0.00408,0.99000,0.22571,0.06851,-0.00672,0.99000,-0.21748,0.07356,-0.00020,0.99000,0.11611,-0.00296,-0.00193,0.99000,-0.12435,0.00016,0.00166,0.99000,0.12321,0.45071,0.00112,0.99000,-0.11867,0.45075,0.00293,0.99000,0.12026,0.90287,0.02334,0.99000,-0.13082,0.90068,0.02506,0.99000
2,1.6500,stand,0.19768,-0.49703,-0.01324,0.99000,-0.19804,-0.49332,-0.00576,0.99000,0.23318,-0.20299,-0.00026,0.99000,-0.22137,-0.19332,-0.00207,0.99000,0.21782,0.06976,-0.00284,0.99000,-0.22135,0.06519,0.00106,0.99000,0.11724,0.01025,0.00684,0.99000,-0.12937,-0.00343,-0.00350,0.99000,0.12953,0.44883,0.00243,0.99000,-0.12718,0.45124,-0.00038,0.99000,0.12283,0.89352,0.01940,0.99000,-0.12131,0.90139,0.02519,0.99000
2,1.7000,stand,0.19609,-0.49401,-0.00377,0.99000,-0.20128,-0.50158,-0.00196,0.99000,0.22573,-0.19998,0.00494,0.99000,-0.23611,-0.20780,0.00203,0.99000,0.21678,0.06665,0.00518,0.99000,-0.21375,0.07003,0.00213,0.99000,0.12841,0.00516,-0.00053,0.99000,-0.12377,-0.00284,-0.00033,0.99000,0.12739,0.44803,-0.00389,0.99000,-0.12178,0.44338,-0.00687,0.99000,0.12507,0.90068,0.01966,0.99000,-0.12469,0.90187,0.01862,0.99000
2,1.7500,stand,0.20194,-0.49696,-0.00617,0.99000,-0.20282,-0.49574,-0.00956,0.99000,0.23019,-0.20271,-0.00777,0.99000,-0.23076,-0.19622,0.00012,0.99000,0.21117,0.06583,-0.00313,0.99000,-0.21783,0.06982,0.00419,0.99000,0.12348,0.00019,0.00052,0.99000,-0.12507,0.00805,-0.00141,0.99000,0.12204,0.45736,-0.00726,0.99000,-0.12580,0.44870,-0.00127,0.99000,0.12071,0.89698,0.01775,0.99000,-0.12140,0.89228,0.02176,0.99000
2,1.8000,stand,0.20276,-0.50212,-0.01076,0.99000,-0.20209,-0.49907,-0.00110,0.99000,0.22701,-0.20310,-0.00319,0.99000,-0.23553,-0.19612,0.00031,0.99000,0.22842,0.06632,0.00612,0.99000,-0.21609,0.06745,-0.00758,0.99000,0.12298,-0.00115,-0.00507,0.99000,-0.12448,-0.00398,-0.00242,0.99000,0.12499,0.44986,-0.00574,0.99000,-0.12331,0.45690,-0.00424,0.99000,0.12218,0.90465,0.02516,0.99000,-0.12462,0.90298,0.02096,0.99000
2,1.8500,stand,0.20875,-0.49612,-0.00950,0.99000,-0.20001,-0.50070,-0.00349,0.99000,0.23264,-0.19860,0.00104,0.99000,-0.22348,-0.20186,0.00111,0.99000,0.21579,0.07135,0.00124,0.99000,-0.22217,0.06388,-0.00459,0.99000,0.12905,-0.00283,-0.00346,0.99000,-0.11480,0.00389,0.00348,0.99000,0.12930,0.45445,0.00629,0.99000,-0.12757,0.44834,-0.00306,0.99000,0.11780,0.90215,0.02123,0.99000,-0.12591,0.90247,0.01924,0.99000
2,1.9000,stand,0.20380,-0.49884,-0.00852,0.99000,-0.19972,-0.50328,-0.01315,0.99000,0.23275,-0.20485,-0.00141,0.99000,-0.23119,-0.20043,-0.00163,0.99000,0.22028,0.06765,0.00484,0.99000,-0.22135,0.06957,-0.00444,0.99000,0.12207,-0.00107,-0.00324,0.99000,-0.12991,0.00471,0.00826,0.99000,0.11654,0.44396,0.00264,0.99000,-0.12818,0.45152,-0.00093,0.99000,0.11928,0.90403,0.01933,0.99000,-0.12702,0.90054,0.01714,0.99000
2,1.9500,stand,0.19942,-0.50041,-0.01477,0.99000,-0.19597,-0.50331,-0.01196,0.99000,0.22874,-0.20426,-0.00359,0.99000,-0.22999,-0.18851,-0.00200,0.99000,0.21688,0.07276,-0.00294,0.99000,-0.21668,0.07292,-0.00557,0.99000,0.12680,0.01126,-0.00081,0.99000,-0.12157,0.00151,-0.01056,0.99000,0.12887,0.45241,0.00391,0.99000,-0.12414,0.44754,0.00254,0.99000,0.12667,0.89589,0.02396,0.99000,-0.11240,0.89887,0.02662,0.99000
2,2.0000,stand,0.20662,-0.49607,-0.00457,0.99000,-0.20064,-0.49866,-0.01415,0.99000,0.22296,-0.20042,-0.00291,0.99000,-0.22215,-0.20242,-0.00323,0.99000,0.21651,0.07042,0.00218,0.99000,-0.22062,0.06590,0.00711,0.99000,0.12571,-0.00696,0.00699,0.99000,-0.12091,0.00148,-0.00260,0.99000,0.12218,0.45573,-0.00433,0.99000,-0.12352,0.45665,-0.00207,0.99000,0.12755,0.89552,0.01399,0.99000,-0.12805,0.89544,0.01977,0.99000
2,2.0500,stand,0.20164,-0.49364,-0.00713,0.99000,-0.20751,-0.50190,-0.00655,0.99000,0.22862,-0.20488,-0.00229,0.99000,-0.22592,-0.20700,0.00351,0.99000,0.21448,0.06776,-0.00494,0.99000,-0.21901,0.07339,-0.00574,0.99000,0.11610,0.00359,-0.00078,0.99000,-0.11999,0.00742,-0.00584,0.99000,0.12333,0.45676,0.00301,0.99000,-0.12058,0.45405,-0.00641,0.99000,0.11842,0.89885,0.03243,0.99000,-0.12532,0.90141,0.02606,0.99000
2,2.1000,stand,0.19753,-0.50102,-0.01017,0.99000,-0.20712,-0.50385,-0.00613,0.99000,0.23364,-0.20498,-0.00850,0.99000,-0.22573,-0.19632,-0.01353,0.99000,0.22220,0.07083,0.00205,0.99000,-0.21601,0.06719,-0.00479,0.99000,0.12772,-0.00250,-0.00137,0.99000,-0.12947,0.00840,-0.00404,0.99000,0.12027,0.44530,-0.00157,0.99000,-0.12607,0.44736,0.00458,0.99000,0.12606,0.89755,0.02606,0.99000,-0.12065,0.89427,0.02144,0.99000
2,2.1500,stand,0.19965,-0.49795,-0.00904,0.99000,-0.19451,-0.49658,-0.01288,0.99000,0.23118,-0.19380,-0.00644,0.99000,-0.23172,-0.20109,-0.00346,0.99000,0.22262,0.07170,-0.00804,0.99000,-0.21897,0.06870,-0.00440,0.99000,0.12365,-0.00929,0.00163,0.99000,-0.11867,-0.00167,-0.00209,0.99000,0.12070,0.44906,0.00132,0.99000,-0.12142,0.44798,0.00598,0.99000,0.12769,0.90097,0.02910,0.99000,-0.13462,0.89229,0.02050,0.99000
2,2.2000,stand,0.20415,-0.50480,-0.00944,0.99000,-0.19946,-0.49922,-0.01184,0.99000,0.23176,-0.20220,0.00137,0.99000,-0.22410,-0.19734,-0.00526,0.99000,0.22380,0.06857,0.00355,0.99000,-0.22484,0.06557,0.00045,0.99000,0.12824,0.00241,-0.00027,0.99000,-0.13191,-0.00133,-0.00265,0.99000,0.13088,0.44808,0.00159,0.99000,-0.12925,0.44595,0.00110,0.99000,0.12674,0.90676,0.02487,0.99000,-0.12202,0.90367,0.01458,0.99000
2,2.2500,stand,0.19458,-0.49813,-0.01286,0.99000,-0.20732,-0.50475,-0.01409,0.99000,0.23756,-0.20767,-0.00916,0.99000,-0.23222,-0.20395,-0.00773,0.99000,0.21274,0.07343,-0.00095,0.99000,-0.21965,0.06688,-0.00233,0.99000,0.12642,-0.00725,0.00043,0.99000,-0.12509,0.00118,0.00009,0.99000,0.12573,0.45133,-0.00042,0.99000,-0.12347,0.46118,-0.00100,0.99000,0.11846,0.89353,0.02371,0.99000,-0.13039,0.90154,0.01729,0.99000
2,2.3000,stand,0.19974,-0.48865,-0.00491,0.99000,-0.19645,-0.50207,-0.01200,0.99000,0.23060,-0.20643,-0.00503,0.99000,-0.23448,-0.20118,-0.00665,0.99000,0.22176,0.07098,0.00471,0.99000,-0.22286,0.07149,0.00201,0.99000,0.12983,-0.00112,0.00281,0.99000,-0.12583,0.00862,0.00634,0.99000,0.12378,0.45329,0.00196,0.99000,-0.12726,0.44244,0.00187,0.99000,0.12098,0.89680,0.01591,0.99000,-0.12646,0.89692,0.02184,0.99000
2,2.3500,stand,0.19521,-0.49203,-0.00602,0.99000,-0.20396,-0.50092,-0.00155,0.99000,0.23242,-0.19881,-0.00003,0.99000,-0.23437,-0.20171,0.00667,0.99000,0.21713,0.06918,0.00094,0.99000,-0.22096,0.06953,-0.00774,0.99000,0.12749,-0.00762,0.00076,0.99000,-0.12079,-0.00506,-0.00207,0.99000,0.11889,0.45230,0.00407,0.99000,-0.12262,0.44703,0.00556,0.99000,0.13405,0.89742,0.02108,0.99000,-0.12749,0.91002,0.02455,0.99000
2,2.4000,stand,0.19565,-0.50247,-0.00582,0.99000,-0.19812,-0.49992,-0.01759,0.99000,0.23721,-0.19812,0.00348,0.99000,-0.22734,-0.19780,-0.00127,0.99000,0.21174,0.06934,0.00370,0.99000,-0.22043,0.06612,0.00294,0.99000,0.12710,0.00122,0.00246,0.99000,-0.11666,-0.00023,-0.00169,0.99000,0.12938,0.44621,-0.00509,0.99000,-0.12180,0.45058,0.00133,0.99000,0.13016,0.90154,0.02746,0.99000,-0.12108,0.89620,0.01459,0.99000
2,2.4500,stand,0.20133,-0.50373,-0.01255,0.99000,-0.19543,-0.49881,-0.00584,0.99000,0.22860,-0.19839,-0.00651,0.99000,-0.23192,-0.20263,-0.00547,0.99000,0.21308,0.06603,0.00248,0.99000,-0.22356,0.07533,0.00018,0.99000,0.11824,0.00534,0.00194,0.99000,-0.12996,-0.00235,-0.00296,0.99000,0.12056,0.44554,0.00510,0.99000,-0.12409,0.44995,-0.00583,0.99000,0.12917,0.89613,0.02005,0.99000,-0.13223,0.90015,0.02017,0.99000
2,2.5000,stand,0.20115,-0.50273,-0.00673,0.99000,-0.19562,-0.50009,-0.01491,0.99000,0.22706,-0.20656,-0.00079,0.99000,-0.23305,-0.19768,-0.00552,0.99000,0.21973,0.07313,0.00100,0.99000,-0.21779,0.06841,0.00068,0.99000,0.13195,-0.00411,-0.00070,0.99000,-0.11755,-0.00259,-0.00151,0.99000,0.12906,0.44678,0.00019,0.99000,-0.11930,0.44926,-0.00284,0.99000,0.12406,0.90813,0.02292,0.99000,-0.12577,0.89775,0.03044,0.99000
2,2.5500,stand,0.19761,-0.49598,-0.01194,0.99000,-0.20230,-0.49538,-0.00869,0.99000,0.23392,-0.20413,-0.00773,0.99000,-0.22994,-0.19824,0.00255,0.99000,0.22006,0.06560,0.00075,0.99000,-0.21429,0.07138,-0.00298,0.99000,0.12125,0.00274,0.00356,0.99000,-0.12755,0.00833,-0.00509,0.99000,0.12280,0.44574,-0.00518,0.99000,-0.12374,0.45225,-0.00548,0.99000,0.11630,0.90239,0.02133,0.99000,-0.12867,0.90128,0.02113,0.99000
2,2.6000,stand,0.19473,-0.50162,-0.00981,0.99000,-0.19744,-0.49968,-0.00915,0.99000,0.23195,-0.20241,0.00470,0.99000,-0.23239,-0.20145,-0.00613,0.99000,0.21954,0.07079,-0.00162,0.99000,-0.20871,0.06885,-0.00070,0.99000,0.12640,0.00166,0.00097,0.99000,-0.12343,0.00261,-0.00502,0.99000,0.12580,0.44450,0.00551,0.99000,-0.12336,0.44949,-0.00301,0.99000,0.12896,0.89663,0.02615,0.99000,-0.12149,0.89971,0.02471,0.99000
2,2.6500,stand,0.19721,-0.49846,-0.01093,0.99000,-0.19905,-0.50294,-0.01230,0.99000,0.22168,-0.20763,-0.00199,0.99000,-0.22950,-0.20946,-0.00268,0.99000,0.21864,0.07348,-0.00379,0.99000,-0.22425,0.07155,0.00608,0.99000,0.12365,0.00016,-0.00434,0.99000,-0.12938,0.00477,0.00121,0.99000,0.11934,0.44515,-0.00868,0.99000,-0.12403,0.45236,0.00443,0.99000,0.12421,0.90083,0.01180,0.99000,-0.12217,0.89288,0.02521,0.99000
2,2.7000,stand,0.19377,-0.50017,-0.00404,0.99000,-0.19972,-0.50078,-0.00135,0.99000,0.22933,-0.19944,-0.00709,0.99000,-0.23093,-0.20678,0.00038,0.99000,0.21801,0.06448,-0.00309,0.99000,-0.21355,0.07112,-0.00015,0.99000,0.12671,0.00410,0.00185,0.99000,-0.12518,-0.00079,0.00508,0.99000,0.12448,0.45335,-0.00227,0.99000,-0.12209,0.44870,-0.00324,0.99000,0.12850,0.89018,0.01762,0.99000,-0.12532,0.89661,0.02121,0.99000
2,2.7500,stand,0.20059,-0.50004,-0.00510,0.99000,-0.20497,-0.49965,-0.01040,0.99000,0.22469,-0.19563,-0.00811,0.99000,-0.22611,-0.20311,0.00202,0.99000,0.21230,0.06990,0.00147,0.99000,-0.21670,0.07347,-0.00061,0.99000,0.13139,-0.00253,-0.00132,0.99000,-0.12345,-0.00285,-0.00652,0.99000,0.12935,0.44615,0.00193,0.99000,-0.12492,0.45551,0.00274,0.99000,0.12070,0.90568,0.02864,0.99000,-0.11909,0.90455,0.02233,0.99000
2,2.8000,stand,0.19953,-0.49852,-0.00242,0.99000,-0.19462,-0.50211,-0.00343,0.99000,0.23104,-0.20309,0.00391,0.99000,-0.22842,-0.19808,0.00024,0.99000,0.22308,0.06932,0.00265,0.99000,-0.21951,0.07410,-0.00010,0.99000,0.12420,0.00337,0.00143,0.99000,-0.12782,-0.00377,-0.00140,0.99000,0.13146,0.45743,-0.00157,0.99000,-0.12212,0.45222,-0.00457,0.99000,0.12677,0.89414,0.02421,0.99000,-0.12059,0.90037,0.02303,0.99000
2,2.8500,stand,0.19981,-0.50227,-0.00149,0.99000,-0.20214,-0.49328,-0.00192,0.99000,0.23347,-0.20518,-0.00654,0.99000,-0.23308,-0.20432,-0.00140,0.99000,0.21837,0.06827,-0.00184,0.99000,-0.22787,0.06581,0.00034,0.99000,0.13284,-0.00167,-0.00526,0.99000,-0.13003,0.00038,-0.00307,0.99000,0.12593,0.44896,-0.00105,0.99000,-0.12678,0.45090,-0.00007,0.99000,0.12740,0.90079,0.03203,0.99000,-0.12402,0.90206,0.01963,0.99000
2,2.9000,stand,0.20506,-0.49237,-0.00230,0.99000,-0.20259,-0.48893,-0.00323,0.99000,0.22328,-0.19972,-0.00285,0.99000,-0.23236,-0.20071,0.00648,0.99000,0.21254,0.06248,0.00168,0.99000,-0.20645,0.06607,-0.00216,0.99000,0.12597,-0.00145,0.00259,0.99000,-0.12529,0.00105,-0.00333,0.99000,0.12664,0.45154,-0.00146,0.99000,-0.12079,0.45098,0.00530,0.99000,0.12547,0.89466,0.02089,0.99000,-0.12401,0.89637,0.02812,0.99000
2,2.9500,stand,0.19674,-0.49704,-0.00280,0.99000,-0.19815,-0.50470,0.00742,0.99000,0.22672,-0.20382,-0.00429,0.99000,-0.22484,-0.19934,0.00245,0.99000,0.21647,0.06717,0.00612,0.99000,-0.22699,0.06716,-0.00823,0.99000,0.11990,-0.00120,-0.00690,0.99000,-0.12551,0.00171,-0.00048,0.99000,0.12404,0.44893,-0.00919,0.99000,-0.12194,0.45268,0.00637,0.99000,0.12449,0.90195,0.02435,0.99000,-0.12716,0.89998,0.02766,0.99000
2,3.0000,stand,0.20349,-0.50744,0.00099,0.99000,-0.20070,-0.50209,-0.00486,0.99000,0.23617,-0.21023,-0.00436,0.99000,-0.22994,-0.20362,0.00717,0.99000,0.21678,0.06227,-0.00248,0.99000,-0.22053,0.06173,-0.00184,0.99000,0.11787,-0.00575,0.00612,0.99000,-0.12530,-0.00287,-0.00089,0.99000,0.12477,0.44781,-0.00041,0.99000,-0.12035,0.44478,-0.00272,0.99000,0.12892,0.90345,0.02021,0.99000,-0.12354,0.89904,0.01882,0.99000
2,3.0500,stand,0.19938,-0.50018,0.00028,0.99000,-0.20192,-0.50202,0.00270,0.99000,0.23413,-0.19828,0.00166,0.99000,-0.22931,-0.20160,0.00245,0.99000,0.20730,0.06333,-0.00045,0.99000,-0.22008,0.05973,-0.00223,0.99000,0.12755,0.00034,-0.00122,0.99000,-0.12383,-0.00758,0.00115,0.99000,0.12904,0.44470,0.00454,0.99000,-0.12730,0.44563,-0.00752,0.99000,0.12955,0.89766,0.01853,0.99000,-0.12749,0.89491,0.02433,0.99000
2,3.1000,stand,0.19907,-0.50219,-0.00460,0.99000,-0.19857,-0.50764,-0.00094,0.99000,0.23582,-0.20282,0.00015,0.99000,-0.22409,-0.19729,-0.00825,0.99000,0.21586,0.07441,0.00075,0.99000,-0.22218,0.07162,0.00430,0.99000,0.12217,-0.00479,-0.00468,0.99000,-0.12885,-0.00024,-0.00277,0.99000,0.12862,0.45323,0.00987,0.99000,-0.12789,0.44711,-0.00054,0.99000,0.12140,0.89853,0.03016,0.99000,-0.12750,0.90107,0.01973,0.99000
2,3.1500,stand,0.20504,-0.50250,0.00205,0.99000,-0.20144,-0.50499,0.00557,0.99000,0.22978,-0.19587,0.00410,0.99000,-0.23271,-0.20480,-0.00895,0.99000,0.22119,0.06761,0.00483,0.99000,-0.21859,0.07475,-0.00045,0.99000,0.12659,0.00109,0.00362,0.99000,-0.12371,-0.00860,-0.01010,0.99000,0.13011,0.44865,-0.00136,0.99000,-0.12853,0.44476,-0.00298,0.99000,0.12408,0.90169,0.02546,0.99000,-0.12001,0.89696,0.02224,0.99000
2,3.2000,stand,0.20520,-0.50065,-0.00255,0.99000,-0.20172,-0.49966,-0.00739,0.99000,0.23730,-0.19896,0.00753,0.99000,-0.23133,-0.20151,-0.00171,0.99000,0.22080,0.07465,0.00699,0.99000,-0.21967,0.06592,-0.00501,0.99000,0.12960,0.00022,-0.00046,0.99000,-0.12563,-0.00088,0.00398,0.99000,0.12300,0.45651,-0.00384,0.99000,-0.12307,0.45919,-0.00665,0.99000,0.12074,0.89579,0.02526,0.99000,-0.12231,0.90172,0.02166,0.99000
2,3.2500,stand,0.20042,-0.50566,-0.00546,0.99000,-0.20705,-0.50448,-0.00139,0.99000,0.23172,-0.20377,0.00896,0.99000,-0.22245,-0.20444,-0.00386,0.99000,0.22074,0.06292,-0.00452,0.99000,-0.21149,0.06516,0.00552,0.99000,0.12782,-0.00374,0.00515,0.99000,-0.13027,-0.00571,-0.00359,0.99000,0.12398,0.44912,-0.00401,0.99000,-0.12984,0.44650,0.00512,0.99000,0.12318,0.89757,0.01984,0.99000,-0.12456,0.89148,0.02312,0.99000
2,3.3000,stand,0.19025,-0.50163,-0.00018,0.99000,-0.20367,-0.49985,0.00580,0.99000,0.22379,-0.20015,-0.00035,0.99000,-0.23552,-0.20214,0.00498,0.99000,0.20950,0.07053,0.00016,0.99000,-0.22202,0.06522,0.00158,0.99000,0.12421,0.00741,-0.00611,0.99000,-0.12811,0.00216,-0.00200,0.99000,0.12490,0.44908,0.00216,0.99000,-0.12636,0.44716,-0.00234,0.99000,0.12603,0.89975,0.02064,0.99000,-0.12493,0.89920,0.02609,0.99000
2,3.3500,stand,0.19780,-0.50366,0.00817,0.99000,-0.20380,-0.49633,0.00023,0.99000,0.22661,-0.19745,0.00702,0.99000,-0.23293,-0.20869,0.00049,0.99000,0.21444,0.06318,-0.00034,0.99000,-0.22081,0.08148,-0.00183,0.99000,0.12421,0.00089,0.00284,0.99000,-0.12517,0.00532,0.00415,0.99000,0.12915,0.45770,-0.00157,0.99000,-0.12526,0.45703,-0.00212,0.99000,0.12700,0.89841,0.02138,0.99000,-0.12507,0.89461,0.02094,0.99000
2,3.4000,stand,0.19846,-0.50667,0.00907,0.99000,-0.19921,-0.49704,0.00478,0.99000,0.23103,-0.19672,0.00144,0.99000,-0.22632,-0.20533,0.00424,0.99000,0.22044,0.07166,0.00063,0.99000,-0.21443,0.07008,-0.00306,0.99000,0.12664,-0.00566,-0.01103,0.99000,-0.12199,0.00189,-0.00314,0.99000,0.12641,0.45122,0.00043,0.99000,-0.12895,0.44936,-0.00518,0.99000,0.13042,0.90121,0.02783,0.99000,-0.13670,0.89574,0.01517,0.99000
2,3.4500,stand,0.19621,-0.50896,0.01170,0.99000,-0.20017,-0.50052,-0.00131,0.99000,0.22267,-0.20147,0.00215,0.99000,-0.23367,-0.20147,0.00528,0.99000,0.21677,0.06401,-0.00327,0.99000,-0.21769,0.07318,-0.00191,0.99000,0.12403,0.00514,-0.00573,0.99000,-0.11731,-0.00899,0.00342,0.99000,0.12217,0.45294,0.00900,0.99000,-0.12754,0.45352,0.00255,0.99000,0.12393,0.89630,0.02290,0.99000,-0.12201,0.89719,0.02451,0.99000
2,3.5000,stand,0.19836,-0.50575,0.00627,0.99000,-0.19864,-0.50349,0.00814,0.99000,0.22775,-0.19876,0.00749,0.99000,-0.23518,-0.19632,0.00112,0.99000,0.21793,0.06897,0.00362,0.99000,-0.21906,0.07394,-0.00428,0.99000,0.13223,-0.00073,0.00025,0.99000,-0.13261,-0.00386,0.00170,0.99000,0.12455,0.45520,-0.00276,0.99000,-0.12533,0.44321,-0.00065,0.99000,0.12392,0.89868,0.01745,0.99000,-0.13240,0.89496,0.01527,0.99000
2,3.5500,stand,0.19892,-0.49518,0.00171,0.99000,-0.20005,-0.50395,0.01339,0.99000,0.22901,-0.20164,-0.00069,0.99000,-0.22746,-0.19859,0.00737,0.99000,0.22013,0.06862,-0.00044,0.99000,-0.22120,0.06400,0.00742,0.99000,0.12833,-0.00127,0.00126,0.99000,-0.12434,-0.00533,-0.00205,0.99000,0.12521,0.45172,0.00285,0.99000,-0.12692,0.44911,0.00189,0.99000,0.12423,0.89691,0.02401,0.99000,-0.13050,0.89432,0.02057,0.99000
2,3.6000,stand,0.20357,-0.49578,0.01020,0.99000,-0.19956,-0.49743,0.00821,0.99000,0.22828,-0.20291,0.00859,0.99000,-0.22851,-0.19980,0.00075,0.99000,0.21586,0.07170,-0.00024,0.99000,-0.21987,0.07597,-0.00210,0.99000,0.13236,-0.00730,-0.00181,0.99000,-0.12892,0.00600,-0.00428,0.99000,0.12324,0.44725,0.00343,0.99000,-0.12025,0.45045,0.00267,0.99000,0.12213,0.90881,0.01919,0.99000,-0.12528,0.89910,0.02295,0.99000
2,3.6500,stand,0.20451,-0.49637,0.01692,0.99000,-0.19741,-0.50249,0.00824,0.99000,0.23997,-0.20402,0.00661,0.99000,-0.23251,-0.19291,0.00646,0.99000,0.21691,0.06493,0.00521,0.99000,-0.22015,0.06291,0.00029,0.99000,0.12692,0.00310,-0.00246,0.99000,-0.12877,0.00013,0.00235,0.99000,0.12484,0.45171,0.00588,0.99000,-0.11918,0.44542,0.00139,0.99000,0.12707,0.89387,0.02182,0.99000,-0.12098,0.90008,0.01985,0.99000
2,3.7000,stand,0.19874,-0.50081,0.00195,0.99000,-0.19779,-0.50405,0.00820,0.99000,0.23029,-0.20009,-0.00062,0.99000,-0.23002,-0.20166,0.00182,0.99000,0.21753,0.07113,-0.00584,0.99000,-0.21946,0.06554,0.00080,0.99000,0.11992,0.00217,0.00488,0.99000,-0.11939,-0.00104,-0.00468,0.99000,0.12337,0.44273,0.00254,0.99000,-0.11668,0.44659,0.00303,0.99000,0.12602,0.90214,0.03034,0.99000,-0.12408,0.90507,0.02073,0.99000
3,0.0000,stand,0.19609,-0.49984,-0.01564,0.99000,-0.19739,-0.50528,-0.01331,0.99000,0.22737,-0.21079,-0.00188,0.99000,-0.22104,-0.19879,-0.00032,0.99000,0.21172,0.06238,-0.00366,0.99000,-0.21902,0.07043,-0.00050,0.99000,0.12152,-0.00532,0.00333,0.99000,-0.12771,-0.00183,-0.00515,0.99000,0.12881,0.44877,-0.00371,0.99000,-0.12889,0.44763,0.00475,0.99000,0.12735,0.90140,0.02577,0.99000,-0.12792,0.89886,0.02468,0.99000
3,0.0500,stand,0.19855,-0.50229,-0.00778,0.99000,-0.20708,-0.51332,-0.00828,0.99000,0.22385,-0.20837,-0.00935,0.99000,-0.23637,-0.20725,-0.00543,0.99000,0.22559,0.07280,-0.00538,0.99000,-0.21810,0.06443,0.00909,0.99000,0.12368,-0.00182,-0.00473,0.99000,-0.12912,0.00113,0.00503,0.99000,0.12352,0.45303,0.00158,0.99000,-0.12828,0.45257,-0.00522,0.99000,0.12559,0.90328,0.02263,0.99000,-0.12257,0.90045,0.01768,0.99000
3,0.1000,stand,0.19619,-0.49605,-0.00944,0.99000,-0.20979,-0.49911,-0.00947,0.99000,0.22730,-0.19667,-0.00601,0.99000,-0.22799,-0.20635,-0.00906,0.99000,0.22723,0.06861,0.00347,0.99000,-0.21684,0.07218,0.00155,0.99000,0.12836,0.00158,-0.00394,0.99000,-0.13084,0.00855,-0.00526,0.99000,0.12139,0.44843,0.00210,0.99000,-0.13053,0.44992,0.00346,0.99000,0.12782,0.90086,0.02253,0.99000,-0.12569,0.90055,0.02230,0.99000
3,0.1500,stand,0.19322,-0.49928,0.00173,0.99000,-0.19391,-0.49542,-0.00743,0.99000,0.23025,-0.20269,0.00224,0.99000,-0.22454,-0.20197,-0.00443,0.99000,0.21741,0.06251,-0.00428,0.99000,-0.21016,0.06837,0.00453,0.99000,0.12407,-0.00124,0.00331,0.99000,-0.12015,-0.00135,0.00153,0.99000,0.12739,0.44894,-0.00156,0.99000,-0.12108,0.45809,0.00759,0.99000,0.12791,0.89454,0.02562,0.99000,-0.13061,0.89927,0.02028,0.99000
3,0.2000,stand,0.19801,-0.50299,-0.00419,0.99000,-0.20933,-0.50759,-0.01017,0.99000,0.23554,-0.20030,-0.00670,0.99000,-0.21905,-0.20598,0.00031,0.99000,0.21755,0.06646,0.00303,0.99000,-0.22215,0.06767,0.00158,0.99000,0.13240,0.00244,-0.00543,0.99000,-0.11850,-0.00388,0.00122,0.99000,0.13046,0.45041,0.00834,0.99000,-0.12340,0.45310,0.00541,0.99000,0.12416,0.89862,0.02758,0.99000,-0.12553,0.90283,0.02549,0.99000
3,0.2500,stand,0.19749,-0.49454,-0.00331,0.99000,-0.19752,-0.50609,-0.00988,0.99000,0.23063,-0.19738,-0.00424,0.99000,-0.22340,-0.20797,-0.00801,0.99000,0.21471,0.06998,0.00190,0.99000,-0.21865,0.06757,-0.00332,0.99000,0.11670,-0.00341,-0.00045,0.99000,-0.12457,0.00462,0.00415,0.99000,0.12208,0.45190,-0.00333,0.99000,-0.12367,0.45421,-0.00585,0.99000,0.13230,0.89767,0.02232,0.99000,-0.13024,0.90337,0.02147,0.99000
3,0.3000,stand,0.20018,-0.49997,0.00127,0.99000,-0.20329,-0.49463,-0.00254,0.99000,0.22721,-0.20198,-0.00077,0.99000,-0.22721,-0.20050,-0.00034,0.99000,0.22213,0.06955,0.00462,0.99000,-0.22455,0.06410,0.00615,0.99000,0.12707,-0.00222,0.00482,0.99000,-0.13052,0.00045,0.00455,0.99000,0.12035,0.44833,0.00183,0.99000,-0.12583,0.45138,0.00377,0.99000,0.12919,0.89973,0.01714,0.99000,-0.12068,0.89366,0.02189,0.99000
3,0.3500,stand,0.20093,-0.50410,-0.00445,0.99000,-0.20299,-0.49628,-0.00209,0.99000,0.23634,-0.20388,-0.00316,0.99000,-0.23558,-0.19895,-0.00385,0.99000,0.21925,0.06862,-0.00181,0.99000,-0.21393,0.05983,-0.00244,0.99000,0.12718,0.00290,-0.00276,0.99000,-0.12667,0.00146,-0.00086,0.99000,0.12852,0.45650,0.00229,0.99000,-0.12434,0.45128,-0.00010,0.99000,0.12922,0.89777,0.02107,0.99000,-0.12522,0.90269,0.02431,0.99000
3,0.4000,stand,0.19290,-0.49766,-0.00342,0.99000,-0.20018,-0.50398,-0.00651,0.99000,0.24080,-0.19730,0.00223,0.99000,-0.23053,-0.19895,0.00473,0.99000,0.21871,0.06600,0.00190,0.99000,-0.22768,0.06478,0.00080,0.99000,0.11891,0.00002,-0.00074,0.99000,-0.12399,0.00026,-0.00046,0.99000,0.12816,0.44443,0.00161,0.99000,-0.12079,0.45343,-0.00175,0.99000,0.12529,0.89969,0.02778,0.99000,-0.12034,0.89777,0.02032,0.99000
3,0.4500,stand,0.20357,-0.50717,-0.00372,0.99000,-0.20180,-0.49812,-0.00651,0.99000,0.22787,-0.20161,0.00047,0.99000,-0.22428,-0.20040,-0.00112,0.99000,0.22134,0.06364,-0.00086,0.99000,-0.22119,0.07391,0.00243,0.99000,0.12078,0.00006,0.00667,0.99000,-0.11936,-0.00526,-0.00548,0.99000,0.12292,0.44802,0.00446,0.99000,-0.12477,0.44912,-0.00693,0.99000,0.13232,0.89730,0.02911,0.99000,-0.12543,0.89902,0.02401,0.99000
3,0.5000,stand,0.19850,-0.50844,-0.00589,0.99000,-0.19843,-0.49820,0.00238,0.99000,0.23245,-0.20058,-0.00921,0.99000,-0.23188,-0.19719,0.00381,0.99000,0.20924,0.05838,-0.00567,0.99000,-0.21462,0.06815,-0.00462,0.99000,0.12212,0.01346,0.00613,0.99000,-0.13022,-0.00135,-0.00118,0.99000,0.12414,0.45250,-0.00376,0.99000,-0.11943,0.45202,0.00237,0.99000,0.12664,0.89529,0.02104,0.99000,-0.12827,0.90175,0.01416,0.99000
3,0.5500,stand,0.19918,-0.50993,-0.00351,0.99000,-0.19930,-0.50109,0.00146,0.99000,0.23763,-0.20658,0.00119,0.99000,-0.23251,-0.20182,-0.00268,0.99000,0.22620,0.06196,-0.00068,0.99000,-0.21780,0.06540,0.00301,0.99000,0.12936,0.00433,0.00206,0.99000,-0.12337,0.00545,0.00267,0.99000,0.12164,0.44789,-0.00024,0.99000,-0.12259,0.45057,0.00149,0.99000,0.11988,0.90441,0.02771,0.99000,-0.12487,0.89706,0.01755,0.99000
3,0.6000,stand,0.19928,-0.50484,-0.00390,0.99000,-0.19554,-0.50955,-0.00469,0.99000,0.22989,-0.20003,-0.00093,0.99000,-0.22024,-0.19861,-0.00825,0.99000,0.22231,0.06154,0.00309,0.99000,-0.21812,0.06831,0.00055,0.99000,0.12610,-0.00170,-0.00212,0.99000,-0.13093,0.00090,-0.00482,0.99000,0.12841,0.44566,-0.00039,0.99000,-0.12598,0.44835,0.00242,0.99000,0.12818,0.90304,0.02219,0.99000,-0.12708,0.89622,0.02005,0.99000
3,0.6500,stand,0.19865,-0.50075,-0.00704,0.99000,-0.19477,-0.50397,-0.00678,0.99000,0.23137,-0.20460,0.00230,0.99000,-0.23365,-0.20212,0.00451,0.99000,0.22233,0.07525,-0.00151,0.99000,-0.21888,0.06373,0.00440,0.99000,0.12638,-0.00397,-0.00045,0.99000,-0.12276,-0.00633,-0.00709,0.99000,0.12740,0.44940,0.00523,0.99000,-0.12590,0.44869,0.00056,0.99000,0.12190,0.90209,0.01960,0.99000,-0.11860,0.89682,0.02977,0.99000
3,0.7000,stand,0.20856,-0.49128,0.00351,0.99000,-0.20782,-0.49727,-0.00370,0.99000,0.22944,-0.19876,0.00362,0.99000,-0.23225,-0.20184,-0.00383,0.99000,0.21870,0.07223,0.00405,0.99000,-0.22219,0.06255,0.00255,0.99000,0.12969,-0.00652,-0.00762,0.99000,-0.13092,0.00269,-0.00123,0.99000,0.12217,0.45176,0.00238,0.99000,-0.12212,0.44245,-0.00198,0.99000,0.12904,0.89951,0.02329,0.99000,-0.11798,0.90405,0.02348,0.99000
3,0.7500,stand,0.20412,-0.49737,0.00058,0.99000,-0.20149,-0.49791,0.00123,0.99000,0.23074,-0.20362,-0.00099,0.99000,-0.22256,-0.19569,0.00100,0.99000,0.21291,0.06745,-0.00714,0.99000,-0.21805,0.06881,0.00071,0.99000,0.11865,0.00684,0.00044,0.99000,-0.12218,-0.00072,-0.00390,0.99000,0.12601,0.44816,0.00643,0.99000,-0.12088,0.44687,0.00093,0.99000,0.12001,0.90107,0.02292,0.99000,-0.12283,0.89994,0.02511,0.99000
3,0.8000,stand,0.20406,-0.50166,0.00192,0.99000,-0.20225,-0.49697,0.00271,0.99000,0.22811,-0.20657,-0.00113,0.99000,-0.22944,-0.20046,0.00391,0.99000,0.21983,0.06832,0.00431,0.99000,-0.21788,0.06808,-0.00254,0.99000,0.12508,0.00032,0.00601,0.99000,-0.12722,0.00505,0.00502,0.99000,0.12656,0.45417,-0.00410,0.99000,-0.12660,0.45513,-0.00066,0.99000,0.12223,0.89547,0.01740,0.99000,-0.12597,0.90843,0.02160,0.99000
3,0.8500,stand,0.20072,-0.49089,0.00070,0.99000,-0.20255,-0.50326,0.00410,0.99000,0.23474,-0.20782,0.00123,0.99000,-0.23149,-0.20096,-0.00323,0.99000,0.21891,0.06847,-0.00032,0.99000,-0.22205,0.06426,-0.00012,0.99000,0.11803,-0.00001,0.00343,0.99000,-0.12252,0.00790,0.00082,0.99000,0.12739,0.44949,-0.00316,0.99000,-0.12555,0.45080,0.00200,0.99000,0.12756,0.89638,0.02798,0.99000,-0.12885,0.90611,0.01866,0.99000
3,0.9000,stand,0.20330,-0.50315,-0.00601,0.99000,-0.19493,-0.49895,0.01122,0.99000,0.22705,-0.20331,0.00056,0.99000,-0.23686,-0.20145,-0.00198,0.99000,0.21442,0.07059,-0.00783,0.99000,-0.22446,0.07105,-0.00178,0.99000,0.12230,0.00749,-0.00298,0.99000,-0.12392,0.00358,-0.00427,0.99000,0.12239,0.44892,-0.00467,0.99000,-0.13002,0.45031,-0.00007,0.99000,0.11518,0.89645,0.01605,0.99000,-0.12494,0.90515,0.01454,0.99000
3,0.9500,stand,0.20215,-0.50162,0.00450,0.99000,-0.20226,-0.49921,0.00464,0.99000,0.23123,-0.19999,0.00147,0.99000,-0.23226,-0.20371,0.00354,0.99000,0.21889,0.06810,0.00524,0.99000,-0.22349,0.06700,0.01004,0.99000,0.12548,-0.00551,0.00072,0.99000,-0.12496,0.00209,0.00707,0.99000,0.13051,0.44488,-0.00719,0.99000,-0.12721,0.45467,-0.00598,0.99000,0.12589,0.89983,0.02527,0.99000,-0.12437,0.90297,0.02113,0.99000
3,1.0000,stand,0.20092,-0.50289,0.00689,0.99000,-0.20380,-0.49201,0.00481,0.99000,0.22706,-0.19881,0.00429,0.99000,-0.22238,-0.20217,0.00074,0.99000,0.21461,0.06428,-0.00609,0.99000,-0.20526,0.07451,0.00256,0.99000,0.12645,0.00318,-0.00580,0.99000,-0.13347,0.00375,0.00269,0.99000,0.12262,0.45663,0.00666,0.99000,-0.12276,0.45264,0.00825,0.99000,0.12303,0.90248,0.02137,0.99000,-0.12112,0.89095,0.01919,0.99000
3,1.0500,stand,0.20403,-0.50054,-0.00185,0.99000,-0.20274,-0.50659,0.00186,0.99000,0.23011,-0.20058,-0.00446,0.99000,-0.23143,-0.20116,0.00158,0.99000,0.22435,0.06872,-0.00182,0.99000,-0.21801,0.06376,0.00007,0.99000,0.12350,-0.00118,0.00251,0.99000,-0.12129,0.00508,0.00740,0.99000,0.12683,0.45211,0.00129,0.99000,-0.12456,0.44433,-0.00008,0.99000,0.12708,0.90074,0.02343,0.99000,-0.12436,0.89688,0.02498,0.99000
3,1.1000,stand,0.20244,-0.50637,0.00484,0.99000,-0.20023,-0.49546,0.01338,0.99000,0.23252,-0.19714,-0.00366,0.99000,-0.22751,-0.19751,0.00527,0.99000,0.21886,0.06655,-0.00006,0.99000,-0.21412,0.06644,0.00246,0.99000,0.12329,0.00223,0.00073,0.99000,-0.12367,0.00230,0.00678,0.99000,0.12806,0.45273,0.00059,0.99000,-0.12551,0.44816,0.00461,0.99000,0.12563,0.89124,0.02548,0.99000,-0.12401,0.90600,0.02157,0.99000
3,1.1500,stand,0.20253,-0.50205,0.00452,0.99000,-0.19472,-0.50031,0.00523,0.99000,0.22575,-0.20149,0.01422,0.99000,-0.23184,-0.19620,0.00146,0.99000,0.21634,0.06820,-0.00045,0.99000,-0.21668,0.07137,0.00121,0.99000,0.12142,0.00306,-0.00119,0.99000,-0.12852,-0.00003,0.00153,0.99000,0.12253,0.45619,-0.00131,0.99000,-0.11741,0.44493,0.00416,0.99000,0.12822,0.90284,0.02240,0.99000,-0.11972,0.90106,0.02360,0.99000
3,1.2000,stand,0.19937,-0.49664,0.00827,0.99000,-0.20463,-0.49552,0.00418,0.99000,0.22055,-0.20174,0.00014,0.99000,-0.22144,-0.20249,0.00273,0.99000,0.21884,0.06805,0.00219,0.99000,-0.22114,0.06763,0.00007,0.99000,0.12749,-0.00374,-0.00951,0.99000,-0.12840,0.00155,0.00272,0.99000,0.12139,0.44996,-0.00706,0.99000,-0.12835,0.45088,-0.00095,0.99000,0.12803,0.90224,0.01415,0.99000,-0.12577,0.90735,0.02600,0.99000
3,1.2500,stand,0.19868,-0.50187,0.00530,0.99000,-0.19252,-0.50459,0.00754,0.99000,0.23742,-0.21018,-0.00007,0.99000,-0.23355,-0.20137,0.00457,0.99000,0.21038,0.06713,-0.00198,0.99000,-0.22131,0.06625,-0.00338,0.99000,0.12562,-0.00324,0.00220,0.99000,-0.12688,-0.00532,0.00242,0.99000,0.12424,0.44654,-0.00079,0.99000,-0.12478,0.45418,0.00017,0.99000,0.12342,0.89442,0.02251,0.99000,-0.12502,0.89086,0.01907,0.99000
3,1.3000,stand,0.19990,-0.49992,0.01508,0.99000,-0.19880,-0.49428,0.00888,0.99000,0.23084,-0.19819,0.00032,0.99000,-0.22859,-0.20391,0.00881,0.99000,0.22060,0.06839,-0.00756,0.99000,-0.22381,0.06494,0.00200,0.99000,0.12484,-0.00691,0.00447,0.99000,-0.11766,-0.00055,-0.00101,0.99000,0.13246,0.45227,-0.00371,0.99000,-0.12490,0.45248,-0.00270,0.99000,0.11993,0.89048,0.02973,0.99000,-0.12623,0.89988,0.01903,0.99000
3,1.3500,stand,0.20125,-0.49705,0.00957,0.99000,-0.19809,-0.49828,0.00893,0.99000,0.22722,-0.20365,0.00197,0.99000,-0.23437,-0.20572,0.00489,0.99000,0.22175,0.06387,-0.00709,0.99000,-0.22127,0.06892,-0.00172,0.99000,0.12521,-0.00343,-0.00288,0.99000,-0.12188,0.00057,0.00658,0.99000,0.12055,0.45252,-0.00258,0.99000,-0.13287,0.45452,0.00208,0.99000,0.12330,0.89208,0.02485,0.99000,-0.11783,0.89415,0.01606,0.99000
3,1.4000,stand,0.19920,-0.49034,0.01740,0.99000,-0.20006,-0.50072,0.01305,0.99000,0.23035,-0.19585,0.00297,0.99000,-0.22978,-0.20241,0.00967,0.99000,0.21753,0.07409,-0.00255,0.99000,-0.22362,0.06116,-0.00506,0.99000,0.12479,-0.00055,0.00173,0.99000,-0.12537,0.00264,-0.00401,0.99000,0.12280,0.45840,0.00186,0.99000,-0.12322,0.45702,-0.00132,0.99000,0.12646,0.89907,0.02365,0.99000,-0.12371,0.89665,0.02233,0.99000
3,1.4500,stand,0.19996,-0.49846,0.00469,0.99000,-0.19906,-0.49927,0.00808,0.99000,0.23841,-0.19291,0.00169,0.99000,-0.23561,-0.20176,0.00250,0.99000,0.21573,0.05756,0.00068,0.99000,-0.22199,0.06377,0.00194,0.99000,0.12806,-0.00129,0.00134,0.99000,-0.12534,-0.00593,0.00050,0.99000,0.12702,0.45282,-0.00328,0.99000,-0.12302,0.45407,0.00615,0.99000,0.11784,0.90202,0.02169,0.99000,-0.12785,0.90031,0.02195,0.99000
3,1.5000,stand,0.20359,-0.49707,0.01194,0.99000,-0.19721,-0.50400,0.01105,0.99000,0.22678,-0.20392,0.00055,0.99000,-0.22101,-0.19781,0.00684,0.99000,0.22005,0.06844,-0.00278,0.99000,-0.21917,0.06503,0.00557,0.99000,0.12524,0.00538,-0.00673,0.99000,-0.13134,0.00226,-0.00690,0.99000,0.13177,0.44771,-0.00702,0.99000,-0.12083,0.44996,-0.00277,0.99000,0.11597,0.89734,0.02656,0.99000,-0.12464,0.89613,0.02903,0.99000
3,1.5500,stand,0.20233,-0.50707,0.01416,0.99000,-0.19998,-0.50215,0.00644,0.99000,0.23324,-0.19980,0.00176,0.99000,-0.22583,-0.19997,0.01047,0.99000,0.21854,0.06972,0.00100,0.99000,-0.22199,0.07305,0.00605,0.99000,0.12696,0.00406,0.00118,0.99000,-0.11803,-0.00545,-0.00031,0.99000,0.13232,0.44809,0.00264,0.99000,-0.12639,0.45858,0.01031,0.99000,0.12185,0.89563,0.01760,0.99000,-0.11796,0.89416,0.01401,0.99000
3,1.6000,stand,0.20442,-0.49970,0.00813,0.99000,-0.20371,-0.50387,0.01298,0.99000,0.22829,-0.19799,-0.00100,0.99000,-0.22878,-0.19548,0.01083,0.99000,0.21178,0.07218,-0.01266,0.99000,-0.22132,0.06392,-0.00376,0.99000,0.12617,-0.00414,-0.00370,0.99000,-0.12553,-0.00105,-0.00222,0.99000,0.13224,0.44971,-0.00446,0.99000,-0.11743,0.44698,-0.00082,0.99000,0.12143,0.90098,0.02780,0.99000,-0.12854,0.90135,0.02405,0.99000
3,1.6500,stand,0.20688,-0.49741,0.00891,0.99000,-0.19437,-0.49848,0.01484,0.99000,0.23270,-0.19975,0.00305,0.99000,-0.22583,-0.20290,-0.00153,0.99000,0.22093,0.06892,0.00380,0.99000,-0.21274,0.06449,0.00066,0.99000,0.12075,-0.00331,0.00467,0.99000,-0.12548,0.00130,-0.00333,0.99000,0.12233,0.44837,0.00772,0.99000,-0.13063,0.45341,0.00045,0.99000,0.13513,0.90566,0.01710,0.99000,-0.12287,0.90034,0.02029,0.99000
3,1.7000,stand,0.19654,-0.49376,0.00875,0.99000,-0.20792,-0.50487,0.00759,0.99000,0.22913,-0.21003,0.00281,0.99000,-0.23987,-0.20033,0.00300,0.99000,0.22392,0.07321,-0.00069,0.99000,-0.21999,0.06517,-0.00029,0.99000,0.12819,0.00019,0.00400,0.99000,-0.12425,-0.00818,0.00114,0.99000,0.12693,0.44595,-0.00216,0.99000,-0.12118,0.44705,-0.00442,0.99000,0.13017,0.90327,0.02234,0.99000,-0.13298,0.89946,0.03218,0.99000
3,1.7500,stand,0.19587,-0.50247,0.01325,0.99000,-0.20023,-0.50389,0.01159,0.99000,0.22504,-0.19221,0.00372,0.99000,-0.22586,-0.19822,0.00558,0.99000,0.22111,0.07236,-0.00165,0.99000,-0.22055,0.06760,-0.00251,0.99000,0.13476,-0.00083,-0.00349,0.99000,-0.12462,-0.00098,0.00482,0.99000,0.12265,0.45442,-0.00697,0.99000,-0.12481,0.45503,0.00206,0.99000,0.11781,0.89915,0.02002,0.99000,-0.13164,0.89944,0.02292,0.99000
3,1.8000,stand,0.19961,-0.49425,0.01359,0.99000,-0.20491,-0.50513,0.00816,0.99000,0.23160,-0.20482,0.00244,0.99000,-0.23223,-0.19408,-0.00173,0.99000,0.21526,0.06809,-0.00165,0.99000,-0.21733,0.06619,0.00344,0.99000,0.11982,-0.00235,-0.00083,0.99000,-0.12458,0.00030,0.00666,0.99000,0.12590,0.44547,0.00461,0.99000,-0.12778,0.44922,0.00112,0.99000,0.13680,0.89804,0.02452,0.99000,-0.12322,0.90740,0.01956,0.99000
3,1.8500,stand,0.20393,-0.49968,0.01333,0.99000,-0.20407,-0.50196,0.00560,0.99000,0.22515,-0.20464,0.00475,0.99000,-0.23118,-0.20528,0.00343,0.99000,0.21852,0.06914,-0.00932,0.99000,-0.22303,0.06050,0.00012,0.99000,0.12770,0.00141,0.00530,0.99000,-0.12567,0.00142,0.00187,0.99000,0.12113,0.43976,-0.00167,0.99000,-0.12799,0.45130,0.00173,0.99000,0.13025,0.89983,0.02320,0.99000,-0.12296,0.90820,0.03028,0.99000
3,1.9000,stand,0.20027,-0.49947,0.01190,0.99000,-0.18960,-0.49567,0.00673,0.99000,0.23450,-0.19499,0.01463,0.99000,-0.22817,-0.20541,0.00752,0.99000,0.22231,0.07155,-0.00309,0.99000,-0.21401,0.06555,0.00431,0.99000,0.13330,-0.00239,0.00615,0.99000,-0.13313,0.00020,0.00318,0.99000,0.12207,0.45111,0.00199,0.99000,-0.12084,0.45474,-0.00804,0.99000,0.12182,0.89166,0.02824,0.99000,-0.12689,0.90391,0.01871,0.99000
3,1.9500,stand,0.19991,-0.49688,0.01077,0.99000,-0.20184,-0.50538,0.01011,0.99000,0.22680,-0.19699,0.00177,0.99000,-0.23277,-0.20551,0.00261,0.99000,0.21687,0.06560,-0.00189,0.99000,-0.22237,0.06265,-0.00338,0.99000,0.12690,0.00291,0.00842,0.99000,-0.12835,-0.00852,-0.00065,0.99000,0.13089,0.44870,-0.00134,0.99000,-0.11980,0.45309,-0.00026,0.99000,0.12079,0.90448,0.01840,0.99000,-0.13064,0.89503,0.02092,0.99000
3,2.0000,stand,0.20345,-0.49872,-0.00016,0.99000,-0.18948,-0.49905,0.00873,0.99000,0.22570,-0.20205,0.00262,0.99000,-0.23077,-0.19818,0.00115,0.99000,0.21701,0.07409,-0.00150,0.99000,-0.22079,0.06258,-0.00456,0.99000,0.11995,0.00096,-0.00377,0.99000,-0.12653,-0.00535,-0.00072,0.99000,0.12080,0.45295,-0.00202,0.99000,-0.12693,0.45174,0.00455,0.99000,0.12339,0.90004,0.02381,0.99000,-0.12366,0.89871,0.01877,0.99000
3,2.0500,stand,0.20112,-0.50816,0.00660,0.99000,-0.19007,-0.49798,0.00479,0.99000,0.22470,-0.19943,-0.00001,0.99000,-0.23129,-0.20443,0.00193,0.99000,0.21505,0.06815,0.00468,0.99000,-0.21962,0.06278,0.00004,0.99000,0.12170,0.00227,-0.00147,0.99000,-0.12763,0.00043,-0.00067,0.99000,0.12379,0.45050,-0.00456,0.99000,-0.13048,0.44819,0.00127,0.99000,0.12447,0.89467,0.02483,0.99000,-0.12026,0.89948,0.02494,0.99000
3,2.1000,stand,0.20053,-0.50146,0.00473,0.99000,-0.20239,-0.50195,0.00867,0.99000,0.22790,-0.19799,0.00426,0.99000,-0.22843,-0.20012,0.00172,0.99000,0.22217,0.06489,-0.00213,0.99000,-0.22392,0.06985,-0.00452,0.99000,0.12504,0.00209,0.00100,0.99000,-0.13373,0.00064,-0.00399,0.99000,0.12442,0.45596,-0.00272,0.99000,-0.12071,0.43971,0.00906,0.99000,0.12984,0.89436,0.02331,0.99000,-0.12548,0.89628,0.02103,0.99000
3,2.1500,stand,0.20051,-0.50201,0.00932,0.99000,-0.19483,-0.49582,0.01018,0.99000,0.23058,-0.19780,-0.00866,0.99000,-0.22719,-0.20289,0.00557,0.99000,0.21743,0.07497,-0.00179,0.99000,-0.22793,0.06468,0.00088,0.99000,0.11625,0.00088,-0.00122,0.99000,-0.12164,-0.00102,0.00202,0.99000,0.11997,0.45265,-0.00003,0.99000,-0.12739,0.45258,0.00503,0.99000,0.12701,0.89975,0.02367,0.99000,-0.12822,0.89172,0.01435,0.99000
3,2.2000,stand,0.20035,-0.49574,-0.00109,0.99000,-0.20073,-0.49940,0.01186,0.99000,0.22531,-0.19980,0.00268,0.99000,-0.22234,-0.20322,0.00348,0.99000,0.21762,0.06662,0.00315,0.99000,-0.22747,0.06108,0.00243,0.99000,0.12629,-0.00215,-0.00441,0.99000,-0.12317,0.00594,-0.00214,0.99000,0.12134,0.45174,0.00317,0.99000,-0.12145,0.44209,-0.00464,0.99000,0.12818,0.90298,0.02730,0.99000,-0.12762,0.89935,0.02871,0.99000
3,2.2500,stand,0.19936,-0.49717,0.00070,0.99000,-0.19834,-0.50085,0.00496,0.99000,0.23764,-0.20679,0.00487,0.99000,-0.23063,-0.20264,-0.00246,0.99000,0.21786,0.06609,0.00271,0.99000,-0.21996,0.06867,0.00747,0.99000,0.12586,0.00467,0.00055,0.99000,-0.12144,-0.00393,0.00370,0.99000,0.12893,0.45398,0.00027,0.99000,-0.12410,0.45398,-0.00127,0.99000,0.12898,0.89690,0.02394,0.99000,-0.13246,0.89154,0.02417,0.99000
3,2.3000,stand,0.20004,-0.50136,0.00480,0.99000,-0.20393,-0.50441,0.00759,0.99000,0.23036,-0.20088,-0.00360,0.99000,-0.23293,-0.20404,0.00831,0.99000,0.21414,0.07041,0.00009,0.99000,-0.21617,0.07147,0.00079,0.99000,0.12455,-0.00603,0.00071,0.99000,-0.12866,0.00650,0.00270,0.99000,0.13314,0.44571,0.00076,0.99000,-0.12274,0.44472,0.00283,0.99000,0.12362,0.90251,0.02675,0.99000,-0.12445,0.89218,0.02789,0.99000
3,2.3500,stand,0.19693,-0.50202,0.00116,0.99000,-0.19495,-0.50167,-0.00110,0.99000,0.23345,-0.20034,-0.00086,0.99000,-0.23246,-0.20108,-0.00940,0.99000,0.21794,0.06992,-0.00071,0.99000,-0.22158,0.07109,-0.00423,0.99000,0.12732,0.00877,0.00139,0.99000,-0.12034,-0.00811,-0.00183,0.99000,0.11707,0.45352,0.00603,0.99000,-0.12211,0.44714,-0.00097,0.99000,0.12094,0.89817,0.01873,0.99000,-0.12558,0.90357,0.02253,0.99000
3,2.4000,stand,0.19855,-0.49940,0.00479,0.99000,-0.20467,-0.49977,-0.00658,0.99000,0.22728,-0.20011,0.00251,0.99000,-0.23106,-0.19781,0.00204,0.99000,0.21689,0.06507,0.00667,0.99000,-0.21463,0.07598,-0.00288,0.99000,0.12879,0.00657,-0.00134,0.99000,-0.12496,-0.00001,0.00149,0.99000,0.12165,0.44889,0.00349,0.99000,-0.12065,0.44720,0.00727,0.99000,0.12146,0.89742,0.02012,0.99000,-0.12106,0.90202,0.01811,0.99000
3,2.4500,stand,0.19642,-0.49891,-0.00232,0.99000,-0.20145,-0.50191,-0.00369,0.99000,0.22868,-0.19912,-0.00075,0.99000,-0.23106,-0.20490,0.00497,0.99000,0.21698,0.07216,-0.00068,0.99000,-0.22057,0.06630,0.00457,0.99000,0.12053,0.00443,0.00491,0.99000,-0.12605,0.00590,-0.00001,0.99000,0.12378,0.45498,-0.00372,0.99000,-0.12246,0.45233,0.00038,0.99000,0.12430,0.89901,0.02536,0.99000,-0.12959,0.89919,0.02237,0.99000
3,2.5000,stand,0.20313,-0.50541,0.00196,0.99000,-0.19396,-0.50467,0.00239,0.99000,0.23147,-0.20530,0.00127,0.99000,-0.23308,-0.20503,0.00001,0.99000,0.21879,0.06485,-0.00457,0.99000,-0.21894,0.07101,0.00599,0.99000,0.12860,-0.00161,-0.00204,0.99000,-0.12320,0.00257,0.00276,0.99000,0.12031,0.44771,-0.00199,0.99000,-0.12895,0.44797,0.00356,0.99000,0.13278,0.90313,0.01850,0.99000,-0.12526,0.90082,0.01582,0.99000
3,2.5500,stand,0.20604,-0.50226,-0.00223,0.99000,-0.19352,-0.50574,0.00202,0.99000,0.23360,-0.20802,0.00036,0.99000,-0.23839,-0.20140,-0.00386,0.99000,0.22074,0.05914,-0.00367,0.99000,-0.21865,0.06496,0.00691,0.99000,0.12055,-0.00582,0.00052,0.99000,-0.13099,-0.00592,-0.00605,0.99000,0.12156,0.45142,-0.00735,0.99000,-0.11743,0.44867,0.00301,0.99000,0.12742,0.90484,0.02300,0.99000,-0.12573,0.89666,0.01760,0.99000
3,2.6000,stand,0.19553,-0.50326,-0.00438,0.99000,-0.19619,-0.50761,0.00340,0.99000,0.22961,-0.20445,-0.00198,0.99000,-0.23480,-0.20016,-0.00256,0.99000,0.21713,0.07099,0.00375,0.99000,-0.22460,0.06699,0.00304,0.99000,0.11985,0.01076,-0.00201,0.99000,-0.12437,-0.00217,0.00127,0.99000,0.12508,0.45830,0.00205,0.99000,-0.12385,0.45239,0.00354,0.99000,0.12063,0.89507,0.02392,0.99000,-0.12527,0.90093,0.02147,0.99000
3,2.6500,stand,0.19954,-0.51109,-0.00253,0.99000,-0.20273,-0.49489,-0.00718,0.99000,0.23112,-0.20551,-0.00535,0.99000,-0.22547,-0.20157,0.00244,0.99000,0.21714,0.06413,-0.00077,0.99000,-0.21959,0.06308,-0.00681,0.99000,0.12069,-0.00056,0.00310,0.99000,-0.12582,-0.00327,-0.00063,0.99000,0.11892,0.45138,0.00391,0.99000,-0.12173,0.44626,0.00277,0.99000,0.12577,0.90331,0.02845,0.99000,-0.13058,0.89694,0.01730,0.99000
3,2.7000,stand,0.20351,-0.49770,-0.00134,0.99000,-0.20277,-0.50363,-0.01175,0.99000,0.22818,-0.20222,-0.00088,0.99000,-0.22865,-0.20578,0.00000,0.99000,0.22045,0.07183,0.00283,0.99000,-0.22078,0.07041,-0.00080,0.99000,0.12166,-0.00159,-0.00205,0.99000,-0.12823,-0.00438,-0.00373,0.99000,0.12768,0.44612,-0.00358,0.99000,-0.12252,0.44805,-0.00328,0.99000,0.12866,0.89447,0.02668,0.99000,-0.12627,0.90083,0.01964,0.99000
3,2.7500,stand,0.20348,-0.49395,-0.00945,0.99000,-0.19942,-0.49774,-0.00833,0.99000,0.22994,-0.20470,-0.00241,0.99000,-0.22659,-0.20163,-0.00317,0.99000,0.22225,0.06796,-0.00187,0.99000,-0.21565,0.07048,-0.00633,0.99000,0.12759,0.00106,0.00146,0.99000,-0.12468,0.00211,0.00013,0.99000,0.12417,0.45180,0.00026,0.99000,-0.12749,0.45153,-0.00506,0.99000,0.12429,0.90191,0.02604,0.99000,-0.12246,0.89837,0.03136,0.99000
3,2.8000,stand,0.20410,-0.49765,-0.00005,0.99000,-0.20098,-0.49899,-0.00816,0.99000,0.23165,-0.20904,-0.00249,0.99000,-0.23124,-0.19749,-0.00091,0.99000,0.22050,0.07019,0.00581,0.99000,-0.21491,0.07181,0.00204,0.99000,0.12128,-0.00177,-0.00432,0.99000,-0.12032,-0.00292,-0.00143,0.99000,0.11629,0.44728,-0.00030,0.99000,-0.12137,0.44809,-0.00268,0.99000,0.11847,0.90111,0.02640,0.99000,-0.12941,0.89794,0.03034,0.99000
3,2.8500,stand,0.19784,-0.49332,-0.00492,0.99000,-0.19026,-0.49879,-0.00603,0.99000,0.22785,-0.20674,0.00316,0.99000,-0.23582,-0.19990,-0.00694,0.99000,0.21014,0.06337,-0.00414,0.99000,-0.21507,0.07426,-0.00625,0.99000,0.11761,-0.00312,0.00080,0.99000,-0.12590,-0.00191,-0.00494,0.99000,0.12630,0.44560,-0.00367,0.99000,-0.12571,0.44611,0.00171,0.99000,0.12988,0.90282,0.02478,0.99000,-0.12593,0.88763,0.02937,0.99000
3,2.9000,stand,0.20361,-0.49439,-0.01519,0.99000,-0.19573,-0.49875,-0.00520,0.99000,0.23562,-0.20177,-0.00120,0.99000,-0.22803,-0.20234,-0.00054,0.99000,0.21982,0.07005,0.00402,0.99000,-0.21893,0.06794,-0.00447,0.99000,0.12491,0.00667,-0.00234,0.99000,-0.12196,0.00600,-0.00228,0.99000,0.12685,0.44669,0.00010,0.99000,-0.12870,0.44555,-0.00124,0.99000,0.12314,0.89764,0.02737,0.99000,-0.12691,0.90030,0.02195,0.99000
3,2.9500,stand,0.21122,-0.50084,-0.00745,0.99000,-0.20341,-0.49261,-0.00682,0.99000,0.22371,-0.19726,-0.00109,0.99000,-0.22747,-0.20274,-0.00117,0.99000,0.21987,0.06225,-0.00020,0.99000,-0.22199,0.07073,0.00736,0.99000,0.12248,0.00353,0.00140,0.99000,-0.12695,-0.00073,-0.00112,0.99000,0.12605,0.45506,-0.00448,0.99000,-0.12245,0.44957,0.00257,0.99000,0.12756,0.89826,0.02175,0.99000,-0.12477,0.89507,0.02338,0.99000
3,3.0000,stand,0.20077,-0.50520,-0.00888,0.99000,-0.20720,-0.49293,-0.00610,0.99000,0.22528,-0.19927,-0.00057,0.99000,-0.22541,-0.19931,-0.00544,0.99000,0.22427,0.06400,0.00532,0.99000,-0.22355,0.07248,-0.00356,0.99000,0.12476,-0.00302,0.00543,0.99000,-0.12121,0.00905,0.00455,0.99000,0.12657,0.44994,0.00279,0.99000,-0.12565,0.45074,-0.00488,0.99000,0.12582,0.90172,0.02527,0.99000,-0.11916,0.90196,0.02175,0.99000
3,3.0500,stand,0.19486,-0.49221,-0.00073,0.99000,-0.20161,-0.50009,-0.01329,0.99000,0.21949,-0.19749,-0.00395,0.99000,-0.23035,-0.19653,-0.00520,0.99000,0.20957,0.06761,0.00126,0.99000,-0.22247,0.06954,-0.00383,0.99000,0.12954,0.00083,0.00420,0.99000,-0.11888,0.00601,-0.00297,0.99000,0.12964,0.45289,0.00150,0.99000,-0.12512,0.45583,0.00077,0.99000,0.12772,0.90141,0.02041,0.99000,-0.12710,0.89848,0.02137,0.99000
3,3.1000,stand,0.20034,-0.49242,-0.00995,0.99000,-0.20025,-0.50549,-0.00910,0.99000,0.22837,-0.19607,-0.00956,0.99000,-0.22312,-0.19731,0.00014,0.99000,0.20993,0.07147,-0.00413,0.99000,-0.22171,0.06595,0.00550,0.99000,0.12383,-0.00505,0.00294,0.99000,-0.13058,0.00302,-0.00780,0.99000,0.12323,0.45239,0.00409,0.99000,-0.12185,0.44449,0.00350,0.99000,0.12730,0.90219,0.02446,0.99000,-0.12086,0.90400,0.01641,0.99000
3,3.1500,stand,0.19792,-0.49506,-0.01385,0.99000,-0.19795,-0.50649,-0.00602,0.99000,0.22675,-0.19271,0.00213,0.99000,-0.23443,-0.19798,-0.00380,0.99000,0.21481,0.06761,-0.00127,0.99000,-0.21457,0.06577,0.00175,0.99000,0.12126,-0.00580,0.00145,0.99000,-0.12341,0.00304,-0.00401,0.99000,0.12374,0.44557,-0.00056,0.99000,-0.12311,0.45291,0.00358,0.99000,0.12562,0.89757,0.02175,0.99000,-0.12105,0.90245,0.02055,0.99000
3,3.2000,stand,0.19899,-0.50295,-0.00867,0.99000,-0.20272,-0.50702,-0.01589,0.99000,0.23753,-0.20438,0.00506,0.99000,-0.23013,-0.19784,0.00016,0.99000,0.21387,0.06989,-0.00051,0.99000,-0.21782,0.06653,-0.00225,0.99000,0.12492,-0.00538,-0.01011,0.99000,-0.12353,0.00564,-0.00346,0.99000,0.13474,0.45728,0.00568,0.99000,-0.13248,0.45484,0.00311,0.99000,0.12481,0.90632,0.02455,0.99000,-0.12221,0.89915,0.01485,0.99000
3,3.2500,stand,0.20214,-0.50300,-0.00472,0.99000,-0.19337,-0.50302,-0.01173,0.99000,0.23442,-0.20139,0.00121,0.99000,-0.23273,-0.19912,-0.00892,0.99000,0.21753,0.07288,0.00242,0.99000,-0.21316,0.06921,0.00515,0.99000,0.12456,0.00137,0.00020,0.99000,-0.12226,-0.00429,-0.00053,0.99000,0.12831,0.44705,0.00135,0.99000,-0.13428,0.45948,-0.00348,0.99000,0.12554,0.90097,0.03188,0.99000,-0.12422,0.89880,0.01797,0.99000
3,3.3000,stand,0.20079,-0.49239,-0.00676,0.99000,-0.20082,-0.50034,-0.00596,0.99000,0.22588,-0.20024,-0.00295,0.99000,-0.22648,-0.20145,0.00125,0.99000,0.21607,0.07011,0.00253,0.99000,-0.21254,0.07387,0.00828,0.99000,0.12130,-0.00555,0.00010,0.99000,-0.12334,0.00576,0.00015,0.99000,0.12573,0.44830,-0.00250,0.99000,-0.12793,0.44718,-0.00331,0.99000,0.12442,0.89621,0.01579,0.99000,-0.12430,0.89914,0.03105,0.99000
3,3.3500,stand,0.20425,-0.49541,-0.01315,0.99000,-0.19394,-0.49828,-0.01814,0.99000,0.23063,-0.19045,-0.00960,0.99000,-0.22612,-0.20285,-0.00516,0.99000,0.21395,0.06887,0.00124,0.99000,-0.21910,0.06374,0.00152,0.99000,0.12148,0.00126,-0.00143,0.99000,-0.12457,-0.00498,0.00289,0.99000,0.12330,0.45462,0.00052,0.99000,-0.12103,0.44624,-0.00289,0.99000,0.12677,0.89167,0.01918,0.99000,-0.12791,0.90197,0.02141,0.99000
3,3.4000,stand,0.19919,-0.49574,-0.00959,0.99000,-0.20267,-0.49840,-0.01085,0.99000,0.22870,-0.20129,-0.00047,0.99000,-0.22139,-0.20144,-0.00517,0.99000,0.21764,0.07155,-0.00038,0.99000,-0.21953,0.06785,-0.00230,0.99000,0.11929,-0.00444,-0.00697,0.99000,-0.13346,-0.00239,-0.00432,0.99000,0.12359,0.44876,0.00711,0.99000,-0.12544,0.44522,0.00077,0.99000,0.12391,0.90207,0.02480,0.99000,-0.12034,0.90236,0.02621,0.99000
4,0.0000,stand,0.19773,-0.49207,0.00381,0.99000,-0.19762,-0.49294,0.00612,0.99000,0.22367,-0.19922,0.00683,0.99000,-0.22002,-0.19371,0.00759,0.99000,0.21570,0.07107,0.00244,0.99000,-0.21286,0.07106,0.00031,0.99000,0.12316,-0.00117,-0.00886,0.99000,-0.12476,0.00195,0.00214,0.99000,0.12704,0.45026,-0.00174,0.99000,-0.12590,0.45159,-0.00065,0.99000,0.12720,0.90212,0.02169,0.99000,-0.13019,0.89782,0.02811,0.99000
4,0.0500,stand,0.19558,-0.50379,-0.00219,0.99000,-0.19808,-0.50199,0.01158,0.99000,0.22688,-0.20005,0.00496,0.99000,-0.23342,-0.20808,0.00579,0.99000,0.22228,0.07058,0.00103,0.99000,-0.21839,0.06253,0.00057,0.99000,0.12238,0.00537,-0.00471,0.99000,-0.12963,-0.00305,-0.00151,0.99000,0.12276,0.44555,-0.00273,0.99000,-0.12346,0.45678,-0.00586,0.99000,0.12587,0.90082,0.02782,0.99000,-0.12440,0.89217,0.02643,0.99000
4,0.1000,stand,0.19378,-0.49846,0.00027,0.99000,-0.20294,-0.50025,0.01507,0.99000,0.22472,-0.20246,0.00113,0.99000,-0.22810,-0.20401,0.00516,0.99000,0.22320,0.07336,0.00121,0.99000,-0.21944,0.06991,-0.01161,0.99000,0.12546,-0.00256,-0.00427,0.99000,-0.12915,0.00083,-0.00584,0.99000,0.12706,0.44881,0.00547,0.99000,-0.12954,0.45083,-0.00104,0.99000,0.12302,0.90007,0.01252,0.99000,-0.12698,0.89715,0.02336,0.99000
4,0.1500,stand,0.20701,-0.50232,0.00537,0.99000,-0.20431,-0.49988,0.01391,0.99000,0.22958,-0.20302,0.00158,0.99000,-0.23471,-0.20179,0.00427,0.99000,0.21121,0.06395,-0.00056,0.99000,-0.21800,0.06678,-0.00375,0.99000,0.12832,0.00042,-0.00120,0.99000,-0.13288,-0.00412,-0.00805,0.99000,0.12416,0.44600,-0.00014,0.99000,-0.12483,0.44927,-0.00311,0.99000,0.12477,0.89779,0.02061,0.99000,-0.12029,0.90524,0.01692,0.99000
4,0.2000,stand,0.20215,-0.50073,0.00793,0.99000,-0.19501,-0.50168,0.01230,0.99000,0.23105,-0.19746,0.00230,0.99000,-0.23162,-0.20601,-0.00520,0.99000,0.21705,0.07374,-0.00099,0.99000,-0.21333,0.07571,-0.00528,0.99000,0.12332,-0.00091,0.00236,0.99000,-0.12185,0.00263,-0.00189,0.99000,0.13274,0.45002,0.00095,0.99000,-0.11874,0.45548,0.00108,0.99000,0.12978,0.89652,0.02670,0.99000,-0.13004,0.90335,0.01324,0.99000
4,0.2500,stand,0.20485,-0.49732,0.00632,0.99000,-0.19797,-0.49114,0.00628,0.99000,0.22992,-0.20493,0.00350,0.99000,-0.23080,-0.19701,0.00806,0.99000,0.21993,0.06881,-0.00676,0.99000,-0.21862,0.06501,-0.00538,0.99000,0.12307,-0.00068,0.00124,0.99000,-0.12618,-0.00542,0.00278,0.99000,0.13080,0.44802,-0.00486,0.99000,-0.12388,0.44582,0.00538,0.99000,0.12839,0.90230,0.01945,0.99000,-0.12035,0.89740,0.03078,0.99000
4,0.3000,stand,0.19836,-0.49756,0.00688,0.99000,-0.20157,-0.49795,0.00973,0.99000,0.23184,-0.19780,-0.00102,0.99000,-0.23682,-0.19930,0.00482,0.99000,0.22336,0.06694,-0.00066,0.99000,-0.22242,0.07224,-0.00200,0.99000,0.12674,0.00590,-0.00319,0.99000,-0.12921,-0.00139,0.00706,0.99000,0.12313,0.45333,0.00243,0.99000,-0.12720,0.45402,-0.00525,0.99000,0.12014,0.89271,0.01900,0.99000,-0.12706,0.90209,0.01607,0.99000
4,0.3500,stand,0.19448,-0.49328,0.00304,0.99000,-0.20352,-0.50067,0.00396,0.99000,0.23321,-0.19874,-0.00119,0.99000,-0.23122,-0.20075,0.00380,0.99000,0.21817,0.06361,-0.00204,0.99000,-0.21457,0.07091,0.00867,0.99000,0.12449,-0.00336,-0.00229,0.99000,-0.13218,-0.00469,0.00167,0.99000,0.12985,0.45362,0.00061,0.99000,-0.12402,0.45392,0.00196,0.99000,0.11829,0.89868,0.02078,0.99000,-0.12307,0.89681,0.02018,0.99000
4,0.4000,stand,0.20301,-0.50121,0.00467,0.99000,-0.20442,-0.50328,0.00849,0.99000,0.23214,-0.19734,0.00758,0.99000,-0.22765,-0.20506,0.00301,0.99000,0.22170,0.06518,-0.00636,0.99000,-0.21166,0.07660,-0.00304,0.99000,0.12634,0.00274,-0.00043,0.99000,-0.13115,0.00119,-0.00387,0.99000,0.12679,0.44137,0.00506,0.99000,-0.12605,0.44625,0.00650,0.99000,0.11550,0.90020,0.02459,0.99000,-0.12532,0.90609,0.02085,0.99000
4,0.4500,stand,0.20136,-0.50491,0.00852,0.99000,-0.20330,-0.50780,0.00833,0.99000,0.22893,-0.19367,-0.00047,0.99000,-0.22718,-0.20507,0.00187,0.99000,0.22491,0.06730,0.00028,0.99000,-0.22026,0.07040,-0.00199,0.99000,0.12610,0.00552,-0.00189,0.99000,-0.12319,0.00374,-0.00572,0.99000,0.12500,0.45132,-0.00109,0.99000,-0.12280,0.44975,-0.00598,0.99000,0.12925,0.89999,0.02195,0.99000,-0.12558,0.89770,0.02798,0.99000
4,0.5000,stand,0.20407,-0.49748,0.01081,0.99000,-0.19815,-0.50095,0.00336,0.99000,0.22932,-0.20131,-0.00158,0.99000,-0.22341,-0.19838,0.01147,0.99000,0.22065,0.06371,-0.00175,0.99000,-0.22059,0.06500,-0.00392,0.99000,0.12701,0.00350,0.00366,0.99000,-0.12742,0.00114,0.00330,0.99000,0.12261,0.45244,0.00086,0.99000,-0.12083,0.44823,-0.00397,0.99000,0.12078,0.89788,0.02482,0.99000,-0.12390,0.88963,0.02143,0.99000
4,0.5500,stand,0.19093,-0.50235,0.00449,0.99000,-0.19719,-0.49890,0.00389,0.99000,0.22959,-0.19326,0.00383,0.99000,-0.23084,-0.20110,0.00351,0.99000,0.22364,0.06934,0.00497,0.99000,-0.21653,0.07307,0.00251,0.99000,0.12611,0.00977,0.00023,0.99000,-0.12635,-0.00626,-0.00482,0.99000,0.12795,0.44663,-0.00233,0.99000,-0.12736,0.44674,0.00133,0.99000,0.12771,0.89806,0.02767,0.99000,-0.13367,0.90017,0.01655,0.99000
4,0.6000,stand,0.19472,-0.49677,0.00514,0.99000,-0.19501,-0.49949,0.00238,0.99000,0.22190,-0.20093,-0.00263,0.99000,-0.22647,-0.20359,0.00438,0.99000,0.21814,0.05924,-0.00096,0.99000,-0.21243,0.06969,0.00067,0.99000,0.12610,-0.00693,0.00411,0.99000,-0.13250,0.00507,-0.00534,0.99000,0.12190,0.44774,-0.00351,0.99000,-0.12588,0.44777,-0.00464,0.99000,0.12198,0.89917,0.02617,0.99000,-0.11994,0.90291,0.01797,0.99000
4,0.6500,stand,0.19682,-0.50124,0.00320,0.99000,-0.20720,-0.50378,0.00081,0.99000,0.23351,-0.20313,0.00209,0.99000,-0.22185,-0.20469,0.01086,0.99000,0.22111,0.07190,0.00475,0.99000,-0.21692,0.06758,-0.00187,0.99000,0.12526,-0.00342,0.00088,0.99000,-0.13084,0.00151,-0.00371,0.99000,0.12880,0.45063,0.00017,0.99000,-0.12542,0.44860,0.00867,0.99000,0.12188,0.88869,0.02385,0.99000,-0.12698,0.89319,0.02216,0.99000
4,0.7000,stand,0.20325,-0.49673,-0.00099,0.99000,-0.19665,-0.50525,-0.00341,0.99000,0.23604,-0.20020,-0.00135,0.99000,-0.23770,-0.20278,0.00614,0.99000,0.22371,0.06270,0.00196,0.99000,-0.22116,0.06592,-0.00229,0.99000,0.12639,0.00167,0.00135,0.99000,-0.12119,0.00142,-0.00213,0.99000,0.12741,0.45451,-0.00205,0.99000,-0.12942,0.45314,0.00382,0.99000,0.12770,0.89775,0.01526,0.99000,-0.12838,0.89895,0.02177,0.99000
4,0.7500,stand,0.20261,-0.50191,-0.00136,0.99000,-0.20351,-0.49863,0.00407,0.99000,0.22778,-0.20007,0.00200,0.99000,-0.22961,-0.20650,0.00189,0.99000,0.21582,0.07105,0.00035,0.99000,-0.21045,0.06875,-0.00012,0.99000,0.12293,0.00014,0.00261,0.99000,-0.12133,0.00455,0.00057,0.99000,0.12153,0.45227,-0.00015,0.99000,-0.12648,0.45533,-0.00128,0.99000,0.12392,0.90036,0.03229,0.99000,-0.13300,0.90116,0.02354,0.99000
4,0.8000,stand,0.19737,-0.50434,-0.00421,0.99000,-0.19667,-0.49905,0.00048,0.99000,0.22654,-0.20147,0.00063,0.99000,-0.23188,-0.20332,-0.00037,0.99000,0.21882,0.07255,-0.00173,0.99000,-0.21787,0.06312,-0.00078,0.99000,0.11885,0.00190,-0.00644,0.99000,-0.12383,0.00743,0.00013,0.99000,0.12683,0.44517,-0.00243,0.99000,-0.12342,0.44367,0.00570,0.99000,0.11650,0.90744,0.02250,0.99000,-0.12453,0.89503,0.02468,0.99000
4,0.8500,stand,0.20068,-0.50485,0.00520,0.99000,-0.20051,-0.49411,-0.00128,0.99000,0.23718,-0.20132,0.00364,0.99000,-0.22938,-0.20404,0.00001,0.99000,0.22437,0.05986,0.00361,0.99000,-0.21835,0.07203,0.00952,0.99000,0.12524,-0.00102,0.00842,0.99000,-0.12698,-0.00411,-0.00609,0.99000,0.12582,0.44821,0.00031,0.99000,-0.12299,0.44887,-0.00191,0.99000,0.12661,0.90205,0.02542,0.99000,-0.12672,0.90020,0.02629,0.99000
4,0.9000,stand,0.20813,-0.49823,-0.00063,0.99000,-0.19130,-0.50618,-0.00244,0.99000,0.23271,-0.20026,-0.00309,0.99000,-0.23009,-0.20772,0.00018,0.99000,0.22240,0.07285,0.00163,0.99000,-0.21640,0.07194,-0.00444,0.99000,0.12878,0.00094,-0.00799,0.99000,-0.12548,-0.00025,-0.00199,0.99000,0.12157,0.45411,-0.00035,0.99000,-0.12652,0.45463,0.00174,0.99000,0.12271,0.90815,0.02010,0.99000,-0.13150,0.89365,0.02646,0.99000
4,0.9500,stand,0.19853,-0.50770,0.00408,0.99000,-0.19421,-0.50615,-0.00565,0.99000,0.23521,-0.20974,-0.00122,0.99000,-0.22743,-0.19291,-0.00270,0.99000,0.21317,0.06629,0.00142,0.99000,-0.22093,0.06278,-0.00389,0.99000,0.12829,0.00727,-0.00246,0.99000,-0.12106,0.00498,-0.00870,0.99000,0.12277,0.45169,-0.00057,0.99000,-0.12334,0.44638,-0.00031,0.99000,0.12930,0.89825,0.02952,0.99000,-0.12536,0.89774,0.02008,0.99000
4,1.0000,stand,0.20001,-0.49934,-0.00678,0.99000,-0.21002,-0.50562,0.00041,0.99000,0.22830,-0.19950,0.00046,0.99000,-0.22802,-0.20253,0.00837,0.99000,0.22445,0.06764,-0.00114,0.99000,-0.21736,0.06578,-0.00692,0.99000,0.12336,0.00620,0.00066,0.99000,-0.12642,-0.00030,0.00408,0.99000,0.12593,0.45548,-0.00488,0.99000,-0.12710,0.45202,-0.00200,0.99000,0.12828,0.89380,0.01645,0.99000,-0.12966,0.89761,0.02801,0.99000
4,1.0500,stand,0.19391,-0.50050,0.00276,0.99000,-0.19859,-0.49711,-0.00208,0.99000,0.23234,-0.20277,0.00063,0.99000,-0.22523,-0.20436,0.00108,0.99000,0.21228,0.06819,0.00016,0.99000,-0.21860,0.06687,0.00905,0.99000,0.12581,-0.00435,-0.00431,0.99000,-0.12214,-0.00638,0.00042,0.99000,0.13263,0.44564,-0.00176,0.99000,-0.12637,0.45122,0.00242,0.99000,0.12377,0.90087,0.02159,0.99000,-0.12588,0.89309,0.01779,0.99000
4,1.1000,stand,0.19504,-0.50246,0.00038,0.99000,-0.20315,-0.49501,-0.00311,0.99000,0.22807,-0.20022,-0.00135,0.99000,-0.23067,-0.19444,0.00003,0.99000,0.21632,0.06652,-0.00201,0.99000,-0.22403,0.06665,0.00358,0.99000,0.12531,-0.00443,-0.00813,0.99000,-0.13114,-0.00158,0.00472,0.99000,0.12666,0.45548,-0.00096,0.99000,-0.12308,0.44537,0.00281,0.99000,0.12119,0.89827,0.01821,0.99000,-0.12715,0.89976,0.03251,0.99000
4,1.1500,stand,0.19825,-0.50100,-0.00142,0.99000,-0.20032,-0.49448,-0.00821,0.99000,0.23215,-0.20397,0.00411,0.99000,-0.23262,-0.20273,-0.00587,0.99000,0.22239,0.06612,0.00135,0.99000,-0.21492,0.07225,-0.00174,0.99000,0.13094,-0.00026,-0.00687,0.99000,-0.12479,-0.00186,-0.00137,0.99000,0.12298,0.44670,0.00167,0.99000,-0.12305,0.44618,0.00711,0.99000,0.11945,0.89765,0.02161,0.99000,-0.12353,0.89558,0.02217,0.99000
4,1.2000,stand,0.20668,-0.48955,-0.01241,0.99000,-0.19752,-0.50706,-0.00481,0.99000,0.23270,-0.19420,-0.00355,0.99000,-0.22696,-0.20154,-0.00524,0.99000,0.21801,0.06762,-0.00175,0.99000,-0.22414,0.07437,0.00098,0.99000,0.12470,-0.00082,0.00055,0.99000,-0.11881,0.00270,-0.00290,0.99000,0.12365,0.44891,0.00793,0.99000,-0.13024,0.44960,-0.00753,0.99000,0.12936,0.90035,0.01657,0.99000,-0.12224,0.90324,0.02520,0.99000
4,1.2500,stand,0.19576,-0.50098,-0.00443,0.99000,-0.19788,-0.50193,-0.00015,0.99000,0.23219,-0.20635,-0.00886,0.99000,-0.23577,-0.20374,-0.00358,0.99000,0.21458,0.05963,-0.00028,0.99000,-0.21388,0.07313,0.00256,0.99000,0.12584,-0.00570,-0.00074,0.99000,-0.12484,-0.00319,0.00124,0.99000,0.13087,0.45504,-0.00391,0.99000,-0.12467,0.44429,-0.01008,0.99000,0.12729,0.90558,0.02068,0.99000,-0.11930,0.90130,0.02574,0.99000
4,1.3000,stand,0.20266,-0.49471,-0.01043,0.99000,-0.19815,-0.49525,-0.00295,0.99000,0.22961,-0.20320,0.00241,0.99000,-0.22884,-0.20275,-0.00529,0.99000,0.22052,0.06368,0.00039,0.99000,-0.20936,0.07040,0.00730,0.99000,0.12248,0.00105,-0.00073,0.99000,-0.11400,0.00590,0.00415,0.99000,0.12073,0.45096,0.00309,0.99000,-0.12978,0.45353,0.00572,0.99000,0.13143,0.89926,0.02216,0.99000,-0.12701,0.90348,0.02531,0.99000
4,1.3500,stand,0.20264,-0.49429,-0.00427,0.99000,-0.19798,-0.49621,-0.00636,0.99000,0.23367,-0.19323,-0.00448,0.99000,-0.23396,-0.19327,-0.00602,0.99000,0.21965,0.07005,-0.00470,0.99000,-0.22049,0.06561,-0.00658,0.99000,0.12199,0.00818,0.00173,0.99000,-0.11701,-0.00007,0.01106,0.99000,0.12001,0.45934,0.00243,0.99000,-0.12760,0.44937,0.00680,0.99000,0.12520,0.91064,0.02429,0.99000,-0.12646,0.90507,0.01915,0.99000
4,1.4000,stand,0.19502,-0.49865,-0.01214,0.99000,-0.20249,-0.50371,-0.00611,0.99000,0.21934,-0.20103,-0.00494,0.99000,-0.23335,-0.19430,-0.00501,0.99000,0.22175,0.07214,-0.00917,0.99000,-0.21454,0.06363,-0.00100,0.99000,0.12696,0.00565,0.00426,0.99000,-0.12117,0.00147,-0.00170,0.99000,0.12908,0.45561,-0.00627,0.99000,-0.12898,0.45008,0.00149,0.99000,0.12515,0.89950,0.02699,0.99000,-0.12561,0.89663,0.02513,0.99000
4,1.4500,stand,0.19587,-0.49708,-0.00461,0.99000,-0.20398,-0.50278,-0.01116,0.99000,0.22937,-0.20402,-0.00008,0.99000,-0.22634,-0.20285,-0.00356,0.99000,0.22132,0.07094,0.00397,0.99000,-0.22292,0.06577,0.00546,0.99000,0.12846,-0.00188,-0.00499,0.99000,-0.12148,-0.00512,0.00571,0.99000,0.12730,0.45221,-0.00429,0.99000,-0.12097,0.44652,-0.00292,0.99000,0.12408,0.89881,0.02400,0.99000,-0.12143,0.90727,0.01792,0.99000
4,1.5000,stand,0.19780,-0.49956,-0.01306,0.99000,-0.20500,-0.49606,-0.01063,0.99000,0.23185,-0.20166,-0.00731,0.99000,-0.23216,-0.20221,0.00284,0.99000,0.21832,0.07319,0.00980,0.99000,-0.21905,0.06405,0.00244,0.99000,0.12460,-0.00251,-0.00616,0.99000,-0.12202,0.00049,0.00560,0.99000,0.12715,0.45101,0.00276,0.99000,-0.12654,0.45684,0.00358,0.99000,0.12990,0.89390,0.02281,0.99000,-0.11801,0.89730,0.02461,0.99000
4,1.5500,stand,0.20471,-0.49801,-0.01074,0.99000,-0.20259,-0.49496,-0.01148,0.99000,0.23356,-0.20371,-0.00997,0.99000,-0.23037,-0.19618,-0.00435,0.99000,0.21418,0.06861,0.00106,0.99000,-0.21002,0.07312,0.00627,0.99000,0.12676,-0.00013,0.00091,0.99000,-0.12397,0.00979,0.00330,0.99000,0.11871,0.44324,-0.00501,0.99000,-0.12547,0.45183,0.00113,0.99000,0.12680,0.89507,0.02381,0.99000,-0.13070,0.89147,0.01762,0.99000
4,1.6000,stand,0.20275,-0.50105,-0.00453,0.99000,-0.20329,-0.49474,-0.00545,0.99000,0.23696,-0.20816,0.00103,0.99000,-0.23378,-0.20382,0.00053,0.99000,0.21490,0.06451,0.00015,0.99000,-0.22000,0.07126,0.00254,0.99000,0.12250,0.00504,-0.00185,0.99000,-0.12892,-0.00678,-0.00063,0.99000,0.12662,0.45167,0.00393,0.99000,-0.12758,0.44987,0.00151,0.99000,0.12418,0.89814,0.01510,0.99000,-0.12728,0.89580,0.02496,0.99000
4,1.6500,stand,0.20232,-0.50413,-0.01221,0.99000,-0.20051,-0.50085,-0.01639,0.99000,0.22780,-0.20197,-0.00190,0.99000,-0.23426,-0.19822,-0.00024,0.99000,0.21792,0.06871,0.00571,0.99000,-0.21972,0.06606,0.00079,0.99000,0.12182,-0.00133,0.00209,0.99000,-0.12169,-0.00636,0.00500,0.99000,0.13532,0.45181,-0.00347,0.99000,-0.12639,0.45687,-0.00227,0.99000,0.12210,0.89881,0.02179,0.99000,-0.12513,0.88773,0.01155,0.99000
4,1.7000,stand,0.19581,-0.49232,-0.00814,0.99000,-0.20270,-0.49942,-0.01369,0.99000,0.22687,-0.19962,-0.00992,0.99000,-0.22692,-0.19631,0.00103,0.99000,0.21788,0.06858,-0.00168,0.99000,-0.22112,0.07026,0.00446,0.99000,0.12030,-0.00448,0.00150,0.99000,-0.12340,-0.00153,0.00177,0.99000,0.11950,0.44839,0.00489,0.99000,-0.12688,0.45357,-0.00321,0.99000,0.12750,0.90548,0.02250,0.99000,-0.11973,0.90316,0.02766,0.99000
4,1.7500,stand,0.19642,-0.49996,-0.01388,0.99000,-0.19832,-0.49874,-0.00665,0.99000,0.22932,-0.20310,-0.00410,0.99000,-0.23327,-0.19776,-0.00037,0.99000,0.21664,0.06125,0.00251,0.99000,-0.22357,0.06434,0.00181,0.99000,0.12947,0.00038,-0.00077,0.99000,-0.13313,-0.00111,-0.00365,0.99000,0.11987,0.45369,-0.00336,0.99000,-0.12516,0.44896,-0.00333,0.99000,0.12849,0.90007,0.01631,0.99000,-0.12787,0.89425,0.02530,0.99000
4,1.8000,stand,0.19752,-0.49655,-0.00621,0.99000,-0.20162,-0.50089,-0.01217,0.99000,0.23490,-0.19982,-0.00346,0.99000,-0.24453,-0.20660,-0.00511,0.99000,0.21439,0.05994,0.00374,0.99000,-0.22395,0.06474,0.00224,0.99000,0.12013,0.00612,-0.00466,0.99000,-0.12160,-0.00143,-0.00245,0.99000,0.12447,0.44673,-0.00082,0.99000,-0.12783,0.44646,-0.00088,0.99000,0.11902,0.89840,0.02459,0.99000,-0.12778,0.89964,0.01793,0.99000
4,1.8500,stand,0.19875,-0.50556,-0.00333,0.99000,-0.19570,-0.49967,-0.00967,0.99000,0.23058,-0.20514,-0.00779,0.99000,-0.23619,-0.19874,-0.01049,0.99000,0.22073,0.06886,-0.00095,0.99000,-0.21673,0.06413,-0.00323,0.99000,0.13175,0.00112,-0.00535,0.99000,-0.12458,0.00601,-0.00060,0.99000,0.13244,0.44953,-0.00500,0.99000,-0.13049,0.45283,-0.00113,0.99000,0.12694,0.90037,0.02125,0.99000,-0.12512,0.89720,0.03110,0.99000
4,1.9000,stand,0.20721,-0.50419,-0.01047,0.99000,-0.19430,-0.50755,-0.01092,0.99000,0.23406,-0.20530,-0.00998,0.99000,-0.22915,-0.20605,-0.00533,0.99000,0.21665,0.07831,0.00085,0.99000,-0.21899,0.06800,0.00081,0.99000,0.13045,0.00487,0.00147,0.99000,-0.12400,-0.00448,-0.00359,0.99000,0.12209,0.45302,-0.00757,0.99000,-0.12383,0.45765,-0.00288,0.99000,0.12332,0.90501,0.02143,0.99000,-0.12018,0.89574,0.01211,0.99000
4,1.9500,stand,0.20079,-0.49584,-0.01226,0.99000,-0.20177,-0.50669,-0.01040,0.99000,0.23456,-0.20244,-0.00489,0.99000,-0.23405,-0.20185,-0.00659,0.99000,0.21295,0.06161,0.00367,0.99000,-0.22489,0.06618,0.00186,0.99000,0.11909,-0.00166,-0.00512,0.99000,-0.12117,-0.00514,0.00266,0.99000,0.12617,0.45741,-0.00274,0.99000,-0.12053,0.45106,0.00055,0.99000,0.12026,0.89035,0.01688,0.99000,-0.12660,0.89577,0.02904,0.99000
4,2.0000,stand,0.20073,-0.49931,-0.01063,0.99000,-0.19701,-0.49708,-0.01292,0.99000,0.22852,-0.20710,-0.00355,0.99000,-0.22691,-0.19797,-0.00851,0.99000,0.21782,0.06819,0.00470,0.99000,-0.21596,0.06674,-0.00349,0.99000,0.12373,0.01085,-0.00104,0.99000,-0.12092,0.00692,0.00039,0.99000,0.11731,0.45126,-0.00379,0.99000,-0.11914,0.45823,0.00437,0.99000,0.12308,0.89555,0.02178,0.99000,-0.12201,0.90108,0.01829,0.99000
4,2.0500,stand,0.19497,-0.50290,-0.00462,0.99000,-0.19626,-0.49617,-0.01063,0.99000,0.22790,-0.20314,-0.00445,0.99000,-0.22156,-0.20629,-0.00492,0.99000,0.21323,0.06316,0.01026,0.99000,-0.22387,0.07520,0.00305,0.99000,0.12813,0.00085,0.00143,0.99000,-0.12382,0.00750,-0.00498,0.99000,0.12603,0.45352,-0.00554,0.99000,-0.12564,0.45136,-0.00152,0.99000,0.12757,0.90328,0.02952,0.99000,-0.12068,0.90255,0.02067,0.99000
4,2.1000,stand,0.19724,-0.50056,-0.00860,0.99000,-0.20207,-0.49532,-0.01390,0.99000,0.22884,-0.21131,-0.00571,0.99000,-0.22674,-0.20109,-0.00652,0.99000,0.22823,0.06374,-0.00198,0.99000,-0.22594,0.06486,-0.00021,0.99000,0.13058,-0.00189,-0.00246,0.99000,-0.12430,0.00218,-0.00473,0.99000,0.12683,0.44730,0.00637,0.99000,-0.12762,0.44456,0.00088,0.99000,0.12472,0.89300,0.02773,0.99000,-0.13340,0.89860,0.03065,0.99000
4,2.1500,stand,0.19889,-0.49524,-0.01907,0.99000,-0.19901,-0.50413,-0.01441,0.99000,0.23593,-0.20151,-0.00359,0.99000,-0.22494,-0.20159,-0.00278,0.99000,0.21762,0.06507,0.00193,0.99000,-0.22379,0.07011,0.00260,0.99000,0.11942,-0.00289,-0.00207,0.99000,-0.12654,0.00068,-0.00165,0.99000,0.12780,0.44858,0.00284,0.99000,-0.12275,0.45302,0.00306,0.99000,0.12574,0.89924,0.02425,0.99000,-0.12836,0.90105,0.02982,0.99000
4,2.2000,stand,0.19666,-0.50486,-0.00935,0.99000,-0.20087,-0.49769,-0.00818,0.99000,0.23279,-0.19154,-0.00609,0.99000,-0.23055,-0.20554,-0.00050,0.99000,0.21883,0.07442,-0.00975,0.99000,-0.21559,0.06478,-0.00236,0.99000,0.12201,-0.00406,0.00089,0.99000,-0.11953,0.00039,0.00548,0.99000,0.12233,0.44947,-0.00331,0.99000,-0.12959,0.46249,0.00367,0.99000,0.12484,0.89442,0.02329,0.99000,-0.12924,0.90346,0.02681,0.99000
4,2.2500,stand,0.20349,-0.50507,-0.00942,0.99000,-0.19885,-0.50085,-0.00686,0.99000,0.23730,-0.19854,-0.00540,0.99000,-0.23579,-0.21044,0.00333,0.99000,0.21603,0.06512,0.00713,0.99000,-0.21776,0.06411,-0.00245,0.99000,0.12588,-0.00396,0.00203,0.99000,-0.11999,-0.00381,0.00049,0.99000,0.12912,0.45028,0.00368,0.99000,-0.12827,0.45382,-0.00187,0.99000,0.12806,0.89766,0.02199,0.99000,-0.12917,0.89443,0.02117,0.99000
4,2.3000,stand,0.19973,-0.50443,-0.00999,0.99000,-0.19987,-0.49792,-0.00809,0.99000,0.22591,-0.20341,-0.00581,0.99000,-0.23060,-0.19795,-0.00701,0.99000,0.22084,0.07161,0.00495,0.99000,-0.21612,0.06555,0.00422,0.99000,0.13004,-0.00171,-0.00512,0.99000,-0.12760,-0.00229,0.00066,0.99000,0.12236,0.45288,-0.00106,0.99000,-0.12888,0.44803,0.00520,0.99000,0.12422,0.90268,0.02036,0.99000,-0.12664,0.89975,0.02232,0.99000
4,2.3500,stand,0.19547,-0.49328,-0.01053,0.99000,-0.20084,-0.49999,-0.00485,0.99000,0.22735,-0.20571,-0.00338,0.99000,-0.22138,-0.20442,-0.00495,0.99000,0.22175,0.07025,0.00046,0.99000,-0.21493,0.07088,0.00129,0.99000,0.12006,-0.00617,-0.00106,0.99000,-0.12400,0.00248,0.00050,0.99000,0.13030,0.45005,0.00049,0.99000,-0.12245,0.45462,-0.00565,0.99000,0.12279,0.90002,0.01861,0.99000,-0.12720,0.89184,0.02352,0.99000
4,2.4000,stand,0.20485,-0.49456,-0.00654,0.99000,-0.20048,-0.49682,-0.01121,0.99000,0.22996,-0.19970,-0.00289,0.99000,-0.23181,-0.19689,-0.00212,0.99000,0.21707,0.06653,-0.00217,0.99000,-0.21302,0.05891,-0.00082,0.99000,0.12768,-0.00393,-0.00030,0.99000,-0.12838,0.00325,-0.00601,0.99000,0.12207,0.44421,0.00316,0.99000,-0.12953,0.45332,0.00149,0.99000,0.12864,0.90388,0.01787,0.99000,-0.12830,0.89769,0.02207,0.99000
4,2.4500,stand,0.19814,-0.49477,-0.00407,0.99000,-0.20042,-0.49321,-0.00270,0.99000,0.22937,-0.20530,0.00456,0.99000,-0.23037,-0.20716,0.00310,0.99000,0.21833,0.06507,-0.00093,0.99000,-0.21427,0.06955,0.00264,0.99000,0.12866,-0.00327,0.00346,0.99000,-0.12870,-0.00219,0.00113,0.99000,0.12120,0.44679,0.00111,0.99000,-0.13210,0.44835,0.00348,0.99000,0.11696,0.89662,0.02274,0.99000,-0.12648,0.89843,0.02559,0.99000
4,2.5000,stand,0.19271,-0.50815,-0.00295,0.99000,-0.20306,-0.50355,-0.00752,0.99000,0.22784,-0.19587,-0.00173,0.99000,-0.23475,-0.19776,-0.00907,0.99000,0.22038,0.07015,-0.00184,0.99000,-0.21547,0.07459,0.00227,0.99000,0.11935,-0.00114,-0.00842,0.99000,-0.12460,-0.00281,0.00043,0.99000,0.12756,0.44716,0.00719,0.99000,-0.12446,0.45343,0.00188,0.99000,0.12630,0.89916,0.02074,0.99000,-0.12431,0.90158,0.02357,0.99000
4,2.5500,stand,0.19828,-0.50273,-0.00961,0.99000,-0.19453,-0.50031,-0.00995,0.99000,0.23349,-0.19998,0.00007,0.99000,-0.22594,-0.19668,-0.00175,0.99000,0.22045,0.06533,-0.00086,0.99000,-0.21912,0.06182,0.00290,0.99000,0.12150,-0.00249,0.00250,0.99000,-0.11689,-0.00224,-0.00162,0.99000,0.12164,0.45452,-0.00114,0.99000,-0.12887,0.45144,0.00209,0.99000,0.12317,0.90480,0.01637,0.99000,-0.12485,0.90195,0.02132,0.99000
4,2.6000,stand,0.20018,-0.50547,-0.01081,0.99000,-0.20132,-0.49352,0.00799,0.99000,0.22665,-0.19467,-0.00760,0.99000,-0.22772,-0.19410,0.00064,0.99000,0.21771,0.06800,-0.00353,0.99000,-0.22263,0.06709,0.00513,0.99000,0.13260,0.00200,0.00321,0.99000,-0.12298,-0.00043,-0.00310,0.99000,0.12264,0.45479,-0.00083,0.99000,-0.11925,0.45164,0.00682,0.99000,0.12143,0.90189,0.02155,0.99000,-0.12703,0.90072,0.01826,0.99000
4,2.6500,stand,0.19657,-0.49322,-0.00098,0.99000,-0.19913,-0.50145,-0.00095,0.99000,0.23229,-0.19981,-0.00961,0.99000,-0.22564,-0.20192,-0.00403,0.99000,0.21964,0.07066,0.00262,0.99000,-0.21163,0.06871,-0.00346,0.99000,0.12432,-0.00546,0.00348,0.99000,-0.12881,-0.00356,-0.00268,0.99000,0.12035,0.45052,-0.00086,0.99000,-0.12390,0.45335,0.00710,0.99000,0.12761,0.90577,0.02255,0.99000,-0.12616,0.90404,0.02125,0.99000
4,2.7000,stand,0.19432,-0.50223,-0.00510,0.99000,-0.20387,-0.49928,-0.00008,0.99000,0.22821,-0.19970,-0.00599,0.99000,-0.23186,-0.20309,-0.00346,0.99000,0.21798,0.06786,-0.00309,0.99000,-0.22212,0.06904,-0.00045,0.99000,0.12300,0.00014,0.00406,0.99000,-0.12308,-0.00610,-0.00082,0.99000,0.12894,0.45601,0.00647,0.99000,-0.12983,0.44951,0.00510,0.99000,0.12161,0.90068,0.02061,0.99000,-0.12548,0.90048,0.02671,0.99000
4,2.7500,stand,0.19805,-0.50007,-0.00470,0.99000,-0.20132,-0.50297,0.00101,0.99000,0.23660,-0.20781,-0.00570,0.99000,-0.23119,-0.19809,-0.00843,0.99000,0.21507,0.06913,-0.00302,0.99000,-0.21878,0.06764,0.00491,0.99000,0.12582,-0.00029,0.00431,0.99000,-0.11995,0.00216,-0.00078,0.99000,0.12873,0.45585,0.00190,0.99000,-0.11961,0.44686,0.00172,0.99000,0.12296,0.90793,0.02655,0.99000,-0.12942,0.90022,0.01640,0.99000
4,2.8000,stand,0.20783,-0.50132,-0.00553,0.99000,-0.19119,-0.49935,-0.00870,0.99000,0.22160,-0.20484,-0.00632,0.99000,-0.23461,-0.20407,0.00135,0.99000,0.21967,0.07371,0.00141,0.99000,-0.22232,0.07122,0.00217,0.99000,0.13854,0.00193,0.00277,0.99000,-0.13440,-0.00065,0.00171,0.99000,0.12993,0.44782,0.00063,0.99000,-0.12342,0.45199,-0.00326,0.99000,0.12204,0.89765,0.02521,0.99000,-0.13232,0.89273,0.02095,0.99000
4,2.8500,stand,0.20636,-0.49477,-0.00513,0.99000,-0.20360,-0.49847,-0.00122,0.99000,0.23494,-0.20443,0.00295,0.99000,-0.23609,-0.20027,-0.00133,0.99000,0.21639,0.06790,0.00159,0.99000,-0.21669,0.06643,-0.00303,0.99000,0.12899,0.00637,-0.00497,0.99000,-0.11788,-0.00266,0.00329,0.99000,0.12105,0.44751,-0.00626,0.99000,-0.12055,0.44859,-0.00122,0.99000,0.12807,0.89707,0.01831,0.99000,-0.12350,0.89241,0.02910,0.99000
4,2.9000,stand,0.19322,-0.49991,0.00304,0.99000,-0.20409,-0.49975,0.00335,0.99000,0.22927,-0.19737,0.00126,0.99000,-0.22909,-0.20277,0.00125,0.99000,0.22660,0.06134,0.00808,0.99000,-0.23164,0.07305,-0.00201,0.99000,0.12845,-0.00327,-0.00095,0.99000,-0.12683,0.00611,-0.00903,0.99000,0.12741,0.45606,0.00114,0.99000,-0.12012,0.45109,-0.00422,0.99000,0.12546,0.89789,0.02007,0.99000,-0.12940,0.89357,0.02171,0.99000
4,2.9500,stand,0.19945,-0.49398,0.00127,0.99000,-0.19936,-0.50450,0.00720,0.99000,0.23135,-0.20133,-0.00460,0.99000,-0.23061,-0.19842,0.00375,0.99000,0.21558,0.05669,-0.00027,0.99000,-0.22234,0.06615,0.00129,0.99000,0.12299,0.00242,0.00183,0.99000,-0.12162,0.00620,0.00114,0.99000,0.12117,0.44814,-0.00499,0.99000,-0.12359,0.44868,0.00199,0.99000,0.12406,0.89891,0.02334,0.99000,-0.12268,0.89584,0.01892,0.99000
4,3.0000,stand,0.19809,-0.50431,0.00152,0.99000,-0.20555,-0.50179,0.00054,0.99000,0.22500,-0.20377,0.00068,0.99000,-0.23353,-0.19873,-0.00353,0.99000,0.22158,0.06625,-0.00107,0.99000,-0.22445,0.06930,0.00206,0.99000,0.12827,-0.00950,0.00697,0.99000,-0.12526,0.00478,0.00259,0.99000,0.12640,0.45552,-0.00071,0.99000,-0.13131,0.44679,0.00146,0.99000,0.12514,0.89721,0.02064,0.99000,-0.12242,0.90528,0.02542,0.99000
4,3.0500,stand,0.20036,-0.50115,-0.00311,0.99000,-0.20099,-0.49675,0.00405,0.99000,0.23422,-0.19478,-0.00119,0.99000,-0.22516,-0.19885,-0.00247,0.99000,0.22291,0.07622,-0.00020,0.99000,-0.21557,0.06723,0.00577,0.99000,0.12609,-0.00075,-0.00125,0.99000,-0.12921,0.00280,-0.00099,0.99000,0.11841,0.44581,-0.00138,0.99000,-0.11992,0.44239,-0.00184,0.99000,0.12556,0.90177,0.01795,0.99000,-0.11825,0.89953,0.01714,0.99000
4,3.1000,stand,0.20489,-0.49844,0.00412,0.99000,-0.20593,-0.50210,-0.00139,0.99000,0.23003,-0.19881,-0.00052,0.99000,-0.21901,-0.20349,0.00052,0.99000,0.21971,0.06585,0.00222,0.99000,-0.22193,0.07583,-0.00243,0.99000,0.12394,0.00397,0.00466,0.99000,-0.12142,0.00110,-0.00636,0.99000,0.13008,0.45412,-0.00268,0.99000,-0.12120,0.44509,0.00559,0.99000,0.12210,0.89889,0.01765,0.99000,-0.12910,0.90298,0.02344,0.99000
4,3.1500,stand,0.19569,-0.50487,0.00467,0.99000,-0.20141,-0.49850,0.00177,0.99000,0.23044,-0.19998,-0.00200,0.99000,-0.22577,-0.19937,-0.00166,0.99000,0.21709,0.07143,-0.00244,0.99000,-0.22447,0.05975,-0.00003,0.99000,0.12779,-0.00090,-0.00774,0.99000,-0.11888,0.00314,-0.00210,0.99000,0.12083,0.45208,-0.00055,0.99000,-0.11579,0.45394,0.00462,0.99000,0.13128,0.89765,0.02168,0.99000,-0.12564,0.89814,0.02958,0.99000
4,3.2000,stand,0.19818,-0.49736,0.00435,0.99000,-0.19197,-0.49600,0.00016,0.99000,0.22665,-0.20820,-0.00032,0.99000,-0.23017,-0.20307,-0.00026,0.99000,0.21827,0.06651,-0.00087,0.99000,-0.21907,0.06982,0.00622,0.99000,0.12613,0.00297,0.00012,0.99000,-0.12422,0.00180,-0.00196,0.99000,0.13015,0.44402,-0.00089,0.99000,-0.12564,0.45390,-0.00636,0.99000,0.12381,0.88994,0.02163,0.99000,-0.12473,0.89986,0.02518,0.99000
4,3.2500,stand,0.19367,-0.49593,0.00032,0.99000,-0.19877,-0.49670,0.00275,0.99000,0.22941,-0.20215,0.00252,0.99000,-0.22437,-0.19824,0.00202,0.99000,0.21214,0.06368,0.00666,0.99000,-0.22646,0.06661,-0.00534,0.99000,0.12912,-0.00213,-0.00460,0.99000,-0.12782,-0.00101,0.00415,0.99000,0.12184,0.45331,0.00221,0.99000,-0.12917,0.44377,-0.00371,0.99000,0.13416,0.89860,0.02504,0.99000,-0.12554,0.90058,0.01877,0.99000
4,3.3000,stand,0.20393,-0.49256,-0.00358,0.99000,-0.20004,-0.50118,-0.00051,0.99000,0.22595,-0.19721,-0.01074,0.99000,-0.22757,-0.21220,0.00634,0.99000,0.22518,0.06706,-0.00682,0.99000,-0.22482,0.06878,-0.00491,0.99000,0.12430,-0.00025,-0.00868,0.99000,-0.12724,-0.00081,-0.00216,0.99000,0.12531,0.44624,-0.00227,0.99000,-0.12328,0.44822,0.00309,0.99000,0.11991,0.89900,0.02285,0.99000,-0.12808,0.90057,0.02354,0.99000
4,3.3500,stand,0.20925,-0.49911,0.00582,0.99000,-0.19515,-0.49368,0.01477,0.99000,0.23543,-0.20513,0.00332,0.99000,-0.23489,-0.19917,0.00113,0.99000,0.21402,0.06904,-0.00143,0.99000,-0.22257,0.06397,-0.00335,0.99000,0.12441,-0.00345,0.00507,0.99000,-0.13098,-0.00184,0.00384,0.99000,0.12319,0.45355,-0.00078,0.99000,-0.12476,0.44662,0.00594,0.99000,0.12364,0.90212,0.01863,0.99000,-0.12545,0.89469,0.01639,0.99000
4,3.4000,stand,0.20225,-0.50052,0.00920,0.99000,-0.19976,-0.49988,0.00489,0.99000,0.24378,-0.19875,0.01216,0.99000,-0.23321,-0.19779,-0.00098,0.99000,0.22014,0.07029,0.00764,0.99000,-0.21738,0.06424,-0.00394,0.99000,0.12171,-0.00017,-0.00234,0.99000,-0.12567,0.00142,-0.00224,0.99000,0.12847,0.45016,0.00578,0.99000,-0.12966,0.44792,-0.00148,0.99000,0.12279,0.89938,0.01853,0.99000,-0.12692,0.89489,0.02622,0.99000
4,3.4500,stand,0.20657,-0.50154,0.00524,0.99000,-0.20686,-0.50260,0.01060,0.99000,0.22570,-0.19437,-0.00363,0.99000,-0.22850,-0.20277,0.00022,0.99000,0.21401,0.06755,-0.00269,0.99000,-0.21245,0.06265,-0.00362,0.99000,0.12223,-0.00028,-0.00096,0.99000,-0.12134,-0.00590,-0.01198,0.99000,0.12850,0.44369,-0.00400,0.99000,-0.12653,0.45027,-0.00864,0.99000,0.12530,0.90531,0.02312,0.99000,-0.12137,0.89880,0.02540,0.99000
4,3.5000,stand,0.19478,-0.49916,0.00774,0.99000,-0.19767,-0.50818,0.00851,0.99000,0.23478,-0.20365,-0.00413,0.99000,-0.22957,-0.19391,-0.00513,0.99000,0.21659,0.07214,0.00039,0.99000,-0.21700,0.07080,-0.00162,0.99000,0.12396,-0.00198,-0.00053,0.99000,-0.12665,-0.00165,-0.00515,0.99000,0.12735,0.45001,0.00399,0.99000,-0.12477,0.45331,0.00297,0.99000,0.11920,0.90124,0.02148,0.99000,-0.12437,0.89057,0.01862,0.99000
4,3.5500,stand,0.19996,-0.49822,0.00688,0.99000,-0.19933,-0.49618,0.00790,0.99000,0.23146,-0.20190,0.00663,0.99000,-0.22986,-0.20601,0.00563,0.99000,0.22055,0.06605,-0.00273,0.99000,-0.21618,0.06553,0.00866,0.99000,0.12501,-0.00389,-0.00080,0.99000,-0.11871,-0.00338,-0.00053,0.99000,0.13043,0.45219,-0.00870,0.99000,-0.10812,0.45763,-0.00205,0.99000,0.13149,0.90072,0.02800,0.99000,-0.12465,0.90656,0.02227,0.99000
4,3.6000,stand,0.19079,-0.49941,0.00517,0.99000,-0.20418,-0.49949,0.00346,0.99000,0.23260,-0.20232,-0.00286,0.99000,-0.22851,-0.20573,0.00746,0.99000,0.21830,0.06568,-0.01088,0.99000,-0.21265,0.07541,-0.00695,0.99000,0.13108,-0.00109,-0.00324,0.99000,-0.12754,0.00147,-0.00632,0.99000,0.11840,0.45232,-0.00188,0.99000,-0.13096,0.44879,0.00119,0.99000,0.11905,0.90267,0.02153,0.99000,-0.12785,0.89189,0.02374,0.99000
4,3.6500,stand,0.20467,-0.50045,0.01614,0.99000,-0.19851,-0.50035,0.00624,0.99000,0.22726,-0.20638,0.00170,0.99000,-0.23018,-0.20027,0.00537,0.99000,0.21888,0.06777,-0.00361,0.99000,-0.22059,0.07229,0.00377,0.99000,0.12863,0.00399,0.00776,0.99000,-0.12658,0.00721,0.00065,0.99000,0.12438,0.45317,0.00407,0.99000,-0.12409,0.45338,-0.00616,0.99000,0.12761,0.89739,0.02345,0.99000,-0.12450,0.90390,0.02067,0.99000
4,3.7000,stand,0.20066,-0.49995,0.00178,0.99000,-0.20192,-0.49699,0.01600,0.99000,0.22627,-0.20040,-0.00174,0.99000,-0.23090,-0.20715,0.00259,0.99000,0.21677,0.07170,-0.00270,0.99000,-0.22464,0.05923,-0.00188,0.99000,0.11489,-0.00204,0.00217,0.99000,-0.12646,-0.00215,0.00021,0.99000,0.12426,0.45221,0.00361,0.99000,-0.12067,0.45148,0.00725,0.99000,0.12240,0.90016,0.01897,0.99000,-0.12367,0.90262,0.03333,0.99000
4,3.7500,stand,0.19926,-0.49891,0.01203,0.99000,-0.19410,-0.49560,0.01074,0.99000,0.23284,-0.20660,0.00228,0.99000,-0.22329,-0.19786,0.00029,0.99000,0.21804,0.06662,-0.00037,0.99000,-0.22341,0.06251,-0.00273,0.99000,0.12392,0.00805,-0.00550,0.99000,-0.12669,-0.00236,-0.00293,0.99000,0.12581,0.44974,-0.00759,0.99000,-0.12522,0.45163,0.00225,0.99000,0.12062,0.90152,0.02042,0.99000,-0.12412,0.89894,0.02494,0.99000
4,3.8000,stand,0.19639,-0.49910,0.00666,0.99000,-0.19763,-0.50487,0.01584,0.99000,0.23254,-0.20467,0.00642,0.99000,-0.22882,-0.19316,0.00198,0.99000,0.21455,0.06870,-0.00582,0.99000,-0.22252,0.06838,0.00273,0.99000,0.12563,-0.00094,0.00164,0.99000,-0.12746,-0.00266,-0.00063,0.99000,0.12537,0.44744,-0.00666,0.99000,-0.12491,0.45058,0.00507,0.99000,0.12438,0.89907,0.02311,0.99000,-0.12938,0.89216,0.03116,0.99000
4,3.8500,stand,0.19996,-0.49565,0.01204,0.99000,-0.20180,-0.49317,0.00976,0.99000,0.22997,-0.20495,0.00997,0.99000,-0.23259,-0.20132,0.00573,0.99000,0.21295,0.06914,-0.00102,0.99000,-0.21589,0.06784,-0.00309,0.99000,0.13086,0.00014,0.00102,0.99000,-0.12647,0.00495,-0.00016,0.99000,0.12078,0.45538,0.00039,0.99000,-0.11666,0.45282,-0.00400,0.99000,0.12617,0.89454,0.02818,0.99000,-0.12487,0.89658,0.01951,0.99000
4,3.9000,stand,0.19775,-0.49435,0.01448,0.99000,-0.19873,-0.49801,0.01875,0.99000,0.23266,-0.19583,0.00955,0.99000,-0.23161,-0.20345,0.00847,0.99000,0.21501,0.07207,-0.00674,0.99000,-0.22447,0.06016,-0.00540,0.99000,0.12513,0.00057,-0.00111,0.99000,-0.12456,0.00359,0.00261,0.99000,0.12345,0.45115,0.00350,0.99000,-0.12868,0.44685,-0.00240,0.99000,0.12760,0.89990,0.02897,0.99000,-0.12153,0.89675,0.02063,0.99000
4,3.9500,stand,0.19418,-0.50436,0.00928,0.99000,-0.20626,-0.49614,0.01149,0.99000,0.23009,-0.19856,-0.00080,0.99000,-0.23469,-0.20499,-0.00800,0.99000,0.21260,0.07029,0.00417,0.99000,-0.21693,0.06920,0.00165,0.99000,0.12102,-0.00847,-0.00183,0.99000,-0.13344,-0.00229,0.00075,0.99000,0.12381,0.45323,0.00006,0.99000,-0.12525,0.44954,0.00066,0.99000,0.13028,0.89916,0.02578,0.99000,-0.12557,0.90200,0.02477,0.99000
4,4.0000,stand,0.20094,-0.49628,0.00289,0.99000,-0.20765,-0.50440,0.01063,0.99000,0.22857,-0.19814,0.00779,0.99000,-0.23446,-0.19682,0.00335,0.99000,0.22073,0.07068,-0.00006,0.99000,-0.21045,0.06790,-0.00419,0.99000,0.12759,0.00063,0.00100,0.99000,-0.12136,-0.00410,-0.00121,0.99000,0.11858,0.45341,0.00119,0.99000,-0.12001,0.45159,0.00069,0.99000,0.11751,0.90593,0.01661,0.99000,-0.12711,0.89496,0.01339,0.99000
4,4.0500,stand,0.20426,-0.50460,0.00556,0.99000,-0.19801,-0.49737,0.01069,0.99000,0.23755,-0.21073,0.00285,0.99000,-0.23538,-0.20170,0.00455,0.99000,0.22563,0.05744,0.00164,0.99000,-0.21972,0.06840,0.00287,0.99000,0.12238,-0.00195,0.00346,0.99000,-0.12436,-0.00173,-0.00429,0.99000,0.12528,0.44435,0.00455,0.99000,-0.12226,0.45638,0.00029,0.99000,0.11971,0.89420,0.02490,0.99000,-0.12164,0.89921,0.02114,0.99000
4,4.1000,stand,0.19775,-0.49706,0.00608,0.99000,-0.20031,-0.50758,0.00477,0.99000,0.22815,-0.20914,0.00632,0.99000,-0.23039,-0.20387,0.00621,0.99000,0.21817,0.06325,-0.00245,0.99000,-0.21581,0.07175,0.00034,0.99000,0.12226,-0.00219,0.00148,0.99000,-0.12514,-0.00057,-0.00199,0.99000,0.12280,0.45161,-0.00199,0.99000,-0.12688,0.45527,0.00067,0.99000,0.12773,0.89778,0.02512,0.99000,-0.13115,0.89225,0.01918,0.99000
4,4.1500,stand,0.20010,-0.50430,0.01102,0.99000,-0.20558,-0.49946,0.00839,0.99000,0.22840,-0.20194,-0.00065,0.99000,-0.22982,-0.20576,0.00020,0.99000,0.21733,0.06971,-0.00249,0.99000,-0.21940,0.06564,0.00072,0.99000,0.12718,0.00137,-0.00320,0.99000,-0.12247,0.00377,-0.00575,0.99000,0.12352,0.45399,0.00008,0.99000,-0.12986,0.45214,0.00030,0.99000,0.12325,0.89927,0.01879,0.99000,-0.12903,0.89860,0.01883,0.99000
4,4.2000,stand,0.19741,-0.50640,0.01597,0.99000,-0.20035,-0.50007,0.00646,0.99000,0.22442,-0.20362,0.00226,0.99000,-0.22449,-0.19574,0.00531,0.99000,0.21855,0.06851,-0.00164,0.99000,-0.21314,0.07698,0.00105,0.99000,0.12187,-0.00306,0.00396,0.99000,-0.12744,-0.00232,-0.00429,0.99000,0.12951,0.45541,-0.00155,0.99000,-0.12177,0.44780,-0.00075,0.99000,0.11714,0.90036,0.02365,0.99000,-0.12358,0.89849,0.02433,0.99000
5,0.0000,stand,0.19492,-0.50349,-0.00456,0.99000,-0.20376,-0.49850,-0.00151,0.99000,0.22814,-0.21168,0.00104,0.99000,-0.23324,-0.20623,-0.01243,0.99000,0.21745,0.06483,0.00517,0.99000,-0.22128,0.07053,0.00058,0.99000,0.12637,-0.00087,-0.00189,0.99000,-0.12834,0.00094,0.00320,0.99000,0.12737,0.45220,-0.00702,0.99000,-0.12523,0.44872,-0.00233,0.99000,0.12643,0.89548,0.01362,0.99000,-0.12364,0.90034,0.01698,0.99000
5,0.0500,stand,0.19968,-0.50023,0.00289,0.99000,-0.20124,-0.49952,-0.00625,0.99000,0.23093,-0.20236,-0.00856,0.99000,-0.22714,-0.19872,-0.00287,0.99000,0.22286,0.07002,0.00056,0.99000,-0.21886,0.07275,-0.00096,0.99000,0.12990,-0.00287,0.00835,0.99000,-0.12440,-0.00095,0.00088,0.99000,0.12162,0.45098,-0.00242,0.99000,-0.12598,0.45126,0.00428,0.99000,0.12946,0.90215,0.02279,0.99000,-0.12348,0.89397,0.02654,0.99000
5,0.1000,stand,0.19839,-0.50766,-0.00718,0.99000,-0.19819,-0.49804,-0.00640,0.99000,0.22923,-0.20339,-0.00627,0.99000,-0.22765,-0.19790,-0.00766,0.99000,0.21108,0.06054,-0.00603,0.99000,-0.22238,0.06582,0.01042,0.99000,0.12339,-0.01069,0.00300,0.99000,-0.12480,0.00373,0.00797,0.99000,0.12985,0.44806,-0.00438,0.99000,-0.12289,0.44634,-0.00457,0.99000,0.11613,0.89848,0.02640,0.99000,-0.12449,0.89259,0.01609,0.99000
5,0.1500,stand,0.19489,-0.50074,-0.01138,0.99000,-0.20141,-0.49760,-0.00711,0.99000,0.22602,-0.19662,-0.00891,0.99000,-0.23253,-0.20222,-0.00429,0.99000,0.21923,0.06652,-0.00103,0.99000,-0.21728,0.06190,0.00337,0.99000,0.11733,0.00330,0.00225,0.99000,-0.12830,-0.00568,0.00166,0.99000,0.12662,0.44704,-0.00056,0.99000,-0.12131,0.44929,-0.00244,0.99000,0.12174,0.89437,0.02024,0.99000,-0.12430,0.89737,0.01898,0.99000
5,0.2000,stand,0.20780,-0.50671,-0.00976,0.99000,-0.20663,-0.50018,-0.01116,0.99000,0.23419,-0.20279,-0.00166,0.99000,-0.23078,-0.20313,-0.00645,0.99000,0.21974,0.06674,-0.00199,0.99000,-0.22028,0.06571,0.00444,0.99000,0.12587,-0.00642,0.00123,0.99000,-0.13013,-0.00199,0.00699,0.99000,0.13429,0.44735,-0.00154,0.99000,-0.12961,0.44481,0.00483,0.99000,0.12845,0.90421,0.02417,0.99000,-0.12582,0.89528,0.02348,0.99000
5,0.2500,stand,0.19889,-0.49324,-0.00994,0.99000,-0.20666,-0.49886,-0.00906,0.99000,0.23179,-0.20252,0.00341,0.99000,-0.22997,-0.20437,-0.00361,0.99000,0.21046,0.07752,-0.00372,0.99000,-0.21975,0.07022,0.00476,0.99000,0.12601,0.00464,0.00507,0.99000,-0.11986,0.00151,0.00503,0.99000,0.12392,0.45025,-0.00268,0.99000,-0.12435,0.44971,0.00335,0.99000,0.13581,0.90335,0.02247,0.99000,-0.11320,0.89615,0.02637,0.99000
5,0.3000,stand,0.20194,-0.49666,-0.00414,0.99000,-0.20025,-0.49293,-0.01157,0.99000,0.22931,-0.19617,-0.00671,0.99000,-0.22870,-0.19744,-0.00442,0.99000,0.21357,0.07192,0.00034,0.99000,-0.22460,0.06687,0.00192,0.99000,0.12932,-0.00052,0.00223,0.99000,-0.12096,-0.00471,0.00295,0.99000,0.12348,0.45587,-0.00029,0.99000,-0.11938,0.45280,0.00926,0.99000,0.12603,0.90335,0.02228,0.99000,-0.12281,0.90227,0.02468,0.99000
5,0.3500,stand,0.20472,-0.50210,-0.00420,0.99000,-0.20227,-0.50540,-0.01046,0.99000,0.22917,-0.19937,-0.00722,0.99000,-0.22837,-0.20372,-0.00768,0.99000,0.22039,0.06000,0.00631,0.99000,-0.22660,0.06712,0.00049,0.99000,0.12081,-0.00456,0.00325,0.99000,-0.11882,-0.00207,0.00084,0.99000,0.12399,0.44026,-0.00249,0.99000,-0.12933,0.45093,-0.00093,0.99000,0.12948,0.89922,0.01700,0.99000,-0.12885,0.90211,0.02135,0.99000
5,0.4000,stand,0.20275,-0.50506,-0.01087,0.99000,-0.19327,-0.49653,-0.00791,0.99000,0.23892,-0.20014,-0.01409,0.99000,-0.22705,-0.20265,-0.00409,0.99000,0.21851,0.07057,0.00350,0.99000,-0.22179,0.06696,0.00586,0.99000,0.12893,0.00380,0.00280,0.99000,-0.12465,0.00130,0.00330,0.99000,0.12591,0.44620,-0.00105,0.99000,-0.13194,0.44961,-0.00018,0.99000,0.12494,0.89562,0.02456,0.99000,-0.13208,0.90016,0.00930,0.99000
5,0.4500,stand,0.20548,-0.49222,-0.01065,0.99000,-0.19960,-0.50546,-0.01028,0.99000,0.23103,-0.20770,-0.00505,0.99000,-0.22672,-0.21027,-0.00867,0.99000,0.22563,0.06380,0.00206,0.99000,-0.21136,0.07064,-0.00029,0.99000,0.13005,-0.00974,0.00358,0.99000,-0.12538,-0.00183,0.00121,0.99000,0.12627,0.45101,0.00124,0.99000,-0.12774,0.45483,-0.00432,0.99000,0.12469,0.89500,0.02482,0.99000,-0.12537,0.90046,0.01516,0.99000
5,0.5000,stand,0.20302,-0.50586,-0.01027,0.99000,-0.20126,-0.49853,-0.01052,0.99000,0.23154,-0.19803,-0.00831,0.99000,-0.22403,-0.20375,0.00495,0.99000,0.21818,0.06649,-0.00255,0.99000,-0.21425,0.06824,0.00468,0.99000,0.12199,-0.00068,-0.00496,0.99000,-0.12418,-0.00029,-0.00204,0.99000,0.12754,0.45279,-0.00205,0.99000,-0.11794,0.45132,0.00349,0.99000,0.12981,0.90286,0.02511,0.99000,-0.12370,0.89833,0.02020,0.99000
5,0.5500,stand,0.19530,-0.49671,-0.01145,0.99000,-0.19982,-0.49738,-0.01069,0.99000,0.22775,-0.19953,-0.00466,0.99000,-0.22946,-0.20205,-0.00247,0.99000,0.21997,0.07175,0.00113,0.99000,-0.22385,0.06836,0.00288,0.99000,0.11955,0.00298,-0.00186,0.99000,-0.12069,0.00234,-0.00224,0.99000,0.11958,0.44852,0.00445,0.99000,-0.12884,0.45069,-0.00516,0.99000,0.13017,0.89071,0.02685,0.99000,-0.12533,0.90618,0.02385,0.99000
5,0.6000,stand,0.20982,-0.49512,-0.00666,0.99000,-0.20148,-0.50014,-0.01263,0.99000,0.23022,-0.19833,0.00106,0.99000,-0.23522,-0.19941,-0.00251,0.99000,0.22116,0.06486,0.00267,0.99000,-0.21409,0.06939,0.00233,0.99000,0.12252,-0.00278,-0.00710,0.99000,-0.12191,0.00139,-0.00433,0.99000,0.12480,0.44472,-0.00509,0.99000,-0.12239,0.44870,0.00004,0.99000,0.12642,0.90084,0.01893,0.99000,-0.13163,0.90645,0.01606,0.99000
5,0.6500,stand,0.19565,-0.50331,-0.00862,0.99000,-0.19336,-0.49828,-0.01422,0.99000,0.23586,-0.20206,-0.01195,0.99000,-0.22787,-0.19632,-0.00926,0.99000,0.21371,0.07262,0.00403,0.99000,-0.21368,0.06780,-0.00632,0.99000,0.12512,-0.00868,0.00362,0.99000,-0.12509,0.00186,0.00302,0.99000,0.12206,0.44423,0.00153,0.99000,-0.12338,0.45292,-0.00287,0.99000,0.12492,0.90157,0.01613,0.99000,-0.12354,0.90483,0.01887,0.99000
5,0.7000,stand,0.20328,-0.49587,-0.00778,0.99000,-0.19795,-0.50169,-0.00557,0.99000,0.23267,-0.20515,-0.00112,0.99000,-0.23155,-0.20481,-0.00637,0.99000,0.21828,0.06483,0.00263,0.99000,-0.21895,0.06760,-0.00140,0.99000,0.12764,0.01159,-0.00170,0.99000,-0.12641,-0.00036,-0.00021,0.99000,0.12219,0.44772,0.00451,0.99000,-0.12772,0.44855,0.00219,0.99000,0.12457,0.89720,0.02352,0.99000,-0.13120,0.89975,0.01727,0.99000
5,0.7500,stand,0.19416,-0.50005,-0.00956,0.99000,-0.19456,-0.49508,-0.00933,0.99000,0.23122,-0.20167,-0.00921,0.99000,-0.24095,-0.20813,-0.00620,0.99000,0.21882,0.06959,0.00184,0.99000,-0.21280,0.06863,0.00172,0.99000,0.12788,-0.00204,-0.00253,0.99000,-0.12245,-0.00294,-0.00496,0.99000,0.12302,0.45462,-0.00088,0.99000,-0.12440,0.45209,0.00052,0.99000,0.12734,0.90010,0.02397,0.99000,-0.12332,0.89301,0.01982,0.99000
5,0.8000,stand,0.20099,-0.49786,-0.00477,0.99000,-0.20084,-0.49641,-0.00424,0.99000,0.22734,-0.20658,-0.00255,0.99000,-0.23590,-0.20341,-0.00808,0.99000,0.21752,0.06879,0.00285,0.99000,-0.22165,0.06864,0.00395,0.99000,0.12067,0.00058,-0.00482,0.99000,-0.12687,0.00163,0.00332,0.99000,0.12040,0.44886,0.00537,0.99000,-0.12810,0.44874,0.00481,0.99000,0.12891,0.90559,0.02963,0.99000,-0.12876,0.89674,0.01708,0.99000
5,0.8500,stand,0.19892,-0.50432,-0.00639,0.99000,-0.19681,-0.49739,-0.01116,0.99000,0.23432,-0.20774,-0.00803,0.99000,-0.22674,-0.20013,-0.00011,0.99000,0.22086,0.06974,0.00331,0.99000,-0.21501,0.07134,0.00757,0.99000,0.12110,-0.00050,-0.00023,0.99000,-0.13115,0.00235,-0.00752,0.99000,0.12460,0.45160,-0.00196,0.99000,-0.12861,0.45932,-0.00480,0.99000,0.12443,0.90249,0.01727,0.99000,-0.12404,0.89778,0.02159,0.99000
5,0.9000,stand,0.19944,-0.49907,-0.00751,0.99000,-0.20837,-0.50074,0.00068,0.99000,0.22924,-0.19724,-0.00451,0.99000,-0.23187,-0.19719,-0.00883,0.99000,0.22649,0.06788,0.00114,0.99000,-0.22009,0.06503,0.00081,0.99000,0.12231,0.00742,-0.00441,0.99000,-0.12696,0.00623,0.00482,0.99000,0.12795,0.44722,0.00582,0.99000,-0.12591,0.45052,0.00613,0.99000,0.12784,0.89862,0.02011,0.99000,-0.11462,0.89764,0.02353,0.99000
5,0.9500,stand,0.19701,-0.50463,-0.00855,0.99000,-0.19942,-0.49659,-0.00996,0.99000,0.23371,-0.19695,-0.00248,0.99000,-0.23054,-0.20174,-0.00253,0.99000,0.21647,0.06809,0.00314,0.99000,-0.22157,0.06558,0.00361,0.99000,0.12243,-0.00509,0.00349,0.99000,-0.12281,-0.01261,-0.00020,0.99000,0.12792,0.44846,-0.00114,0.99000,-0.13008,0.44991,-0.00227,0.99000,0.11856,0.90349,0.02000,0.99000,-0.12424,0.89723,0.03088,0.99000
5,1.0000,stand,0.19786,-0.50203,-0.00563,0.99000,-0.20153,-0.49157,-0.01484,0.99000,0.23172,-0.20466,0.00440,0.99000,-0.23527,-0.20026,-0.00266,0.99000,0.21488,0.07560,-0.00499,0.99000,-0.22120,0.06835,-0.00632,0.99000,0.12893,-0.00355,-0.00332,0.99000,-0.12994,-0.00131,0.00046,0.99000,0.13013,0.45381,-0.00005,0.99000,-0.12122,0.44209,-0.00134,0.99000,0.12199,0.89825,0.02586,0.99000,-0.11988,0.89893,0.01844,0.99000
5,1.0500,stand,0.20367,-0.49904,-0.01197,0.99000,-0.19832,-0.49735,0.00066,0.99000,0.22925,-0.20294,-0.00707,0.99000,-0.22844,-0.20210,-0.01494,0.99000,0.22004,0.05846,0.00356,0.99000,-0.21724,0.06977,0.00159,0.99000,0.12010,-0.00156,0.00222,0.99000,-0.12592,-0.00007,-0.00132,0.99000,0.12445,0.44792,-0.00062,0.99000,-0.12589,0.45330,-0.00045,0.99000,0.12188,0.89311,0.02564,0.99000,-0.12367,0.89687,0.02009,0.99000
5,1.1000,stand,0.20040,-0.49524,-0.00582,0.99000,-0.20070,-0.49855,-0.00812,0.99000,0.22429,-0.20157,0.00062,0.99000,-0.22645,-0.20708,0.00094,0.99000,0.21852,0.06693,-0.00089,0.99000,-0.21919,0.07034,0.00036,0.99000,0.12844,0.00398,0.00290,0.99000,-0.11700,0.00014,-0.00019,0.99000,0.12608,0.44792,-0.00349,0.99000,-0.12769,0.44480,-0.00188,0.99000,0.11780,0.90445,0.02501,0.99000,-0.12669,0.89447,0.02401,0.99000
5,1.1500,stand,0.20160,-0.50454,-0.00107,0.99000,-0.20196,-0.49709,-0.00777,0.99000,0.23739,-0.20963,-0.00374,0.99000,-0.23177,-0.20282,-0.00124,0.99000,0.22308,0.06487,0.00501,0.99000,-0.22151,0.06680,0.00548,0.99000,0.12057,0.00099,0.00183,0.99000,-0.12129,-0.00199,-0.00002,0.99000,0.13228,0.44689,0.00455,0.99000,-0.12654,0.45202,-0.00368,0.99000,0.13225,0.90773,0.02349,0.99000,-0.12826,0.90228,0.02624,0.99000
5,1.2000,stand,0.20626,-0.49732,0.00218,0.99000,-0.19958,-0.50266,-0.01086,0.99000,0.23117,-0.20369,-0.00429,0.99000,-0.23171,-0.19845,-0.00167,0.99000,0.21528,0.06837,-0.00567,0.99000,-0.20954,0.07407,-0.00262,0.99000,0.12406,-0.00236,-0.00314,0.99000,-0.12379,0.00753,0.00332,0.99000,0.11944,0.45969,-0.00234,0.99000,-0.12570,0.44500,0.00309,0.99000,0.12545,0.89692,0.01799,0.99000,-0.12645,0.89699,0.02086,0.99000
5,1.2500,stand,0.20174,-0.49757,-0.00619,0.99000,-0.19934,-0.50460,-0.00851,0.99000,0.23170,-0.20534,-0.00122,0.99000,-0.23072,-0.20304,-0.00393,0.99000,0.21521,0.07204,-0.00175,0.99000,-0.21837,0.06550,-0.00638,0.99000,0.11838,-0.00377,-0.00708,0.99000,-0.13015,-0.00832,-0.00043,0.99000,0.12370,0.45197,-0.00198,0.99000,-0.12755,0.44656,0.00135,0.99000,0.12046,0.90363,0.01628,0.99000,-0.12987,0.89202,0.02927,0.99000
5,1.3000,stand,0.19889,-0.49625,-0.01034,0.99000,-0.19734,-0.49056,-0.00929,0.99000,0.23020,-0.19522,-0.00880,0.99000,-0.23373,-0.20221,-0.00247,0.99000,0.21694,0.06103,-0.00336,0.99000,-0.22178,0.06945,0.00111,0.99000,0.13011,-0.00388,-0.00379,0.99000,-0.12841,0.00197,0.00035,0.99000,0.12892,0.44095,-0.00923,0.99000,-0.12997,0.44978,-0.00033,0.99000,0.12677,0.90390,0.02695,0.99000,-0.12632,0.89589,0.02764,0.99000
5,1.3500,stand,0.19997,-0.49717,-0.00118,0.99000,-0.20266,-0.49856,0.00119,0.99000,0.22928,-0.20778,-0.00185,0.99000,-0.22982,-0.20118,0.00045,0.99000,0.21581,0.06664,0.00298,0.99000,-0.21592,0.06803,-0.00344,0.99000,0.12076,-0.00063,0.00437,0.99000,-0.11966,-0.00124,0.00456,0.99000,0.12526,0.45615,0.00555,0.99000,-0.12843,0.45053,0.00117,0.99000,0.12403,0.89875,0.01551,0.99000,-0.12538,0.89591,0.02172,0.99000
5,1.4000,stand,0.20615,-0.49879,-0.00744,0.99000,-0.20784,-0.50069,0.00550,0.99000,0.23514,-0.20468,-0.00357,0.99000,-0.23264,-0.21011,0.00123,0.99000,0.22128,0.07240,0.00173,0.99000,-0.21093,0.06677,-0.00167,0.99000,0.12892,0.00534,-0.00301,0.99000,-0.12487,-0.00284,-0.00228,0.99000,0.12014,0.45430,-0.00458,0.99000,-0.12944,0.45400,0.00201,0.99000,0.12395,0.89415,0.02503,0.99000,-0.12926,0.89982,0.02770,0.99000
5,1.4500,stand,0.21023,-0.49987,0.00073,0.99000,-0.19806,-0.49931,0.00284,0.99000,0.22615,-0.20801,0.00061,0.99000,-0.22204,-0.20275,0.00032,0.99000,0.22006,0.07714,0.00620,0.99000,-0.22570,0.06441,0.00693,0.99000,0.13387,0.00322,-0.00505,0.99000,-0.12303,0.00760,-0.00178,0.99000,0.13317,0.44839,0.00490,0.99000,-0.12959,0.44792,0.00423,0.99000,0.12132,0.89943,0.02670,0.99000,-0.12570,0.90014,0.02101,0.99000
5,1.5000,stand,0.20367,-0.50301,0.00183,0.99000,-0.20397,-0.49853,-0.00345,0.99000,0.22262,-0.19602,0.00092,0.99000,-0.23741,-0.19903,-0.00087,0.99000,0.21538,0.06229,0.00464,0.99000,-0.22026,0.07146,-0.00402,0.99000,0.12720,0.00679,-0.00693,0.99000,-0.12306,-0.00106,0.00946,0.99000,0.12475,0.45392,-0.00492,0.99000,-0.12717,0.45526,0.00235,0.99000,0.13140,0.89839,0.01966,0.99000,-0.12196,0.89346,0.02771,0.99000
5,1.5500,stand,0.19817,-0.49655,-0.00177,0.99000,-0.19345,-0.50457,-0.00015,0.99000,0.23371,-0.19616,0.01194,0.99000,-0.22527,-0.19688,-0.00115,0.99000,0.21406,0.06601,0.00219,0.99000,-0.21069,0.06391,0.00621,0.99000,0.12054,-0.00456,-0.00354,0.99000,-0.12621,-0.00031,-0.00388,0.99000,0.13250,0.44955,-0.00446,0.99000,-0.12798,0.44421,0.00547,0.99000,0.12381,0.88652,0.01742,0.99000,-0.12151,0.90525,0.01756,0.99000
5,1.6000,stand,0.19781,-0.49357,0.00117,0.99000,-0.20134,-0.49688,0.00186,0.99000,0.22665,-0.19989,-0.00267,0.99000,-0.22536,-0.20673,-0.00192,0.99000,0.21734,0.06581,-0.00839,0.99000,-0.21937,0.06854,0.00439,0.99000,0.12895,0.00035,0.00127,0.99000,-0.11705,-0.00332,0.00405,0.99000,0.12424,0.44792,0.00259,0.99000,-0.12246,0.44774,-0.00069,0.99000,0.12237,0.89745,0.02332,0.99000,-0.12699,0.90187,0.01807,0.99000
5,1.6500,stand,0.19555,-0.49491,-0.00094,0.99000,-0.20105,-0.50219,-0.00251,0.99000,0.22341,-0.20183,0.00172,0.99000,-0.22740,-0.20012,0.00208,0.99000,0.21498,0.07045,0.00988,0.99000,-0.21920,0.06975,-0.00330,0.99000,0.12939,-0.01126,0.00251,0.99000,-0.11955,0.00176,-0.00333,0.99000,0.12818,0.45524,0.00331,0.99000,-0.13184,0.45483,0.00308,0.99000,0.13375,0.90390,0.02542,0.99000,-0.12630,0.89647,0.02061,0.99000
5,1.7000,stand,0.20165,-0.49584,0.00708,0.99000,-0.19492,-0.50313,0.00239,0.99000,0.22964,-0.20124,0.00035,0.99000,-0.23225,-0.20680,-0.00339,0.99000,0.22154,0.06838,-0.00413,0.99000,-0.22285,0.06515,-0.00128,0.99000,0.12159,-0.00107,-0.00191,0.99000,-0.12565,-0.00332,0.00492,0.99000,0.12335,0.45441,-0.00418,0.99000,-0.12178,0.44852,0.00634,0.99000,0.12746,0.90280,0.02933,0.99000,-0.12673,0.89918,0.02071,0.99000
5,1.7500,stand,0.19285,-0.50316,-0.00496,0.99000,-0.20724,-0.49688,-0.00451,0.99000,0.22926,-0.20342,-0.00340,0.99000,-0.23347,-0.20490,-0.00106,0.99000,0.22105,0.06752,0.00454,0.99000,-0.21602,0.07063,-0.00223,0.99000,0.11891,-0.00295,-0.00361,0.99000,-0.12980,-0.00606,0.00748,0.99000,0.12701,0.44724,0.00163,0.99000,-0.12435,0.45739,-0.00827,0.99000,0.13180,0.90234,0.02175,0.99000,-0.13196,0.89448,0.01878,0.99000
5,1.8000,stand,0.20473,-0.50729,0.00677,0.99000,-0.19954,-0.50158,0.00667,0.99000,0.23308,-0.20524,0.00435,0.99000,-0.22678,-0.19717,-0.00374,0.99000,0.22204,0.06811,-0.00157,0.99000,-0.21810,0.07356,-0.00011,0.99000,0.12242,0.00450,0.00320,0.99000,-0.11989,-0.00218,0.00344,0.99000,0.12137,0.45060,0.00434,0.99000,-0.12133,0.45349,0.00092,0.99000,0.12336,0.89449,0.02258,0.99000,-0.12804,0.89845,0.01634,0.99000
5,1.8500,stand,0.20576,-0.49649,0.00885,0.99000,-0.19194,-0.49925,0.00666,0.99000,0.22902,-0.20096,0.00197,0.99000,-0.22510,-0.19862,0.00978,0.99000,0.22241,0.06843,-0.00189,0.99000,-0.22050,0.06225,0.00245,0.99000,0.12169,0.00135,-0.00182,0.99000,-0.12459,-0.00491,0.00090,0.99000,0.12583,0.45423,-0.00243,0.99000,-0.12413,0.44889,-0.00715,0.99000,0.12675,0.90135,0.02052,0.99000,-0.12557,0.90434,0.02127,0.99000
5,1.9000,stand,0.19835,-0.50350,0.01155,0.99000,-0.20343,-0.50316,0.00285,0.99000,0.23315,-0.20532,0.00484,0.99000,-0.22959,-0.19721,-0.00124,0.99000,0.22012,0.06694,-0.00599,0.99000,-0.21079,0.06967,0.00026,0.99000,0.12938,0.00191,-0.00232,0.99000,-0.12770,-0.00664,-0.00753,0.99000,0.12482,0.44886,-0.00239,0.99000,-0.13273,0.45521,-0.00117,0.99000,0.12745,0.90221,0.02676,0.99000,-0.12357,0.89912,0.02568,0.99000
5,1.9500,stand,0.20357,-0.50641,0.00815,0.99000,-0.19596,-0.49854,0.00299,0.99000,0.22983,-0.19995,0.00601,0.99000,-0.23238,-0.20117,0.00063,0.99000,0.22087,0.07664,-0.00119,0.99000,-0.21595,0.07227,-0.00352,0.99000,0.12631,0.00603,0.00534,0.99000,-0.12900,0.00058,-0.00529,0.99000,0.11937,0.44506,0.00782,0.99000,-0.12911,0.44361,0.00234,0.99000,0.13027,0.89787,0.02012,0.99000,-0.13269,0.89994,0.02955,0.99000
5,2.0000,stand,0.19998,-0.49374,0.00886,0.99000,-0.19325,-0.49951,0.00912,0.99000,0.22258,-0.20228,0.00768,0.99000,-0.23126,-0.20272,0.00202,0.99000,0.21905,0.06426,-0.00176,0.99000,-0.22093,0.07532,-0.00263,0.99000,0.13292,-0.00256,-0.00299,0.99000,-0.12874,-0.00349,-0.00272,0.99000,0.12465,0.44696,0.00134,0.99000,-0.12937,0.46087,-0.00129,0.99000,0.12243,0.90192,0.02341,0.99000,-0.12674,0.89815,0.01908,0.99000
5,2.0500,stand,0.20330,-0.49906,0.01472,0.99000,-0.20181,-0.49851,0.00832,0.99000,0.22633,-0.19889,0.00327,0.99000,-0.22521,-0.20356,0.00264,0.99000,0.21677,0.06681,-0.00050,0.99000,-0.22648,0.06975,0.00040,0.99000,0.11542,-0.00445,-0.00806,0.99000,-0.12346,0.00146,-0.00125,0.99000,0.12440,0.44176,-0.00549,0.99000,-0.12660,0.45195,-0.00272,0.99000,0.12739,0.90081,0.02738,0.99000,-0.12654,0.89931,0.01971,0.99000
5,2.1000,stand,0.19394,-0.49895,0.00728,0.99000,-0.20660,-0.49603,0.02085,0.99000,0.23493,-0.19795,0.00755,0.99000,-0.22671,-0.20661,0.00796,0.99000,0.22306,0.06785,-0.01014,0.99000,-0.22274,0.06972,0.00118,0.99000,0.12339,-0.00369,-0.00523,0.99000,-0.11869,0.00243,-0.00209,0.99000,0.12293,0.44915,0.00302,0.99000,-0.12612,0.45282,0.00461,0.99000,0.12298,0.90007,0.01815,0.99000,-0.12506,0.90547,0.02186,0.99000
5,2.1500,stand,0.20232,-0.49828,0.00961,0.99000,-0.20523,-0.50472,0.00970,0.99000,0.23189,-0.20131,0.00786,0.99000,-0.22506,-0.20039,0.00417,0.99000,0.20881,0.06931,-0.00040,0.99000,-0.20881,0.07109,-0.00755,0.99000,0.12892,0.00057,0.00519,0.99000,-0.12976,0.00278,0.00267,0.99000,0.12608,0.45272,0.00370,0.99000,-0.12950,0.44997,0.00288,0.99000,0.12588,0.89759,0.01691,0.99000,-0.12502,0.90053,0.01628,0.99000
5,2.2000,stand,0.19955,-0.50416,0.01353,0.99000,-0.19701,-0.50008,0.01218,0.99000,0.22605,-0.19915,0.00063,0.99000,-0.22796,-0.19898,0.01376,0.99000,0.22643,0.07029,0.00038,0.99000,-0.22011,0.06627,0.00296,0.99000,0.12584,-0.00218,-0.00265,0.99000,-0.12763,0.00177,-0.00193,0.99000,0.12944,0.45550,0.00704,0.99000,-0.12200,0.45191,0.00038,0.99000,0.11879,0.89962,0.02115,0.99000,-0.12487,0.89620,0.02200,0.99000
5,2.2500,stand,0.19749,-0.50170,0.01228,0.99000,-0.20213,-0.50031,0.01268,0.99000,0.23272,-0.20170,0.00829,0.99000,-0.22813,-0.19697,-0.00034,0.99000,0.22303,0.06388,-0.00871,0.99000,-0.21975,0.06905,0.00435,0.99000,0.12889,0.00327,-0.00692,0.99000,-0.12460,-0.00889,-0.00235,0.99000,0.12581,0.45530,0.00021,0.99000,-0.12189,0.45145,-0.00175,0.99000,0.12610,0.89790,0.02452,0.99000,-0.12966,0.90484,0.02384,0.99000
5,2.3000,stand,0.20135,-0.49809,0.00543,0.99000,-0.19243,-0.50384,0.00815,0.99000,0.22261,-0.19211,0.00870,0.99000,-0.23387,-0.20656,0.00018,0.99000,0.21918,0.06801,-0.00024,0.99000,-0.21889,0.06625,-0.00005,0.99000,0.12734,0.00781,-0.00460,0.99000,-0.12039,-0.00248,0.00466,0.99000,0.12043,0.44273,0.00070,0.99000,-0.12328,0.45000,-0.00049,0.99000,0.11872,0.89302,0.01719,0.99000,-0.12546,0.89894,0.02786,0.99000
5,2.3500,stand,0.19531,-0.49959,0.01121,0.99000,-0.20302,-0.49174,0.00344,0.99000,0.23636,-0.20531,0.00332,0.99000,-0.22120,-0.19744,0.00258,0.99000,0.21740,0.06708,-0.00602,0.99000,-0.22008,0.06956,0.00019,0.99000,0.12772,0.00674,-0.00581,0.99000,-0.12993,-0.00158,-0.00497,0.99000,0.12045,0.45506,-0.00328,0.99000,-0.11980,0.45064,-0.00068,0.99000,0.12120,0.90265,0.02977,0.99000,-0.12513,0.90155,0.01394,0.99000
5,2.4000,stand,0.19237,-0.50070,0.00783,0.99000,-0.19842,-0.50337,0.00756,0.99000,0.23260,-0.20141,-0.00043,0.99000,-0.23569,-0.19739,0.00620,0.99000,0.21813,0.06218,0.00022,0.99000,-0.22244,0.07223,0.00183,0.99000,0.12006,0.00451,0.00066,0.99000,-0.12651,0.00040,-0.00130,0.99000,0.12755,0.44693,0.00652,0.99000,-0.12532,0.44763,0.00169,0.99000,0.12637,0.89780,0.02450,0.99000,-0.13195,0.90399,0.01605,0.99000
5,2.4500,stand,0.20248,-0.49883,0.00615,0.99000,-0.19140,-0.50107,0.00625,0.99000,0.22784,-0.20599,0.00543,0.99000,-0.22965,-0.20576,0.00557,0.99000,0.21596,0.06969,0.00075,0.99000,-0.21658,0.07071,-0.00308,0.99000,0.12515,-0.00380,0.00605,0.99000,-0.11939,0.00120,0.00333,0.99000,0.12672,0.44690,0.00146,0.99000,-0.12634,0.45208,-0.00774,0.99000,0.12290,0.89894,0.02567,0.99000,-0.12529,0.89950,0.01324,0.99000
5,2.5000,stand,0.20068,-0.49128,0.00781,0.99000,-0.19671,-0.50347,0.01465,0.99000,0.22595,-0.20026,0.00862,0.99000,-0.23336,-0.19604,-0.00116,0.99000,0.21883,0.06539,-0.00335,0.99000,-0.22007,0.07240,0.00494,0.99000,0.12313,-0.00515,0.00082,0.99000,-0.12335,0.00413,-0.00173,0.99000,0.12937,0.45606,0.00823,0.99000,-0.12426,0.44280,-0.00030,0.99000,0.12214,0.90681,0.02209,0.99000,-0.12553,0.89251,0.02798,0.99000
5,2.5500,stand,0.20471,-0.50376,0.00313,0.99000,-0.19989,-0.49996,-0.00090,0.99000,0.23844,-0.20533,0.00403,0.99000,-0.22960,-0.19942,0.00481,0.99000,0.21618,0.07117,-0.00300,0.99000,-0.21687,0.06136,0.00139,0.99000,0.12975,0.00652,0.00311,0.99000,-0.12595,0.00049,-0.00041,0.99000,0.12734,0.44285,-0.00417,0.99000,-0.13063,0.44852,0.00114,0.99000,0.12786,0.90162,0.02476,0.99000,-0.12076,0.90211,0.02412,0.99000
5,2.6000,stand,0.19603,-0.50235,0.01301,0.99000,-0.19873,-0.50317,0.01229,0.99000,0.22846,-0.20163,0.00055,0.99000,-0.23086,-0.19663,0.00258,0.99000,0.22078,0.07018,0.00114,0.99000,-0.22609,0.06440,-0.00743,0.99000,0.12053,-0.00107,-0.00320,0.99000,-0.12605,0.00634,-0.00090,0.99000,0.12487,0.44984,0.00034,0.99000,-0.12412,0.45454,0.00167,0.99000,0.13129,0.90561,0.02539,0.99000,-0.13418,0.89959,0.02271,0.99000
5,2.6500,stand,0.20234,-0.49752,0.01438,0.99000,-0.19769,-0.50410,0.01617,0.99000,0.22458,-0.20307,0.00183,0.99000,-0.23180,-0.19992,0.00941,0.99000,0.21536,0.07259,-0.00963,0.99000,-0.21679,0.07511,-0.00383,0.99000,0.12357,0.00404,-0.00033,0.99000,-0.11411,0.00043,-0.00517,0.99000,0.12052,0.45374,-0.00055,0.99000,-0.12456,0.44785,0.00486,0.99000,0.12429,0.89685,0.01975,0.99000,-0.12724,0.90940,0.02414,0.99000
5,2.7000,stand,0.18905,-0.50305,0.00531,0.99000,-0.19634,-0.50756,0.00839,0.99000,0.23217,-0.20137,-0.00067,0.99000,-0.23611,-0.19775,0.00517,0.99000,0.21575,0.06399,-0.00026,0.99000,-0.22381,0.06583,0.00579,0.99000,0.12587,-0.00665,0.00332,0.99000,-0.12506,-0.00215,0.00737,0.99000,0.13076,0.44831,-0.00413,0.99000,-0.12920,0.45155,-0.00157,0.99000,0.12744,0.89484,0.01951,0.99000,-0.12583,0.89926,0.02781,0.99000
5,2.7500,stand,0.20985,-0.50195,0.00788,0.99000,-0.19919,-0.50261,0.00540,0.99000,0.22843,-0.20694,0.00499,0.99000,-0.22546,-0.20054,0.00126,0.99000,0.22289,0.06813,0.00222,0.99000,-0.21494,0.07306,-0.00547,0.99000,0.12627,-0.00322,0.00470,0.99000,-0.12289,0.00114,0.00435,0.99000,0.12480,0.44730,0.00658,0.99000,-0.12674,0.44701,-0.00592,0.99000,0.12346,0.89894,0.02021,0.99000,-0.12555,0.90149,0.01812,0.99000
5,2.8000,stand,0.20265,-0.49430,0.00338,0.99000,-0.19506,-0.49734,0.00504,0.99000,0.23264,-0.20262,-0.00056,0.99000,-0.23630,-0.19789,0.00339,0.99000,0.22238,0.06908,-0.00231,0.99000,-0.21315,0.06867,-0.00418,0.99000,0.12891,-0.00047,0.00566,0.99000,-0.12754,0.00248,-0.00399,0.99000,0.11338,0.45369,-0.00338,0.99000,-0.12758,0.45077,0.00090,0.99000,0.12448,0.89833,0.02201,0.99000,-0.12921,0.90411,0.01454,0.99000
5,2.8500,stand,0.19894,-0.50466,0.00157,0.99000,-0.20148,-0.49760,-0.00088,0.99000,0.23786,-0.20131,0.00086,0.99000,-0.22560,-0.19459,0.00534,0.99000,0.21749,0.06331,-0.00462,0.99000,-0.21687,0.06478,-0.00039,0.99000,0.12657,-0.00329,0.00003,0.99000,-0.12163,0.00010,-0.00349,0.99000,0.12920,0.45375,-0.00271,0.99000,-0.13049,0.45376,-0.00129,0.99000,0.12125,0.90319,0.02445,0.99000,-0.12364,0.90307,0.02028,0.99000
5,2.9000,stand,0.19946,-0.49976,0.01354,0.99000,-0.19670,-0.49551,0.00933,0.99000,0.23105,-0.20248,0.00136,0.99000,-0.23098,-0.21044,-0.00200,0.99000,0.21739,0.07514,-0.00480,0.99000,-0.21970,0.06892,0.00234,0.99000,0.12730,0.00441,-0.00341,0.99000,-0.13018,-0.00654,-0.00304,0.99000,0.12030,0.45018,0.00290,0.99000,-0.12745,0.44943,-0.00040,0.99000,0.12735,0.89826,0.01706,0.99000,-0.12426,0.89420,0.01618,0.99000
5,2.9500,stand,0.19626,-0.49910,0.01173,0.99000,-0.19576,-0.49541,0.00225,0.99000,0.23533,-0.20488,0.00691,0.99000,-0.23166,-0.20216,0.00487,0.99000,0.21859,0.07057,0.00235,0.99000,-0.21745,0.06787,-0.00347,0.99000,0.12639,-0.00576,0.00008,0.99000,-0.12495,0.00679,0.00081,0.99000,0.12465,0.45796,0.00052,0.99000,-0.13011,0.45632,-0.00053,0.99000,0.12960,0.90460,0.01834,0.99000,-0.11988,0.90192,0.02097,0.99000
5,3.0000,stand,0.20553,-0.49985,-0.00243,0.99000,-0.19682,-0.50153,0.00250,0.99000,0.23029,-0.20090,0.00025,0.99000,-0.22389,-0.20558,0.00130,0.99000,0.22177,0.06844,0.00279,0.99000,-0.21481,0.07382,0.00408,0.99000,0.12279,-0.00033,0.00134,0.99000,-0.13618,-0.00414,0.00039,0.99000,0.12680,0.43985,-0.00666,0.99000,-0.12734,0.44844,0.00520,0.99000,0.12542,0.90236,0.02281,0.99000,-0.12120,0.89831,0.01781,0.99000
5,3.0500,stand,0.20075,-0.49532,0.00189,0.99000,-0.19709,-0.50300,0.00424,0.99000,0.23399,-0.20063,-0.00505,0.99000,-0.22473,-0.20926,-0.00066,0.99000,0.21906,0.07041,-0.00035,0.99000,-0.21698,0.06101,-0.00699,0.99000,0.12536,0.00375,-0.00505,0.99000,-0.12818,0.00847,-0.00292,0.99000,0.12567,0.44961,-0.00424,0.99000,-0.12039,0.44948,-0.00741,0.99000,0.12261,0.89360,0.01331,0.99000,-0.12664,0.89678,0.02032,0.99000
5,3.1000,stand,0.19759,-0.50186,0.00225,0.99000,-0.20007,-0.50031,0.01111,0.99000,0.22880,-0.20166,0.00135,0.99000,-0.23311,-0.19886,-0.00461,0.99000,0.22296,0.06185,-0.00604,0.99000,-0.22123,0.06853,-0.00161,0.99000,0.12764,0.00139,-0.00166,0.99000,-0.12545,-0.00491,0.00030,0.99000,0.11898,0.44765,0.00224,0.99000,-0.12047,0.45247,0.00270,0.99000,0.12788,0.89847,0.02089,0.99000,-0.12373,0.89455,0.01926,0.99000
5,3.1500,stand,0.19944,-0.49487,0.00661,0.99000,-0.20398,-0.49325,0.00484,0.99000,0.23102,-0.19715,-0.00240,0.99000,-0.22619,-0.20192,0.00677,0.99000,0.22112,0.06685,-0.00195,0.99000,-0.22303,0.06539,0.00008,0.99000,0.12340,-0.00768,0.00220,0.99000,-0.12908,-0.00151,-0.00376,0.99000,0.12878,0.44998,0.00616,0.99000,-0.12355,0.44993,0.00340,0.99000,0.12705,0.90577,0.02617,0.99000,-0.12739,0.90223,0.03089,0.99000
5,3.2000,stand,0.19153,-0.50260,0.00125,0.99000,-0.20420,-0.50282,-0.00003,0.99000,0.23427,-0.20319,-0.00223,0.99000,-0.23620,-0.20237,0.00090,0.99000,0.21456,0.06791,0.00285,0.99000,-0.21256,0.06652,0.00055,0.99000,0.11765,0.00120,-0.00038,0.99000,-0.13096,-0.00281,0.00118,0.99000,0.13004,0.46059,0.00185,0.99000,-0.12762,0.44739,0.00415,0.99000,0.12494,0.89800,0.02410,0.99000,-0.12427,0.89988,0.02288,0.99000
5,3.2500,stand,0.19817,-0.50074,-0.00341,0.99000,-0.19970,-0.50588,-0.00045,0.99000,0.22913,-0.20388,-0.00393,0.99000,-0.22955,-0.20732,-0.00289,0.99000,0.21483,0.07326,0.00423,0.99000,-0.22259,0.06831,-0.00754,0.99000,0.12437,0.00314,-0.00847,0.99000,-0.12522,-0.00388,-0.00105,0.99000,0.12809,0.44989,0.00488,0.99000,-0.13056,0.44493,-0.00171,0.99000,0.12655,0.88773,0.01861,0.99000,-0.12692,0.90153,0.02561,0.99000
5,3.3000,stand,0.19731,-0.50368,-0.00301,0.99000,-0.20409,-0.50532,0.00028,0.99000,0.23568,-0.20682,-0.00347,0.99000,-0.22822,-0.20080,0.00245,0.99000,0.21498,0.06918,0.00894,0.99000,-0.21511,0.07419,-0.00588,0.99000,0.12688,0.00532,-0.00378,0.99000,-0.12762,-0.00344,-0.00047,0.99000,0.12621,0.44095,0.00143,0.99000,-0.13128,0.45602,-0.00153,0.99000,0.13033,0.90330,0.02276,0.99000,-0.12281,0.89649,0.02630,0.99000
5,3.3500,stand,0.20223,-0.50692,-0.00445,0.99000,-0.19731,-0.49965,-0.00045,0.99000,0.23444,-0.20513,-0.00435,0.99000,-0.23092,-0.20541,0.00461,0.99000,0.22282,0.07271,-0.00007,0.99000,-0.21740,0.07296,-0.00872,0.99000,0.12516,-0.00597,0.00167,0.99000,-0.12071,0.00599,0.01096,0.99000,0.12312,0.45010,0.00148,0.99000,-0.13246,0.45745,0.00396,0.99000,0.12262,0.90836,0.02279,0.99000,-0.12581,0.89061,0.03303,0.99000
5,3.4000,stand,0.20127,-0.49653,-0.00452,0.99000,-0.19930,-0.49790,-0.00408,0.99000,0.23233,-0.19508,0.00126,0.99000,-0.22843,-0.19591,-0.00109,0.99000,0.21776,0.06590,-0.00259,0.99000,-0.21827,0.06505,0.00233,0.99000,0.12928,0.00959,-0.00010,0.99000,-0.12285,0.00687,0.00118,0.99000,0.12764,0.44689,-0.00274,0.99000,-0.12236,0.45171,-0.00390,0.99000,0.11621,0.89927,0.02028,0.99000,-0.12238,0.90495,0.01942,0.99000
5,3.4500,stand,0.19927,-0.49596,-0.00927,0.99000,-0.19785,-0.50072,-0.00420,0.99000,0.23097,-0.19588,-0.00066,0.99000,-0.23004,-0.20290,0.00345,0.99000,0.21725,0.07155,-0.00319,0.99000,-0.22033,0.06754,0.00189,0.99000,0.13239,-0.00160,-0.00146,0.99000,-0.12661,-0.00562,-0.00615,0.99000,0.12890,0.44403,0.00057,0.99000,-0.12499,0.44685,0.00088,0.99000,0.12701,0.90358,0.02046,0.99000,-0.12363,0.89002,0.02499,0.99000
5,3.5000,stand,0.20836,-0.50390,-0.00051,0.99000,-0.20253,-0.49224,-0.00136,0.99000,0.23187,-0.21024,0.00192,0.99000,-0.23025,-0.20276,-0.00983,0.99000,0.22326,0.06887,0.00233,0.99000,-0.21662,0.06900,-0.00402,0.99000,0.12679,-0.00978,0.00022,0.99000,-0.13234,0.00110,0.00241,0.99000,0.13053,0.45127,-0.00157,0.99000,-0.12454,0.45707,0.00002,0.99000,0.12520,0.89742,0.01991,0.99000,-0.12764,0.89528,0.02663,0.99000
